# Blender 4.5.3 LTS
# www.blender.org
mtllib level.mtl
o enemy_hall
v 8.246526 10.844208 -15.647448 0.2663 0.1556 0.1658
v 8.871526 10.844208 -15.647400 0.3019 0.1786 0.1864
v 8.871526 10.281700 -15.647448 0.2513 0.1400 0.1589
v 8.246526 10.281700 -15.647400 0.2207 0.1204 0.1267
v 8.820745 10.281700 -15.647400 0.1787 0.1086 0.1121
v 8.508245 10.281708 -15.772400 0.4714 0.3728 0.1224
v 8.820745 10.540977 -14.584948 0.5145 0.2572 0.2589
v 9.070745 10.719217 -13.897448 0.3207 0.1527 0.1539
v 8.258245 10.281717 -15.584948 0.2582 0.1386 0.1402
v 8.695745 10.540977 -14.584948 0.5589 0.2750 0.2790
v 8.508245 10.281717 -15.584948 0.4400 0.3272 0.1628
v 8.633245 10.281709 -15.584948 0.4663 0.3415 0.1781
v 8.695745 10.719201 -13.709948 0.4650 0.2240 0.2466
v 8.820745 10.719209 -13.709948 0.4830 0.2409 0.2660
v 8.820745 10.719209 -13.772448 0.4283 0.2063 0.2329
v 8.445745 10.719209 -13.772448 0.2631 0.1147 0.1233
v 8.445745 10.719209 -13.897448 0.3554 0.1771 0.1848
v 8.445745 10.540977 -14.584948 0.3752 0.1969 0.2034
v 8.695745 10.719209 -13.897448 0.5904 0.2709 0.2919
v 8.820745 10.719209 -13.897448 0.5115 0.2408 0.2610
v 8.570745 10.719201 -13.709948 0.4781 0.2463 0.2761
v 8.695745 10.719209 -13.772448 0.4160 0.2042 0.2332
v 8.445745 11.219217 -13.897448 0.3107 0.1401 0.1548
v 9.070745 11.219217 -13.897448 0.2950 0.1384 0.1322
v 9.070745 11.056602 -14.584948 0.3509 0.1722 0.1856
v 8.570745 11.031709 -13.709900 0.4727 0.2366 0.2677
v 8.945745 11.031709 -13.709900 0.4737 0.2387 0.2697
v 8.445745 11.057172 -14.584948 0.3748 0.1891 0.1991
v 8.945745 10.719201 -13.709948 0.4960 0.2425 0.2665
v 8.320745 10.781709 -15.584948 0.2993 0.1768 0.1650
v 8.320745 10.781700 -15.772448 0.4787 0.3918 0.0192
v 8.820745 10.781709 -15.584948 0.3247 0.1855 0.1962
v 8.820745 10.719209 -15.584948 0.3218 0.1886 0.1965
v 8.820745 10.781700 -15.772448 0.4874 0.3992 0.0224
v 8.570745 10.719201 -13.772448 0.4100 0.2039 0.2242
v 8.758245 10.281708 -15.772400 0.4654 0.3711 0.0939
v 8.758245 10.281709 -15.584948 0.3990 0.2716 0.1762
v 8.758245 10.719209 -15.584948 0.3883 0.2526 0.1825
v 8.758245 10.719209 -15.772448 0.4808 0.3839 0.0874
v 8.820745 10.281709 -15.584948 0.2882 0.1597 0.1722
v 8.820740 10.281709 -15.772448 0.4902 0.4010 0.0194
v 8.820745 10.719209 -15.772448 0.5566 0.4569 0.0260
v 9.070745 10.540977 -14.584948 0.3683 0.1875 0.1986
v 8.320740 10.281700 -15.772448 0.4682 0.3830 0.0142
v 8.320745 10.281709 -15.584948 0.2518 0.1377 0.1309
v 8.320745 10.719209 -15.584948 0.2951 0.1620 0.1655
v 8.320745 10.719209 -15.772448 0.5061 0.4148 0.0194
v 8.383245 10.719209 -15.584948 0.3947 0.2710 0.1757
v 8.383245 10.281709 -15.584948 0.3893 0.2718 0.1682
v 8.383245 10.281709 -15.772448 0.4612 0.3681 0.0916
v 8.383245 10.719209 -15.772448 0.4666 0.3690 0.0916
v 8.883245 10.281700 -15.584948 0.3008 0.1734 0.1810
v 8.633245 10.281708 -15.772400 0.4101 0.3142 0.1273
v 8.820745 10.781701 -15.647400 0.2311 0.1303 0.1375
v 8.320745 10.781701 -15.647400 0.1971 0.1178 0.1222
v 8.320745 10.281701 -15.647400 0.1744 0.1071 0.0843
v 8.320745 10.719200 -15.647400 0.1509 0.0958 0.1182
v 8.820745 10.719201 -15.647400 0.1981 0.1452 0.1665
v 9.070745 11.165012 -14.126614 0.3578 0.1681 0.1695
v 9.070745 11.110806 -14.355781 0.3573 0.1739 0.1831
v 8.445745 11.165202 -14.126614 0.3422 0.1674 0.1658
v 8.445745 11.111187 -14.355781 0.3615 0.1748 0.1844
v 8.820745 10.659798 -14.126614 0.4047 0.1950 0.2014
v 8.820745 10.600388 -14.355781 0.4183 0.2072 0.2167
v 8.445745 10.659798 -14.126614 0.3484 0.1687 0.1753
v 8.445745 10.600388 -14.355781 0.3640 0.1787 0.1858
v 8.695745 10.659798 -14.126614 0.4307 0.2013 0.2158
v 8.695745 10.600388 -14.355781 0.4400 0.2207 0.2214
v 9.070745 10.659803 -14.126614 0.3365 0.1597 0.1711
v 9.070745 10.600390 -14.355781 0.3498 0.1739 0.1648
v 8.256379 10.854741 -15.594897 0.2733 0.1514 0.1576
v 8.880439 10.853710 -15.599868 0.3197 0.1856 0.1923
v 8.303720 10.905349 -15.342410 0.3371 0.1939 0.2072
v 8.351062 10.955956 -15.089922 0.3811 0.2328 0.2377
v 8.398403 11.006564 -14.837435 0.3653 0.2062 0.2180
v 8.398870 10.476162 -14.834948 0.3891 0.2315 0.2262
v 8.351995 10.411347 -15.084948 0.4080 0.2631 0.2264
v 8.305120 10.346533 -15.334948 0.3827 0.2480 0.1752
v 9.023168 11.005878 -14.838677 0.3446 0.1772 0.1934
v 8.975592 10.955156 -15.092407 0.3678 0.2022 0.2189
v 8.928015 10.904433 -15.346138 0.3526 0.2142 0.2183
v 8.648870 10.476162 -14.834948 0.5410 0.2908 0.3042
v 8.601995 10.411347 -15.084948 0.6119 0.3409 0.3401
v 8.555120 10.346532 -15.334948 0.5737 0.3350 0.2657
v 8.773870 10.476160 -14.834948 0.5247 0.2828 0.3005
v 8.726995 10.411343 -15.084948 0.5195 0.3034 0.2882
v 8.680120 10.346525 -15.334948 0.5442 0.3199 0.2698
v 9.023870 10.476157 -14.834948 0.3607 0.1977 0.2099
v 8.976995 10.411339 -15.084948 0.3673 0.2222 0.2417
v 8.930120 10.346519 -15.334948 0.3676 0.2192 0.2102
v 8.445745 10.799074 -14.584948 0.3685 0.1844 0.1982
v 8.570745 10.875455 -13.772448 0.4480 0.2295 0.2422
v 8.445745 10.969213 -13.897448 0.3714 0.1891 0.2119
v 8.445745 10.969213 -13.772424 0.3406 0.1745 0.1572
v 8.570745 10.875455 -13.709924 0.5021 0.2585 0.2863
v 8.246526 10.562955 -15.647424 0.2337 0.1338 0.1442
v 8.445745 10.855787 -14.355781 0.3636 0.1759 0.1885
v 8.445745 10.912500 -14.126614 0.3936 0.1815 0.2001
v 8.257312 10.568230 -15.589922 0.2978 0.1734 0.1495
v 8.304420 10.625940 -15.338678 0.3892 0.2502 0.2052
v 8.351528 10.683652 -15.087435 0.4144 0.2707 0.2589
v 8.398636 10.741363 -14.836191 0.4065 0.2221 0.2407
v 9.070745 10.969217 -13.897448 0.3760 0.1704 0.1832
v 8.945745 10.875455 -13.709924 0.4889 0.2297 0.2515
v 8.871526 10.562954 -15.647424 0.2988 0.1743 0.1835
v 9.070745 10.969213 -13.772400 0.3166 0.1620 0.1473
v 9.070745 10.798789 -14.584948 0.4230 0.2265 0.2333
v 9.070745 10.855598 -14.355781 0.3875 0.1917 0.1997
v 9.070745 10.912408 -14.126614 0.3819 0.1902 0.1923
v 8.881842 10.567705 -15.592407 0.3179 0.1875 0.1627
v 8.929068 10.625476 -15.340543 0.4026 0.2462 0.2361
v 8.976293 10.683248 -15.088677 0.4230 0.2504 0.2519
v 9.023519 10.741018 -14.836813 0.4208 0.2416 0.2389
v 8.758245 11.219217 -13.897448 0.3454 0.1656 0.1701
v 8.758245 11.031709 -13.709900 0.5059 0.2476 0.2785
v 8.559026 10.844209 -15.647424 0.2953 0.1686 0.1877
v 8.758245 11.031709 -13.772448 0.4565 0.2240 0.2329
v 8.758245 11.219218 -13.772400 0.3186 0.1764 0.1863
v 8.758245 11.056887 -14.584948 0.4046 0.2004 0.2089
v 8.758245 11.165107 -14.126614 0.3681 0.1715 0.1875
v 8.758245 11.110997 -14.355781 0.3992 0.1844 0.1913
v 8.568409 10.854226 -15.597383 0.3234 0.1857 0.1702
v 8.615868 10.904891 -15.344274 0.4687 0.3039 0.2592
v 8.663326 10.955556 -15.091165 0.4341 0.2762 0.2696
v 8.710786 11.006222 -14.838057 0.4140 0.2066 0.2168
v 9.070745 10.719209 -13.772400 0.2852 0.1266 0.1410
v 8.945745 11.031709 -13.772448 0.3789 0.1793 0.1848
v 8.570745 11.031709 -13.772448 0.3870 0.1927 0.1965
v 8.945745 10.719201 -13.772448 0.3998 0.1806 0.1993
v 9.070745 11.219218 -13.772400 0.2845 0.1374 0.1439
v 8.445745 11.219218 -13.772400 0.2672 0.1235 0.1264
v 8.945745 10.875455 -13.772448 0.4110 0.1924 0.2108
v 9.070745 11.031736 -13.772400 0.3304 0.1551 0.1680
v 8.445745 11.031746 -13.772418 0.3224 0.1568 0.1534
v 8.445745 10.875479 -13.772432 0.3429 0.1683 0.1570
v 9.070745 10.875463 -13.772400 0.3165 0.1581 0.1660
v 8.945757 11.219218 -13.772400 0.3052 0.1694 0.1910
v 8.570701 11.219218 -13.772400 0.3132 0.1673 0.1497
vn -0.0003 0.0004 1.0000
vn -0.0001 -0.0000 1.0000
vn -0.0000 -0.0000 1.0000
vn 0.0001 -0.0000 1.0000
vn 0.0009 -0.0000 1.0000
vn -0.0004 0.0003 1.0000
vn -0.0000 0.9680 -0.2510
vn -1.0000 -0.0000 -0.0000
vn 0.0004 -0.0000 -1.0000
vn 0.0002 0.0001 -1.0000
vn 0.0003 0.0001 -1.0000
vn 1.0000 -0.0000 -0.0000
vn -0.0000 -0.0000 -1.0000
vn -0.0000 -1.0000 -0.0000
vn -0.0000 0.9920 -0.1265
vn 0.0001 1.0000 -0.0000
vn -0.0000 1.0000 -0.0000
vn -0.0000 1.0000 0.0001
vn -0.0007 -0.9770 0.2132
vn -0.0008 -0.9768 0.2142
vn -0.0006 -0.9732 0.2300
vn -0.0006 -0.9732 0.2298
vn -0.0000 1.0000 -0.0001
vn -0.0001 0.0002 -1.0000
vn -0.0001 0.0001 -1.0000
vn -0.0000 0.0003 -1.0000
vn -0.9957 -0.0000 0.0925
vn -0.9942 -0.0000 0.1074
vn -0.0003 -0.9732 0.2298
vn -0.0003 -0.9732 0.2300
vn -0.0001 -0.9933 0.1158
vn -0.0001 -0.9933 0.1157
vn 0.9829 -0.0000 -0.1843
vn 0.9829 -0.0000 -0.1844
vn -0.0003 -0.9805 0.1964
vn -0.0001 -0.9805 0.1964
vn -0.0001 -0.9805 0.1963
vn -0.0003 -0.9805 0.1963
vn 0.0001 1.0000 -0.0002
vn -0.9829 -0.0000 0.1843
vn 0.9942 -0.0000 -0.1074
vn 0.9957 -0.0000 -0.0925
vn -0.0001 -0.0000 -1.0000
vn -0.0007 -0.9805 0.1965
vn -0.0005 -0.9805 0.1965
vn -0.0005 -0.9805 0.1964
vn -0.0007 -0.9805 0.1964
vn -0.0008 -0.9772 0.2122
vn -0.0007 -0.9805 0.1963
vn 0.9968 -0.0000 -0.0801
vn -0.0001 -0.9806 0.1962
vn -0.0003 -0.9806 0.1962
vn -0.0005 -0.9806 0.1962
vn -0.9968 -0.0000 0.0801
vn 0.0001 1.0000 -0.0001
vn 0.0001 0.0002 -1.0000
vn -0.0000 -0.9805 0.1963
vn -0.0000 -0.9805 0.1964
vn -0.0000 -0.9806 0.1962
vn -0.0003 -0.9733 0.2296
vn -0.0001 -0.9933 0.1156
vn -0.0004 -0.0001 -1.0000
vn -0.0006 -0.9733 0.2296
vt 0.437500 0.000000
vt 0.562500 1.000000
vt 0.437500 1.000000
vt 0.562500 0.000000
vt 1.000000 1.000000
vt 0.000000 1.000000
vt 0.000000 0.000000
vt 1.000000 0.000000
vt 0.500000 0.500000
vt 0.000000 0.500000
vt 0.500000 0.000000
vt 1.000000 1.000000
vt 0.000000 1.000000
vt 0.000000 0.000000
vt 0.000000 1.000000
s 1
usemtl soft_ground
f 64/5/7 70/6/7 43/7/7 7/8/7
f 130/6/8 24/7/8 103/8/8 106/5/8
f 77/5/7 83/6/7 84/7/7 78/8/7
f 93/6/12 94/7/12 16/8/12 17/5/12
f 47/5/13 51/6/13 50/7/13 44/8/13
f 117/6/14 115/7/14 26/8/14 128/5/14
f 50/6/12 51/7/12 48/8/12 49/5/12
f 29/6/16 129/7/16 15/8/17 14/5/17
f 119/5/19 25/6/20 60/7/21 121/8/22
f 33/6/3 32/7/3 30/8/3 46/5/3
f 132/6/8 129/7/8 29/8/8 104/5/8
f 32/6/23 54/7/23 55/8/23 30/5/23
f 127/6/14 27/7/14 115/8/14 117/5/14
f 51/6/14 39/7/14 38/8/14 48/5/14
f 40/6/3 33/7/3 38/8/3 37/5/3
f 41/5/12 42/6/12 58/7/12 5/8/12
f 44/6/8 56/7/8 57/8/8 47/5/8
f 54/6/17 34/7/17 31/8/17 55/5/17
f 15/5/17 126/6/17 8/7/15 20/8/15
f 49/6/3 48/7/3 46/8/3 45/5/3
f 60/6/8 108/7/8 109/8/8 59/5/8
f 67/6/7 68/7/7 66/8/7 65/5/7
f 127/6/8 132/7/8 104/8/8 27/5/8
f 22/6/17 19/7/15 17/8/15 16/5/17
f 107/6/27 43/7/28 70/8/8 108/5/8
f 120/5/29 59/6/30 24/7/31 114/8/32
f 23/6/12 131/7/12 94/8/12 93/5/12
f 106/6/8 103/7/8 8/8/8 126/5/8
f 1/5/33 71/6/33 99/7/33 96/8/34
f 33/6/12 58/7/12 54/8/12 32/5/12
f 55/5/8 57/6/8 46/7/8 30/8/8
f 55/5/8 31/6/8 47/7/8 57/8/8
f 45/5/8 46/6/8 57/7/8 56/8/8
f 73/5/35 71/6/36 122/7/37 123/8/38
f 9/5/39 45/6/39 56/7/39 4/8/39
f 2/5/40 105/6/40 110/7/40 72/8/40
f 65/5/12 66/6/12 97/7/12 98/8/12
f 17/5/12 65/6/12 98/7/12 93/8/12
f 59/6/8 109/7/8 103/8/8 24/5/8
f 66/5/12 18/6/41 91/7/42 97/8/12
f 121/5/22 60/6/21 59/7/30 120/8/29
f 37/6/17 36/7/17 53/8/17 12/5/15
f 68/6/7 10/7/7 18/8/7 66/5/7
f 19/6/15 67/7/7 65/8/7 17/5/15
f 63/5/7 69/6/7 70/7/7 64/8/7
f 20/5/15 8/6/15 69/7/7 63/8/7
f 75/5/44 74/6/45 124/7/46 125/8/47
f 98/5/12 97/6/12 62/7/12 61/8/12
f 28/5/48 75/6/44 125/7/47 119/8/19
f 119/5/19 125/6/47 79/7/49 25/8/20
f 91/5/42 102/6/33 75/7/33 28/8/50
f 81/6/40 111/7/40 112/8/40 80/5/40
f 100/5/33 99/6/33 71/7/33 73/8/33
f 123/5/38 122/6/37 72/7/51 81/8/52
f 124/5/46 123/6/38 81/7/52 80/8/53
f 125/5/47 124/6/46 80/7/53 79/8/49
f 52/6/7 12/7/15 87/8/7 90/5/7
f 76/5/7 82/6/7 83/7/7 77/8/7
f 88/6/7 85/7/7 7/8/7 43/5/7
f 77/5/33 78/6/33 100/7/33 101/8/33
f 112/6/40 89/7/40 88/8/40 113/5/40
f 113/6/40 88/7/40 43/8/28 107/5/27
f 18/5/7 10/6/7 82/7/7 76/8/7
f 89/6/7 86/7/7 85/8/7 88/5/7
f 78/5/7 84/6/7 11/7/15 9/8/7
f 90/6/7 87/7/7 86/8/7 89/5/7
f 79/6/40 113/7/40 107/8/27 25/5/54
f 113/8/40 79/5/40 80/6/40 112/7/40
f 101/5/33 100/6/33 73/7/33 74/8/33
f 110/6/40 52/7/40 90/8/40 111/5/40
f 97/5/12 91/6/42 28/7/50 62/8/12
f 93/5/12 98/6/12 61/7/12 23/8/12
f 40/5/55 52/6/55 3/7/55 5/8/55
f 38/5/8 39/6/8 36/7/8 37/8/8
f 25/6/54 107/7/27 108/8/8 60/5/8
f 21/5/12 35/6/12 92/7/12 95/8/12
f 76/5/33 77/6/33 101/7/33 102/8/33
f 78/5/33 9/6/33 99/7/33 100/8/33
f 111/6/40 90/7/40 89/8/40 112/5/40
f 18/5/41 76/6/33 102/7/33 91/8/42
f 109/6/8 69/7/8 8/8/8 103/5/8
f 96/5/34 99/6/33 9/7/33 4/8/34
f 108/6/8 70/7/8 69/8/8 109/5/8
f 95/5/12 92/6/12 128/7/12 26/8/12
f 116/5/57 122/6/37 71/7/36 1/8/58
f 74/5/45 73/6/35 123/7/38 124/8/46
f 72/6/40 110/7/40 111/8/40 81/5/40
f 2/5/59 72/6/51 122/7/37 116/8/57
f 61/5/60 120/6/29 114/7/32 23/8/61
f 34/6/13 42/7/13 47/8/13 31/5/13
f 131/6/14 23/7/61 114/8/32 118/5/14
f 105/5/40 3/6/40 52/7/40 110/8/40
f 39/5/62 42/6/62 41/7/62 36/8/62
f 54/5/12 58/6/12 42/7/12 34/8/12
f 6/6/17 50/7/17 49/8/17 11/5/15
f 58/6/12 33/7/12 40/8/12 5/5/12
f 102/5/33 101/6/33 74/7/33 75/8/33
f 13/6/18 22/7/17 35/8/18 21/5/18
f 62/5/63 121/6/22 120/7/29 61/8/60
f 28/5/48 119/6/19 121/7/22 62/8/63
f 118/6/14 114/7/32 24/8/31 130/5/14
usemtl red_line
f 85/8/7 82/12/7 10/13/7 7/14/7
f 20/5/15 63/15/7 67/14/7 19/8/15
f 14/5/17 15/15/17 22/14/17 13/8/18
f 67/8/7 63/5/7 64/15/7 68/14/7
f 15/5/17 20/15/15 19/14/15 22/8/17
f 12/5/15 53/15/17 6/14/17 11/8/15
f 68/8/7 64/5/7 7/15/7 10/14/7
f 87/8/7 84/12/7 83/13/7 86/14/7
f 86/8/7 83/12/7 82/13/7 85/14/7
f 12/8/15 11/12/15 84/13/7 87/14/7
usemtl busy_wall
f 136/9/9 132/10/9 127/7/10 133/11/11
f 138/9/24 128/10/24 134/7/25 131/11/24
f 118/9/26 117/10/26 128/7/24 138/11/24
f 132/10/9 136/7/9 126/11/9 129/9/9
f 135/9/43 134/10/25 128/7/24 92/11/43
f 127/10/10 117/7/26 118/11/26 137/9/56
f 137/9/56 130/10/10 133/7/11 127/11/10
f 16/9/43 135/10/43 92/7/43 35/11/43
usemtl floor
f 55/1/1 4/2/2 56/3/3
f 54/1/4 3/2/5 2/3/3
f 55/4/1 2/3/3 1/1/6
f 55/1/1 1/4/6 4/2/2
f 54/1/4 5/4/5 3/2/5
f 55/4/1 54/2/4 2/3/3
o first_enemies
v 8.320740 10.719200 -12.647400 0.3638 0.1913 0.2231
v 8.320740 11.469200 -12.647400 0.3373 0.1786 0.2120
v 8.320740 10.719200 -13.709900 0.3911 0.2107 0.2476
v 8.320740 11.469200 -13.709900 0.3367 0.1860 0.2228
v 9.383150 10.719200 -12.647400 0.3239 0.1895 0.2313
v 9.383150 11.469200 -12.647400 0.3266 0.1883 0.2281
v 9.383150 10.719200 -13.709900 0.3312 0.1819 0.2180
v 9.383150 11.469200 -13.709900 0.3403 0.1927 0.2314
v 9.383150 10.719208 -13.522448 0.3227 0.1893 0.2309
v 9.383150 11.094200 -13.522400 0.2922 0.1897 0.2368
v 9.383150 10.719208 -13.022448 0.3159 0.1791 0.2174
v 9.383150 11.094200 -13.022400 0.3420 0.2075 0.2527
v 9.383150 11.469200 -13.522400 0.3541 0.2015 0.2417
v 9.383150 11.469200 -13.022400 0.3693 0.2196 0.2646
v 8.320740 11.094200 -12.647400 0.3666 0.1947 0.2260
v 8.320740 11.094200 -13.709900 0.3897 0.2139 0.2539
v 9.383150 11.094200 -13.709900 0.3623 0.2025 0.2434
v 9.383150 10.906700 -13.709900 0.3988 0.2326 0.2795
v 9.383150 10.906700 -12.647400 0.3548 0.2027 0.2440
v 9.383150 10.906704 -13.522424 0.3363 0.1869 0.2255
v 9.383150 10.906704 -13.022424 0.3262 0.2057 0.2533
v 8.320740 10.906700 -12.647400 0.3998 0.2185 0.2550
v 8.320740 11.281700 -12.647400 0.3570 0.1971 0.2359
v 9.383150 11.281700 -13.022400 0.4148 0.2476 0.2965
v 9.383150 11.281700 -13.522400 0.3784 0.2283 0.2776
v 8.320740 11.281700 -13.709900 0.3761 0.2078 0.2467
v 9.383150 11.281700 -13.709900 0.3567 0.2138 0.2603
v 9.383150 11.281700 -12.647400 0.3637 0.2177 0.2643
v 9.383150 11.094200 -13.272400 0.3202 0.2251 0.2807
v 9.383150 11.469200 -13.272400 0.3682 0.2189 0.2659
v 9.383150 11.281700 -13.272400 0.3930 0.2487 0.3044
v 9.383150 11.469234 -12.834900 0.3659 0.2156 0.2598
v 9.383150 11.094234 -12.834900 0.3841 0.2215 0.2671
v 9.383150 10.906736 -12.834900 0.3920 0.2378 0.2869
v 9.383150 11.281734 -12.834900 0.3964 0.2393 0.2885
v 9.133241 10.719200 -13.709900 0.3781 0.2097 0.2507
v 8.945740 10.719200 -13.709900 0.4679 0.2442 0.2800
v 8.570742 10.719200 -13.709900 0.4205 0.2068 0.2360
v 8.570742 11.469200 -13.709900 0.3629 0.2010 0.2393
v 8.745705 11.469200 -13.709900 0.3712 0.1989 0.2338
v 8.945740 11.469200 -13.709900 0.3793 0.2167 0.2598
v 9.133241 11.469200 -13.709900 0.3724 0.2240 0.2727
v 9.133241 10.719200 -12.647400 0.2848 0.1763 0.2175
v 9.133241 11.469200 -12.647400 0.3458 0.1989 0.2393
v 8.958185 11.469200 -12.647400 0.3703 0.2139 0.2559
v 8.745704 11.469200 -12.647400 0.3753 0.2133 0.2546
v 8.570742 11.469200 -12.647400 0.3730 0.1984 0.2341
v 9.133241 11.094200 -12.647400 0.4017 0.2321 0.2765
v 8.745704 11.094200 -12.647400 0.4443 0.2429 0.2827
v 8.570742 11.094200 -13.709900 0.4286 0.2187 0.2537
v 8.745705 11.094200 -13.709900 0.4223 0.2279 0.2690
v 8.945740 11.094200 -13.709900 0.4322 0.2475 0.2942
v 9.133241 11.094200 -13.709900 0.3940 0.2342 0.2827
v 8.570742 10.906700 -13.709900 0.4913 0.2557 0.2951
v 8.945740 10.906700 -13.709900 0.4797 0.2685 0.3139
v 9.133241 10.906700 -13.709900 0.3984 0.2365 0.2834
v 9.133241 10.906700 -12.647400 0.3985 0.2292 0.2718
v 8.570742 10.781683 -12.647400 0.3622 0.1933 0.2262
v 8.570742 10.906700 -12.647400 0.4190 0.2143 0.2476
v 9.133241 11.281700 -12.647400 0.3971 0.2309 0.2774
v 8.958185 11.281700 -12.647400 0.4107 0.2518 0.2865
v 8.745704 11.281700 -12.647400 0.3973 0.2258 0.2683
v 8.570742 11.281700 -12.647400 0.3615 0.1837 0.2144
v 8.570742 11.281700 -13.709900 0.3970 0.2134 0.2503
v 8.745705 11.281700 -13.709900 0.3867 0.2181 0.2614
v 8.945740 11.281700 -13.709900 0.3803 0.2233 0.2685
v 9.133241 11.281700 -13.709900 0.3778 0.2221 0.2673
v 8.320740 10.719200 -13.497400 0.3087 0.1723 0.2080
v 8.320740 10.719200 -13.284901 0.2922 0.1705 0.2084
v 8.320740 10.719234 -12.834900 0.3116 0.1774 0.2118
v 8.320740 11.469234 -12.834900 0.3600 0.1936 0.2298
v 8.320740 11.469200 -13.072399 0.3674 0.1974 0.2332
v 8.320740 11.469200 -13.284900 0.3648 0.1993 0.2351
v 8.320740 11.469200 -13.497400 0.3859 0.2039 0.2406
v 9.383150 10.719234 -12.834900 0.3426 0.1927 0.2327
v 9.383150 10.719200 -13.072399 0.0868 0.0847 0.1101
v 9.383150 10.719200 -13.284900 0.3105 0.2283 0.2650
v 9.383150 10.719200 -13.497400 0.0747 0.0706 0.0969
v 8.320740 11.094234 -12.834900 0.4266 0.2464 0.2956
v 8.320740 11.094200 -13.072399 0.4347 0.2427 0.2885
v 8.320740 11.094200 -13.284900 0.4530 0.2475 0.2910
v 8.320740 11.094200 -13.497400 0.4231 0.2252 0.2640
v 8.320740 11.281734 -12.834900 0.3981 0.2319 0.2796
v 8.320740 11.281700 -13.072399 0.3990 0.2156 0.2557
v 8.320740 11.281700 -13.284900 0.4173 0.2478 0.2925
v 8.320740 11.281700 -13.497400 0.4121 0.2246 0.2640
v 9.133241 11.469200 -13.497400 0.4014 0.2382 0.2868
v 9.133241 11.469200 -13.284901 0.4426 0.2591 0.3094
v 9.133241 11.469200 -13.072400 0.3819 0.2201 0.2643
v 9.133241 11.469234 -12.834900 0.3959 0.2377 0.2878
v 8.945740 11.469200 -13.497400 0.4194 0.2458 0.2913
v 8.945740 11.469200 -13.284901 0.4442 0.2616 0.3123
v 8.945740 11.469200 -13.072400 0.4136 0.2383 0.2844
v 8.945740 11.469234 -12.834900 0.4385 0.2624 0.3047
v 8.745705 11.469200 -13.497400 0.4030 0.2176 0.2524
v 8.745705 11.469200 -13.284901 0.4339 0.2485 0.2892
v 8.745705 11.469200 -13.072400 0.4385 0.2356 0.2713
v 8.745705 11.469234 -12.834900 0.4108 0.2352 0.2793
v 8.570742 11.469200 -13.497400 0.4146 0.2132 0.2489
v 8.570742 11.469200 -13.284901 0.4349 0.2236 0.2595
v 8.570742 11.469200 -13.072400 0.4280 0.2276 0.2637
v 8.570742 11.469234 -12.834900 0.3990 0.2190 0.2537
v 8.570742 10.719200 -13.497400 0.4139 0.2243 0.2623
v 8.570742 10.719200 -13.284901 0.4189 0.2189 0.2497
v 8.570742 10.719200 -13.072400 0.4150 0.2256 0.2646
v 8.958185 10.719200 -13.497400 0.4373 0.2504 0.2949
v 8.958185 10.719200 -13.284901 0.4651 0.2837 0.3365
v 8.958185 10.719200 -13.072400 0.4385 0.2418 0.2835
v 8.958185 10.719234 -12.834900 0.4012 0.2415 0.2896
v 9.133241 10.719200 -13.497400 0.3906 0.2447 0.2930
v 9.133241 10.719200 -13.284901 0.3877 0.2505 0.3009
v 9.133241 10.719200 -13.072400 0.3784 0.2369 0.2830
v 8.633245 11.031708 -12.647448 0.3096 0.1701 0.1977
v 9.070745 10.781708 -12.647448 0.2597 0.1628 0.2025
v 9.070655 11.031789 -12.647400 0.3241 0.2095 0.2573
v 8.958185 11.031773 -12.647400 0.2828 0.1635 0.2011
v 9.070648 10.906700 -12.647400 0.2675 0.1606 0.1964
v 8.570742 11.031763 -12.647400 0.4214 0.2301 0.2599
v 8.745704 11.031767 -12.647400 0.3000 0.1794 0.2202
v 8.633245 11.094200 -12.647400 0.4410 0.2261 0.2599
v 8.633234 10.906700 -12.647400 0.2797 0.1469 0.1768
v 9.133241 10.781642 -12.647400 0.3071 0.1794 0.2192
v 9.133241 11.031794 -12.647400 0.4360 0.2656 0.3202
v 9.070644 11.094200 -12.647400 0.4273 0.2657 0.3085
v 8.633245 10.781708 -12.678698 0.2993 0.1683 0.2028
v 8.633245 11.000458 -12.678698 0.3895 0.2040 0.2356
v 8.633245 11.000458 -12.647448 0.2627 0.1377 0.1602
v 8.633245 11.031708 -12.678698 0.3706 0.1968 0.2296
v 9.070745 11.031708 -12.647448 0.3092 0.1885 0.2302
v 9.070745 11.000458 -12.647448 0.2761 0.1582 0.1914
v 9.070745 11.031708 -12.678698 0.3640 0.2066 0.2477
v 8.570740 10.719208 -12.834948 0.3725 0.1988 0.2331
v 8.633245 10.781708 -12.647448 0.2394 0.1171 0.1378
v 8.633245 10.781708 -12.772448 0.3980 0.2166 0.2544
v 9.133240 10.719208 -12.834900 0.3397 0.2042 0.2449
v 9.070745 10.781708 -12.772448 0.3646 0.2087 0.2519
v 9.039495 11.000458 -12.678698 0.4215 0.2460 0.2920
v 9.070745 11.000458 -12.678698 0.3668 0.2138 0.2553
v 8.664495 10.781708 -12.678700 0.3187 0.1839 0.2243
v 8.664495 11.000458 -12.678698 0.4457 0.2328 0.2655
v 9.039495 10.781708 -12.678699 0.3132 0.1879 0.2247
v 8.570740 10.719208 -12.678700 0.2804 0.1606 0.1938
v 9.133240 10.719208 -12.678700 0.3182 0.1682 0.2015
v 9.070745 10.781708 -12.678700 0.3166 0.1875 0.2277
v 8.851995 11.031708 -12.647448 0.2792 0.1687 0.2076
v 8.851995 11.031708 -12.678698 0.4086 0.2247 0.2631
v 8.851995 11.000458 -12.678698 0.4797 0.2778 0.3213
v 8.851895 10.781708 -12.772448 0.4661 0.2584 0.2977
v 8.829040 10.719217 -12.834900 0.4617 0.2463 0.2870
v 8.851895 10.781708 -12.678700 0.2586 0.1735 0.2109
v 9.383150 11.094200 -12.647400 0.3610 0.2140 0.2594
v 8.570742 10.719200 -12.647400 0.2578 0.1338 0.1614
v 8.958185 11.094200 -12.647400 0.4093 0.2422 0.2828
v 8.570742 11.094200 -12.647400 0.4097 0.2155 0.2511
v 8.945738 11.031708 -13.709900 0.4433 0.2619 0.3117
v 8.570745 11.031708 -13.709900 0.4763 0.2364 0.2674
v 8.745705 11.031707 -13.709900 0.4627 0.2537 0.2918
v 8.699890 10.719200 -13.072400 0.6773 0.3354 0.3755
v 8.829040 10.719200 -13.072400 0.6772 0.3302 0.3668
v 8.699889 10.719200 -13.284901 0.6618 0.3229 0.3592
v 8.829037 10.719200 -13.284901 0.6750 0.3348 0.3738
v 8.699889 10.719200 -13.497400 0.6278 0.3056 0.3394
v 8.829037 10.719200 -13.497400 0.6152 0.3043 0.3371
v 8.695741 10.719200 -13.709900 0.4665 0.2260 0.2515
v 8.820740 10.719200 -13.709900 0.5048 0.2532 0.2885
v 8.699890 10.719226 -12.834900 0.4961 0.2614 0.3027
v 8.320740 10.906700 -13.709900 0.4231 0.2243 0.2588
v 8.320740 10.719200 -13.072400 0.3157 0.1908 0.2325
v 8.320740 10.906700 -13.584948 0.4378 0.2316 0.2687
v 8.320740 11.031708 -13.584948 0.3592 0.1961 0.2301
v 8.320740 11.031708 -13.497400 0.4787 0.2652 0.3110
v 8.320740 10.719212 -12.709948 0.3204 0.1761 0.2108
v 8.320740 10.906712 -12.709948 0.4048 0.2225 0.2582
v 8.320740 11.031708 -12.834900 0.4404 0.2488 0.2930
v 8.320740 11.031708 -12.709948 0.3969 0.2163 0.2565
v 8.320740 11.031708 -13.072399 0.4328 0.2374 0.2794
v 8.320740 11.031708 -13.284900 0.3850 0.2182 0.2580
v 8.320740 10.719200 -13.584950 0.2761 0.1508 0.1816
vn 0.0008 -0.0000 -1.0000
vn -0.0000 -1.0000 -0.0000
vn -0.0008 -0.0000 -1.0000
vn -0.0000 -0.0000 1.0000
vn 1.0000 -0.0000 -0.0000
vn -0.0000 1.0000 -0.0000
vn -0.0000 -0.0000 -1.0000
vn -1.0000 -0.0000 -0.0000
vn -0.0001 1.0000 -0.0001
vn 0.0001 1.0000 -0.0001
vn -0.0000 -1.0000 0.0001
vn 0.0001 1.0000 0.0001
vn 0.0002 0.0004 -1.0000
vn -0.0000 -1.0000 -0.0002
vn -0.0000 -1.0000 0.0002
vn -0.0001 1.0000 0.0001
vn 0.0007 -0.0000 -1.0000
vn 0.0004 0.0002 -1.0000
vn -0.0004 -0.0002 -1.0000
vn -0.0004 0.0004 -1.0000
vn -0.0004 0.0002 -1.0000
vn -0.7071 0.7071 0.0001
vn -0.0000 1.0000 -0.0001
vn -0.7071 0.7071 -0.0000
vn -0.0000 0.7069 -0.7073
vn 0.0001 0.7070 -0.7072
vn 0.7071 0.7071 0.0001
vn 0.7071 0.7071 -0.0000
vn -0.0000 1.0000 0.0002
vt 1.000000 0.000000
vt 0.826932 0.160901
vt 1.000000 0.166512
vt 0.500000 1.000000
vt 0.500000 0.500000
vt 0.000000 0.500000
vt 0.000000 1.000000
vt 0.500000 0.000000
vt 0.500000 0.166621
vt 0.678586 0.165319
vt 0.000000 0.836299
vt 1.000000 1.000000
vt 1.000000 0.836797
vt 0.833206 0.833323
vt 0.500000 0.833262
vt 1.000000 0.500000
vt 0.833206 0.500000
vt 0.794006 0.833354
vt 1.000000 0.833354
vt 0.587999 0.000000
vt 1.000000 0.000000
vt 0.000000 0.500000
vt 0.000000 0.000000
vt 0.500000 0.000000
vt 0.000000 0.000000
vt 0.000000 0.000000
vt 0.000000 1.000000
vt 0.649277 0.000000
vt 1.000000 0.833511
vt 0.677054 0.833505
vt 0.678621 1.000000
vt 0.294006 0.500000
vt 0.293999 0.000000
vt 0.794006 0.500000
vt 0.500000 0.833354
vt 0.000000 0.833354
vt 0.333206 0.000000
vt 0.333206 0.500000
vt 0.500000 0.833527
vt 0.821210 1.000000
vt 0.821240 0.833570
vt 0.500000 0.833351
vt 0.000000 0.836797
vt 0.821221 0.500000
vt 0.678588 0.500000
vt 0.500000 0.833501
vt 1.000000 0.833583
vt 0.500000 0.833262
vt 1.000000 0.836299
vt 0.000000 0.833511
vt 0.500000 0.833354
s 0
usemtl busy_wall
f 181/16/64 252/17/64 260/18/64
f 227/19/65 226/20/65 168/21/65 152/22/65
f 290/23/66 196/24/66 271/25/66
f 294/26/67 188/22/67 154/19/67
f 191/19/67 190/27/67 293/28/67
f 217/19/68 313/29/68 312/30/68
f 313/29/68 160/31/68 311/32/68
f 308/33/68 220/27/68 309/34/68
f 180/19/67 205/20/67 165/37/67 146/22/67
f 185/19/70 201/20/70 161/37/70 140/22/70
f 177/27/67 202/31/67 203/20/67 178/19/67
f 191/19/67 194/20/67 156/37/67 155/22/67
f 142/19/67 164/20/67 202/37/67 177/22/67
f 161/20/68 153/39/68 217/40/68 221/21/68
f 223/27/68 219/31/68 220/20/68 224/19/68
f 231/36/74 227/23/74 228/20/74 232/31/74
f 201/20/70 292/39/70 153/40/70 161/21/70
f 205/20/67 191/39/67 155/40/67 165/21/67
f 224/20/68 220/39/68 154/40/68 164/21/68
f 230/31/65 226/20/65 227/19/65 231/27/65
f 202/31/67 188/16/67 189/23/67 203/20/67
f 203/20/67 189/39/67 190/40/67 204/21/67
f 204/31/67 190/16/67 191/23/67 205/20/67
f 166/20/70 289/39/70 186/40/70 198/21/70
f 305/20/67 141/39/67 176/40/67 192/21/67
f 193/31/67 175/16/67 174/23/67 194/20/67
f 183/19/70 199/20/70 200/37/70 184/22/70
f 257/44/76 251/45/76 258/46/76 187/27/76
f 225/23/65 151/38/65 168/21/65 226/20/65
f 184/19/77 236/20/77 232/21/77 183/22/77
f 211/20/65 238/21/65 239/22/65 210/19/65
f 239/36/74 235/23/74 236/20/74 240/31/74
f 182/27/70 198/31/70 199/20/70 183/19/70
f 142/20/65 177/21/65 237/22/65 212/19/65
f 184/27/70 200/31/70 201/20/70 185/19/70
f 209/20/77 240/21/77 185/22/77 140/19/77
f 178/19/67 203/20/67 204/37/67 179/22/67
f 222/19/68 221/27/68 217/31/68 218/20/68
f 305/21/68 307/47/68 316/48/68 141/40/68
f 233/23/65 229/38/65 230/21/65 234/20/65
f 180/20/65 146/21/65 151/22/65 225/19/65
f 308/33/68 307/49/68 305/20/68 154/19/68
f 315/50/68 309/51/68 220/22/68 219/19/68
f 310/52/68 311/53/68 160/20/68 139/39/68
f 144/19/70 166/20/70 198/37/70 182/22/70
f 177/31/65 178/20/65 233/19/65 237/27/65
f 237/36/65 233/23/65 234/20/65 238/31/65
f 238/31/65 234/20/65 235/19/65 239/27/65
f 210/23/74 239/38/74 240/21/74 209/20/74
f 178/20/65 179/21/65 229/22/65 233/19/65
f 164/20/67 154/39/67 188/40/67 202/21/67
f 234/20/65 230/21/65 231/22/65 235/19/65
f 235/23/74 231/38/74 232/21/74 236/20/74
f 179/31/65 180/20/65 225/19/65 229/27/65
f 140/27/68 161/31/68 221/20/68 209/19/68
f 210/22/68 209/19/68 221/20/68 222/37/68
f 194/20/67 174/39/67 145/40/67 156/21/67
f 222/20/68 218/39/68 219/40/68 223/21/68
f 212/27/68 224/31/68 164/20/68 142/19/68
f 212/23/65 237/38/65 238/21/65 211/20/65
f 254/54/70 291/19/70 262/55/70 253/56/70
f 179/27/67 204/31/67 205/20/67 180/19/67
f 210/27/68 222/31/68 223/20/68 211/19/68
f 228/20/78 227/23/78 152/38/78 170/21/78
f 293/28/67 193/31/67 194/20/67 191/19/67
f 294/26/67 154/19/67 305/20/67 192/37/67
f 211/19/68 223/20/68 224/37/68 212/22/68
f 189/19/67 295/57/67 293/58/67 190/22/67
f 195/31/80 260/18/80 252/17/81 255/59/81
f 251/45/82 259/60/82 197/20/82 256/61/82
f 256/61/83 292/19/83 258/46/83 251/45/83
f 253/56/70 262/55/70 186/27/70 261/62/70
f 312/63/68 314/51/68 218/22/68 217/19/68
f 228/20/77 170/21/77 144/22/77 182/19/77
f 253/56/70 261/62/70 195/31/70 255/59/70
f 271/25/84 196/24/84 197/20/84 259/60/84
f 225/23/65 226/20/65 230/31/65 229/36/65
f 292/19/70 197/20/70 160/37/70 153/22/70
f 197/20/70 290/39/70 139/40/70 160/21/70
f 198/31/70 186/16/70 291/23/70 199/20/70
f 199/20/70 291/39/70 187/40/70 200/21/70
f 200/31/70 187/16/70 292/23/70 201/20/70
f 157/20/70 143/39/70 181/40/70 195/21/70
f 189/19/67 188/27/67 294/64/67 295/57/67
f 183/27/77 232/31/77 228/20/77 182/19/77
f 289/19/70 157/20/70 195/37/70 186/22/70
f 240/31/77 236/20/77 184/19/77 185/27/77
f 254/54/70 257/65/70 187/22/70 291/19/70
f 217/19/68 153/27/68 313/29/68
f 314/34/68 315/66/68 219/19/68 218/27/68
f 313/29/68 153/27/68 160/31/68
f 308/33/68 154/19/68 220/27/68
usemtl green_wall
f 156/27/71 145/36/71 147/38/71 158/22/71
f 163/36/71 169/38/71 168/22/71 151/27/71
f 159/41/71 149/42/71 213/27/71 172/36/71
f 289/36/71 171/41/71 172/42/71 157/27/71
f 163/41/71 151/42/71 146/27/71 165/36/71
f 157/36/71 172/41/71 213/42/71 143/27/71
f 167/36/71 150/38/71 162/22/71 169/27/71
f 169/36/71 162/38/71 152/22/71 168/27/71
f 171/41/71 173/42/71 162/27/71 150/36/71
f 173/41/71 170/42/71 152/27/71 162/36/71
f 276/22/68 269/38/68 267/36/68 268/27/68
f 148/36/71 167/38/71 169/22/71 163/27/71
f 148/41/71 163/42/71 165/27/71 155/36/71
f 252/27/68 282/22/68 276/38/68 268/36/68
f 171/36/71 289/41/71 166/42/71 173/27/71
f 264/22/71 263/38/71 271/36/71 265/27/71
f 266/22/71 264/38/71 265/36/71 251/27/71
f 283/22/69 284/38/69 266/36/69 251/27/69
f 284/22/70 285/38/70 264/36/70 266/27/70
f 271/27/85 263/22/85 280/38/85 290/36/85
f 288/22/69 286/38/69 272/36/69 263/27/69
f 150/41/71 159/42/71 172/27/71 171/36/71
f 272/22/87 270/38/87 280/36/87 263/27/87
f 274/22/88 273/38/88 287/36/88 286/27/88
f 269/22/70 276/38/70 285/36/70 284/27/70
f 267/22/69 269/38/69 284/36/69 283/27/69
f 272/27/89 286/22/89 287/38/89 270/36/89
f 282/22/69 274/38/69 286/36/69 288/27/69
f 276/22/70 282/38/70 279/36/70 275/27/70
f 281/22/90 282/38/90 252/36/90 181/27/90
f 278/22/70 277/38/70 263/36/70 264/27/70
f 281/27/91 273/22/91 274/38/91 282/36/91
f 173/36/71 166/41/71 144/42/71 170/27/71
f 155/27/71 156/36/71 158/38/71 148/22/71
usemtl red_line
f 303/36/69 302/27/69 300/42/69 301/41/69
f 300/27/69 298/42/69 299/41/69 301/36/69
f 296/27/86 304/42/86 287/41/86 297/36/86
f 299/36/69 298/27/69 296/42/69 297/41/69
usemtl platform
f 241/27/69 316/35/69 206/36/69
f 247/27/72 246/42/72 297/41/72 287/27/72
f 273/27/73 250/22/73 246/38/73 247/36/73
f 296/36/72 243/27/72 270/42/72 304/41/72
f 176/22/69 141/38/69 316/35/69 241/27/69
f 310/43/75 290/27/75 270/22/75 208/38/75
f 175/36/69 303/27/69 301/42/69 244/41/69
f 301/27/69 299/42/69 245/41/69 244/36/69
f 145/22/69 174/38/69 248/36/69 216/27/69
f 248/22/69 244/38/69 245/36/69 249/27/69
f 298/36/69 242/27/69 243/42/69 296/41/69
f 215/22/69 249/38/69 250/36/69 214/27/69
f 216/22/69 248/38/69 249/36/69 215/27/69
f 270/27/73 243/22/73 306/38/73 208/36/73
f 213/22/79 273/38/79 181/36/79 143/27/79
f 302/36/69 176/27/69 241/42/69 300/41/69
f 245/36/69 299/27/69 297/42/69 246/41/69
f 249/22/69 245/38/69 246/36/69 250/27/69
f 174/22/69 175/38/69 244/36/69 248/27/69
f 241/27/69 242/42/69 298/41/69 300/36/69
f 214/22/72 250/38/72 273/36/72 213/27/72
f 241/22/69 206/38/69 207/36/69 242/27/69
f 310/43/92 139/36/92 290/27/92
f 242/22/69 207/38/69 306/36/69 243/27/69
usemtl powerup_pedestal_bg
f 278/22/70 285/27/70 288/36/70 277/38/70
f 285/27/70 275/22/70 279/38/70 288/36/70
o hallway2
v 9.383150 10.719208 -13.459948 0.3076 0.2565 0.2933
v 9.445750 10.719208 -13.459948 0.2904 0.2533 0.2904
v 9.383150 10.719208 -13.084948 0.3097 0.2398 0.2792
v 9.445750 10.719208 -13.084948 0.2840 0.2021 0.2380
v 9.445752 10.719199 -12.959948 0.1286 0.1460 0.1675
v 9.445745 10.719208 -13.022448 0.1232 0.1405 0.1591
v 9.445745 10.719207 -13.522448 0.0000 0.0000 0.0000
v 9.445752 11.094200 -13.584948 0.2304 0.2571 0.2886
v 9.445752 11.094200 -12.959948 0.2068 0.2110 0.2362
v 9.445745 10.844205 -13.022448 0.1893 0.2138 0.2432
v 9.445745 10.969202 -13.022448 0.1741 0.1861 0.2122
v 9.445752 10.844199 -12.959948 0.1932 0.2133 0.2420
v 9.445752 10.969200 -12.959948 0.1903 0.2127 0.2391
v 9.445745 10.969202 -13.522448 0.1885 0.2146 0.2404
v 9.445745 10.844205 -13.522448 0.1493 0.1595 0.1828
v 9.445752 10.844200 -13.584916 0.0751 0.0930 0.1072
v 10.320752 11.094200 -13.584948 0.2386 0.2476 0.2778
v 10.320752 11.094200 -13.522448 0.2771 0.3118 0.3480
v 10.320752 11.094200 -13.022448 0.2277 0.2585 0.2892
v 10.320752 10.719200 -13.584948 0.2210 0.2327 0.2633
v 10.320752 10.719199 -13.022448 0.2393 0.2365 0.2750
v 10.320752 11.219199 -12.959948 0.2422 0.2560 0.2874
v 9.445750 11.406708 -13.209900 0.2108 0.2341 0.2638
v 9.445752 11.281708 -13.084900 0.2436 0.2678 0.3018
v 10.320752 11.281707 -13.084948 0.2763 0.2928 0.3274
v 9.445752 11.406708 -13.334900 0.2129 0.2360 0.2668
v 10.320752 11.406707 -13.209948 0.2255 0.2507 0.2817
v 10.320752 11.406707 -13.334948 0.2422 0.2608 0.2924
v 9.445752 11.281708 -13.459900 0.2278 0.2561 0.2874
v 10.320752 11.281707 -13.459948 0.2834 0.3022 0.3382
v 9.445750 10.719199 -13.584900 0.0922 0.1085 0.1241
v 10.320752 11.219200 -13.084948 0.2705 0.2824 0.3188
v 10.320752 11.219200 -13.209948 0.3021 0.3217 0.3595
v 10.320752 11.219200 -13.334948 0.3121 0.3349 0.3754
v 10.320800 11.219200 -13.459948 0.2920 0.3087 0.3437
v 10.320752 11.094199 -12.959948 0.2690 0.2792 0.3124
v 10.320752 11.094199 -13.084948 0.2082 0.2315 0.2597
v 10.320752 11.094199 -13.209948 0.2241 0.2476 0.2783
v 10.320752 11.094199 -13.334948 0.2336 0.2616 0.2930
v 10.320800 11.094199 -13.459948 0.2941 0.3337 0.3720
v 10.320752 10.719199 -13.522448 0.2634 0.2879 0.3302
v 10.258300 10.719199 -13.584948 0.2579 0.2794 0.3190
v 10.258300 10.719199 -13.522448 0.2854 0.3160 0.3588
v 10.258300 10.719199 -12.959950 0.2348 0.2512 0.2842
v 10.258300 10.719199 -13.022450 0.2112 0.2318 0.2640
v 9.883252 11.281707 -13.084948 0.3059 0.3308 0.3700
v 9.883252 11.406707 -13.334948 0.2878 0.3179 0.3559
v 9.883252 11.281707 -13.459948 0.2972 0.3258 0.3662
v 9.883252 11.219203 -12.959948 0.2955 0.3258 0.3661
v 9.883252 11.406707 -13.209948 0.2733 0.2939 0.3290
v 9.445752 11.219207 -13.584948 0.2151 0.2355 0.2661
v 10.320800 11.219207 -13.584948 0.2508 0.2630 0.2953
v 10.320800 10.719199 -12.959948 0.1939 0.1900 0.2192
v 9.883276 10.719199 -13.584948 0.2727 0.2854 0.3204
v 9.883276 10.719199 -12.959948 0.2733 0.2881 0.3227
v 9.445752 10.970915 -12.959948 0.1748 0.1966 0.2229
v 10.320800 10.970915 -12.959948 0.1821 0.1844 0.2113
v 9.883276 10.970915 -12.959948 0.2956 0.3188 0.3562
v 10.320800 10.969203 -13.584948 0.2706 0.2954 0.3333
v 9.445750 10.719199 -13.272424 0.3113 0.2575 0.2964
v 9.852026 10.719199 -12.959948 0.2936 0.3254 0.3632
v 10.258300 10.719199 -13.272424 0.2744 0.2826 0.3208
v 9.852026 10.719199 -13.584900 0.2582 0.2822 0.3170
v 9.852026 10.719199 -13.272424 0.2823 0.3090 0.3476
v 10.320752 10.906700 -13.522448 0.2896 0.3181 0.3596
v 10.320752 10.906700 -13.584948 0.2569 0.2705 0.3060
v 10.320752 10.906700 -12.959948 0.2462 0.2537 0.2853
v 10.320752 10.906700 -13.022448 0.2004 0.2142 0.2492
v 9.445745 11.094199 -13.022448 0.1678 0.1903 0.2141
v 9.445745 11.094199 -13.522448 0.1752 0.1934 0.2215
v 9.445750 11.281708 -13.209900 0.2775 0.3143 0.3525
v 9.445752 11.281708 -13.334900 0.2476 0.2748 0.3085
v 9.445745 11.094200 -13.334900 0.1959 0.2063 0.2321
v 9.445750 11.094200 -13.209900 0.2263 0.2529 0.2859
v 9.445745 11.094200 -13.459900 0.1899 0.2146 0.2423
v 9.445746 11.094200 -13.084900 0.2389 0.2669 0.2983
v 9.320745 10.719208 -13.522448 0.3856 0.2192 0.2623
v 9.320745 10.719208 -13.459948 0.3827 0.2448 0.2855
v 9.320745 11.094208 -13.522448 0.3765 0.2256 0.2725
v 9.508245 10.719208 -13.459948 0.2862 0.2630 0.2994
v 9.508245 10.719208 -13.522448 0.1825 0.2009 0.2283
v 9.508245 11.094208 -13.522448 0.2150 0.2391 0.2692
v 9.320745 10.719207 -13.084948 0.3826 0.2318 0.2727
v 9.320745 10.719207 -13.022448 0.3803 0.2233 0.2691
v 9.320745 11.094207 -13.022448 0.3733 0.2224 0.2684
v 9.508245 11.094207 -13.022448 0.2189 0.2453 0.2752
v 9.508245 10.719207 -13.022448 0.1988 0.2014 0.2270
v 9.508245 10.719207 -13.084948 0.2814 0.2487 0.2829
v 9.320745 11.031707 -13.459948 0.4080 0.2518 0.2966
v 9.320745 11.031707 -13.084948 0.3940 0.2533 0.2962
v 9.320745 11.094207 -13.084948 0.3448 0.1990 0.2406
v 9.320745 11.094207 -13.459948 0.3586 0.2128 0.2582
v 9.508245 11.094207 -13.084948 0.2342 0.2620 0.2937
v 9.508245 11.031707 -13.084948 0.2708 0.2575 0.2909
v 9.508245 11.031707 -13.459948 0.2790 0.2738 0.3100
v 9.508245 11.094207 -13.459948 0.2057 0.2302 0.2592
v 9.320745 11.094207 -13.272448 0.3927 0.2400 0.2893
v 9.320745 11.031707 -13.272448 0.3831 0.2373 0.2807
v 9.508245 11.031707 -13.272448 0.2705 0.2601 0.2939
v 9.508245 11.094207 -13.272448 0.2464 0.2647 0.2983
v 9.320745 10.906708 -13.459948 0.3857 0.2437 0.2857
v 9.320745 10.906708 -13.522448 0.4014 0.2323 0.2789
v 9.508245 10.906708 -13.459948 0.2905 0.2763 0.3124
v 9.508245 10.906708 -13.522448 0.2017 0.2188 0.2479
v 9.320745 10.906707 -13.022448 0.3882 0.2270 0.2728
v 9.320745 10.906707 -13.084948 0.4017 0.2367 0.2760
v 9.508245 10.906707 -13.022448 0.2374 0.2630 0.2954
v 9.508245 10.906707 -13.084948 0.2885 0.2792 0.3190
v 9.883276 11.219207 -13.584948 0.2720 0.2960 0.3340
v 9.445752 10.969203 -13.584948 0.1536 0.1650 0.1881
v 9.883276 10.969203 -13.584948 0.3073 0.3179 0.3553
v 9.445752 11.219207 -12.959948 0.1865 0.2081 0.2341
vn -1.0000 -0.0000 -0.0000
vn -1.0000 -0.0008 -0.0000
vn 1.0000 -0.0000 -0.0001
vn 1.0000 -0.0000 -0.0000
vn 1.0000 -0.0000 0.0001
vn -0.0000 -0.0000 1.0000
vn -0.0001 -0.7071 -0.7071
vn -0.0000 -1.0000 -0.0000
vn -1.0000 -0.0001 -0.0004
vn -1.0000 0.0003 -0.0002
vn -1.0000 -0.0000 -0.0002
vn -1.0000 -0.0000 -0.0001
vn -0.0000 -0.8945 0.4471
vn 0.0001 -0.7071 0.7071
vn -0.0000 -0.8944 -0.4473
vn -0.0000 -0.8944 -0.4472
vn -1.0000 -0.0005 -0.0002
vn -1.0000 -0.0003 -0.0002
vn -0.0000 -0.7071 -0.7071
vn -0.0000 1.0000 -0.0000
vn -1.0000 -0.0000 -0.0004
vn -0.0000 -0.0000 -1.0000
vn -0.0000 -0.7071 0.7071
vn -0.0000 -0.8944 0.4472
vn -1.0000 0.0002 0.0002
vn 0.0001 0.0001 1.0000
vt 0.000000 0.000000
vt 1.000000 1.000000
vt 0.000000 1.000000
vt 1.000000 0.000000
vt 1.000000 1.000000
vt 0.000000 1.000000
vt 0.000000 0.000000
vt 0.000000 1.000000
vt 1.000000 0.000000
vt 1.000000 1.000000
vt 1.000000 0.000000
vt 0.000000 0.000000
vt 0.000000 1.000000
vt 0.000000 0.439453
vt 1.000000 0.439453
vt 1.000000 0.314453
vt 0.000000 0.314453
s 0
usemtl platform
f 321/70/112 377/68/112 380/74/112 376/73/112
f 379/68/112 347/77/112 376/78/112 380/79/112
f 358/68/112 379/77/112 380/78/112 378/79/112
f 360/69/112 369/67/112 337/70/112 361/68/112
f 359/69/112 357/67/112 336/70/112 358/68/112
f 320/80/112 318/81/112 317/82/112 319/83/112
f 360/68/112 378/74/112 380/73/112 377/70/112
usemtl yellow_board
f 419/69/98 412/67/98 408/70/98 417/68/98
f 403/69/98 423/67/98 421/70/98 400/68/98
f 412/69/112 398/67/112 395/70/112 408/68/112
f 396/69/98 419/67/98 417/70/98 394/68/98
f 395/69/93 418/67/93 417/70/93 408/68/93
f 398/69/114 420/67/114 418/70/114 395/68/114
f 397/69/96 420/67/96 419/70/96 396/68/96
f 407/69/93 422/67/93 421/70/93 401/68/93
f 402/69/112 409/67/112 407/70/112 401/68/112
f 409/69/114 424/67/114 422/70/114 407/68/114
f 404/69/96 424/67/96 423/70/96 403/68/96
f 413/69/93 414/67/93 406/70/93 407/68/93
f 411/69/100 415/67/100 414/70/100 405/68/100
f 409/69/112 416/67/112 413/70/112 407/68/112
f 415/69/96 416/67/96 409/70/96 410/68/96
f 411/69/96 412/67/96 416/70/96 415/68/96
f 416/69/112 412/67/112 408/70/112 413/68/112
f 415/69/100 410/67/100 406/70/100 414/68/100
f 408/69/93 405/67/93 414/70/93 413/68/93
f 420/69/96 398/67/96 412/70/96 419/68/96
f 420/69/114 397/67/114 393/70/114 418/68/114
f 418/69/93 393/67/93 394/70/93 417/68/93
f 424/69/96 409/67/96 402/70/96 423/68/96
f 424/69/114 404/67/114 399/70/114 422/68/114
f 423/69/98 402/67/98 401/70/98 421/68/98
f 422/69/93 399/67/93 400/70/93 421/68/93
usemtl green_wall
f 341/67/93 349/68/93 348/69/93
f 346/70/93 350/69/93 344/67/93
f 368/71/94 351/72/94 346/73/94
f 341/74/93 348/73/93 338/70/93
f 428/67/95 325/70/95 385/68/95
f 345/67/96 342/70/96 388/68/96
f 387/74/96 339/73/96 340/70/96
f 386/67/97 324/70/97 367/68/97
f 340/70/96 392/68/96 390/69/96 387/67/96
f 339/68/99 366/69/99 362/67/99 340/70/99
f 342/68/100 363/69/100 366/67/100 339/70/100
f 323/69/101 347/67/101 332/70/102 331/68/97
f 330/68/97 331/69/97 332/67/103 426/70/104
f 386/68/97 330/69/97 426/67/103 324/70/97
f 354/69/93 349/67/93 350/70/93 355/68/93
f 357/69/93 381/67/93 382/70/93 336/68/93
f 353/68/93 352/74/93 338/73/93 348/70/93
f 328/69/95 321/67/95 322/70/95 326/68/95
f 367/68/105 425/69/105 364/67/105 345/70/105
f 345/68/106 364/69/106 363/67/106 342/70/106
f 340/68/107 362/69/107 365/67/107 428/70/107
f 341/69/108 338/67/108 365/70/108 362/68/108
f 341/67/93 343/70/93 349/68/93
f 346/70/109 351/68/109 350/69/110
f 381/69/93 334/67/93 333/70/93 382/68/93
f 353/69/93 348/67/93 349/70/93 354/68/93
f 343/69/111 341/67/111 362/70/111 366/68/111
f 344/69/100 343/67/100 366/70/100 363/68/100
f 329/69/95 328/67/95 326/70/95 327/68/95
f 386/68/96 367/69/96 345/67/96 391/70/96
f 355/69/113 350/67/113 351/70/113 356/68/113
f 325/69/95 329/67/95 327/70/95 385/68/95
f 388/67/96 387/75/96 390/76/96 389/69/96
f 338/69/114 373/67/114 374/70/114 365/68/114
f 374/69/114 371/67/114 321/70/114 372/68/114
f 373/69/114 369/67/114 371/70/114 374/68/114
f 365/69/114 374/67/114 372/70/114 428/68/114
f 427/69/98 425/67/98 367/70/98 426/68/98
f 369/69/104 383/67/104 384/70/104 337/68/104
f 346/69/115 344/67/115 363/70/115 364/68/115
f 336/69/98 375/67/98 427/70/98 370/68/98
f 425/68/116 368/69/116 346/67/116 364/70/116
f 392/72/96 340/73/96 428/70/96 385/76/96
f 383/69/93 352/67/93 335/70/93 384/68/93
f 387/68/96 388/74/96 342/73/96 339/70/96
f 333/68/117 356/74/117 351/73/117 368/70/117
f 345/68/96 388/74/96 389/73/96 391/70/96
f 370/69/118 427/67/118 426/70/118 347/68/118
f 349/69/93 343/67/93 344/70/93 350/68/93
f 375/69/98 368/67/98 425/70/98 427/68/98
o hallway
v 12.008252 10.719208 -13.459948 0.2778 0.2943 0.3333
v 11.914502 10.719208 -13.209948 0.2287 0.2046 0.2424
v 11.118000 10.719199 -10.656333 0.3701 0.2421 0.2751
v 11.118032 10.719199 -12.584900 0.2614 0.2106 0.2494
v 10.695961 10.719199 -10.656333 0.3115 0.1984 0.2316
v 10.695961 10.719199 -12.584900 0.2688 0.2239 0.2735
v 11.118032 10.719199 -12.834900 0.2558 0.1949 0.2330
v 10.570900 10.719200 -12.834900 0.2127 0.1819 0.2282
v 11.118032 10.719199 -12.959900 0.2370 0.1870 0.2274
v 11.118032 10.719200 -11.620617 0.3884 0.2301 0.2559
v 10.695961 10.719200 -11.620617 0.3336 0.2007 0.2213
v 11.118032 10.719199 -12.102758 0.3220 0.2052 0.2339
v 10.695961 10.719199 -12.102758 0.2906 0.1863 0.2145
v 11.118000 10.719199 -11.138475 0.4539 0.2654 0.3008
v 10.695961 10.719199 -11.138475 0.4149 0.2547 0.2774
v 10.695961 11.469200 -10.656333 0.5698 0.3260 0.3401
v 10.696000 11.469200 -12.584900 0.3215 0.2648 0.3200
v 10.695961 11.469200 -11.620617 0.3795 0.2428 0.2691
v 10.695961 11.469200 -12.102758 0.3115 0.1912 0.2161
v 10.695961 11.469200 -11.138475 0.4930 0.2896 0.3106
v 10.883400 11.781700 -10.656333 0.6682 0.4036 0.4003
v 10.883400 11.781700 -11.138475 0.5202 0.3001 0.3237
v 10.883400 11.781700 -12.584900 0.2726 0.1866 0.2172
v 10.883400 11.781700 -11.620617 0.3847 0.2487 0.2736
v 10.883400 11.781700 -12.102758 0.3192 0.2012 0.2204
v 11.540102 10.719199 -10.656333 0.3138 0.1979 0.2270
v 11.540102 10.719199 -12.584900 0.2395 0.1882 0.2229
v 11.665163 10.719200 -12.834900 0.2130 0.1948 0.2308
v 11.540102 10.719200 -11.620617 0.3343 0.2035 0.2227
v 11.540102 10.719199 -12.102758 0.2987 0.2078 0.2395
v 11.540102 10.719199 -11.138475 0.4067 0.2352 0.2596
v 11.540102 11.469200 -10.656333 0.5650 0.3219 0.3358
v 11.540100 11.469200 -12.584900 0.2759 0.2038 0.2403
v 11.540102 11.469200 -11.620617 0.3909 0.2476 0.2735
v 11.540102 11.469200 -12.102758 0.3179 0.2230 0.2545
v 11.540102 11.469200 -11.138475 0.4873 0.2848 0.3134
v 11.352663 11.781700 -10.656333 0.6125 0.3305 0.3380
v 11.352663 11.781700 -11.138475 0.4973 0.2890 0.3122
v 11.352663 11.781700 -12.584900 0.2672 0.1884 0.2213
v 11.352663 11.781700 -11.620617 0.3889 0.2337 0.2551
v 11.352663 11.781700 -12.102758 0.3101 0.2162 0.2452
v 10.570900 11.469200 -12.834900 0.2370 0.2241 0.2717
v 10.383400 11.469200 -12.959900 0.2269 0.2089 0.2564
v 11.665163 11.469200 -12.834900 0.2157 0.2023 0.2381
v 11.852663 11.469200 -12.959900 0.1967 0.1667 0.1980
v 11.540100 11.469200 -12.959900 0.2540 0.2133 0.2552
v 10.696000 11.469200 -12.959900 0.3025 0.2574 0.3118
v 10.883400 11.781700 -12.959900 0.2528 0.1925 0.2267
v 11.352663 11.781700 -12.959900 0.2739 0.2162 0.2570
v 11.118000 10.753000 -10.656333 0.3948 0.2410 0.2795
v 10.695961 10.753000 -10.656333 0.3943 0.2438 0.2753
v 11.540102 10.753000 -10.656333 0.3901 0.2389 0.2654
v 12.133300 10.719200 -13.584900 0.2498 0.2714 0.3068
v 11.852700 10.719200 -12.959900 0.2127 0.2000 0.2353
v 11.852700 10.719200 -13.584900 0.2815 0.2812 0.3171
v 10.383400 10.719200 -12.959900 0.1927 0.1579 0.1995
v 11.118032 10.719199 -13.584900 0.2416 0.1818 0.2200
v 10.383400 10.719200 -13.584900 0.2581 0.2832 0.3230
v 10.696001 10.719200 -12.959900 0.2739 0.2430 0.2942
v 11.852700 10.719200 -13.272400 0.2306 0.2207 0.2542
v 10.696000 10.719200 -13.584900 0.2428 0.2082 0.2488
v 10.445800 10.719200 -13.272400 0.2735 0.2408 0.2839
v 11.118032 10.719199 -13.272400 0.2749 0.2522 0.2950
v 11.540100 10.719200 -13.584900 0.2264 0.1748 0.2041
v 11.540100 10.719200 -13.272400 0.2283 0.1863 0.2221
v 10.696001 10.719200 -13.272400 0.2889 0.2695 0.3231
v 12.133300 11.469199 -13.584900 0.2348 0.2543 0.2892
v 12.133300 11.469200 -12.959900 0.1593 0.1585 0.1852
v 11.852700 11.469199 -13.584900 0.2931 0.2985 0.3372
v 11.118032 11.469199 -13.584900 0.2569 0.2078 0.2461
v 10.383400 11.469200 -13.584900 0.2591 0.2496 0.2874
v 10.696001 11.469199 -13.584850 0.2679 0.2301 0.2773
v 11.540100 11.469199 -13.584900 0.2272 0.1782 0.2053
v 10.696001 11.469199 -13.272350 0.2786 0.2350 0.2851
v 11.540100 11.469199 -13.272400 0.2465 0.2054 0.2404
v 10.383400 11.469200 -13.272400 0.2253 0.1984 0.2442
v 11.852682 11.469200 -13.272400 0.2071 0.1919 0.2212
v 12.133252 11.031708 -13.459948 0.2699 0.2895 0.3289
v 12.133252 11.031707 -12.959948 0.2046 0.1902 0.2244
v 12.133300 11.032204 -13.584900 0.2391 0.2526 0.2917
v 11.914502 10.719207 -13.366198 0.2441 0.2467 0.2836
v 12.070752 11.031707 -13.209948 0.2396 0.2261 0.2655
v 12.070752 11.031707 -13.366198 0.2632 0.2396 0.2766
v 12.133300 10.719200 -13.460014 0.1997 0.2207 0.2505
v 11.992627 10.875457 -13.366198 0.2591 0.2485 0.2878
v 12.070752 10.875458 -13.459948 0.3066 0.3233 0.3667
v 11.992627 10.875458 -13.209948 0.2269 0.2063 0.2475
v 11.992976 10.875454 -12.959924 0.1942 0.1795 0.2118
v 10.258252 10.719208 -13.084948 0.2622 0.2672 0.3051
v 10.258252 10.719208 -13.022448 0.2837 0.2911 0.3272
v 10.258252 11.031700 -13.022448 0.2898 0.3076 0.3439
v 10.445752 11.031700 -13.022448 0.2593 0.2305 0.2819
v 10.445752 10.719208 -13.022448 0.2200 0.1971 0.2428
v 10.445752 10.719208 -13.084948 0.2248 0.2094 0.2493
v 10.445752 11.031700 -13.084948 0.2527 0.2334 0.2825
v 10.258252 11.031700 -13.459948 0.3036 0.3206 0.3590
v 10.258252 11.031699 -13.084948 0.2863 0.3019 0.3389
v 10.258252 10.719207 -13.522448 0.2718 0.2613 0.2942
v 10.258300 10.719207 -13.459948 0.3014 0.3143 0.3531
v 10.258252 11.031700 -13.522448 0.2869 0.3006 0.3360
v 10.445752 11.031699 -13.459948 0.2702 0.2484 0.2959
v 10.445800 10.719207 -13.459948 0.2620 0.2391 0.2791
v 10.445752 10.719207 -13.522448 0.2735 0.2738 0.3153
v 10.445752 11.031699 -13.522448 0.2549 0.2140 0.2573
v 10.258252 11.094200 -13.022448 0.2875 0.2928 0.3277
v 10.445752 11.094198 -13.022448 0.2749 0.2492 0.3042
v 10.258252 11.094198 -13.459948 0.3345 0.3474 0.3864
v 10.258252 11.094197 -13.084948 0.2932 0.3094 0.3466
v 10.445752 11.094205 -13.084948 0.2664 0.2408 0.2956
v 10.445752 11.094206 -13.459948 0.2646 0.2343 0.2828
v 10.258252 11.094198 -13.522448 0.2950 0.2997 0.3378
v 10.445752 11.094198 -13.522448 0.2795 0.2530 0.3004
v 10.258252 10.875454 -13.022448 0.2815 0.2849 0.3222
v 10.445752 10.875454 -13.022448 0.2545 0.2263 0.2789
v 10.445752 10.875454 -13.084948 0.2565 0.2379 0.2844
v 10.258252 10.875454 -13.084948 0.2789 0.2931 0.3297
v 10.258252 11.031700 -13.272448 0.2910 0.3099 0.3481
v 10.445752 11.094206 -13.272448 0.2648 0.2334 0.2847
v 10.258252 11.094198 -13.272448 0.3198 0.3318 0.3708
v 10.445752 11.031700 -13.272448 0.2450 0.2188 0.2641
v 10.445752 10.875453 -13.459948 0.2787 0.2563 0.3015
v 10.258252 10.875454 -13.522448 0.2617 0.2669 0.3011
v 10.258252 10.875454 -13.459948 0.2767 0.2875 0.3249
v 10.445752 10.875453 -13.522448 0.2785 0.2602 0.3052
v 10.445745 10.719200 -13.584900 0.3304 0.3381 0.3831
v 10.695961 11.094200 -11.138475 0.4875 0.2965 0.3250
v 10.383403 10.719207 -13.522448 0.2151 0.2302 0.2621
v 10.383404 10.719208 -13.022448 0.1848 0.1699 0.2117
v 10.383424 10.875454 -13.022448 0.2196 0.2023 0.2447
v 10.383451 11.031700 -13.022448 0.2380 0.2169 0.2671
v 10.383386 11.094198 -13.022448 0.2180 0.1967 0.2449
v 10.383383 11.094203 -13.272448 0.2638 0.2324 0.2820
v 10.383389 11.094203 -13.084948 0.2406 0.2193 0.2666
v 10.383373 11.094203 -13.459948 0.2513 0.2393 0.2789
v 10.383353 11.094198 -13.522448 0.2981 0.3015 0.3458
v 10.258300 10.719208 -13.272406 0.2542 0.2678 0.3092
v 11.118032 11.469199 -13.272400 0.2551 0.1970 0.2363
v 10.383400 11.094194 -12.959900 0.2485 0.2211 0.2719
v 10.383400 11.031744 -12.959900 0.2370 0.2140 0.2655
v 10.383400 10.875463 -12.959900 0.2210 0.2008 0.2497
v 10.383400 11.469200 -13.022417 0.2455 0.2342 0.2817
v 10.383400 11.469200 -13.084931 0.2377 0.2045 0.2547
v 10.383400 11.469200 -13.459939 0.2624 0.2540 0.3012
v 10.383446 11.469200 -13.522408 0.3008 0.3087 0.3556
v 10.383342 10.875454 -13.522448 0.2893 0.3144 0.3542
v 10.383284 11.031700 -13.522448 0.2988 0.3153 0.3617
v 10.695961 11.094200 -12.102758 0.3168 0.2136 0.2392
v 10.383400 10.875470 -13.584900 0.3036 0.3325 0.3767
v 10.695961 11.094200 -11.620617 0.3973 0.2574 0.2852
v 10.383400 11.031704 -13.584900 0.3131 0.3455 0.3914
v 10.383400 11.094218 -13.584900 0.3262 0.3382 0.3874
v 11.852700 11.092445 -13.584900 0.2644 0.2513 0.2883
v 11.118032 11.093323 -13.584900 0.2756 0.2092 0.2477
v 11.540100 11.092818 -13.584900 0.2559 0.1999 0.2256
v 10.695980 11.094200 -12.584900 0.3005 0.2468 0.3032
v 10.695961 11.094200 -10.656333 0.5182 0.3119 0.3301
v 10.570900 11.094200 -12.834900 0.2667 0.2437 0.2982
v 11.540102 11.094135 -11.620617 0.3718 0.2270 0.2500
v 11.540102 11.094200 -12.102758 0.3389 0.2268 0.2631
v 10.696000 11.093843 -13.584875 0.2956 0.2454 0.2938
v 11.540102 11.094078 -10.656333 0.5451 0.3068 0.3225
v 11.540102 11.094069 -11.138475 0.4489 0.2719 0.2937
v 11.540101 11.094200 -12.584900 0.2536 0.1988 0.2453
v 11.665163 11.094200 -12.834900 0.2168 0.1879 0.2251
v 11.852680 11.094200 -12.959900 0.2316 0.2138 0.2548
v 10.695988 10.719200 -12.834899 0.2687 0.2248 0.2739
v 11.541866 10.719200 -12.834900 0.2588 0.2238 0.2636
v 11.541359 10.719200 -12.959900 0.2265 0.1840 0.2198
v 12.133300 11.032218 -13.272400 0.2246 0.2257 0.2616
v 12.133300 11.469199 -13.272400 0.2133 0.2117 0.2410
vn 0.7440 -0.1448 -0.6523
vn 0.5504 0.1240 -0.8256
vn 0.5184 0.1179 -0.8470
vn -0.0689 -0.9966 0.0459
vn -0.0000 -1.0000 -0.0000
vn 0.5604 0.1235 -0.8190
vn 0.7418 -0.1437 -0.6550
vn -0.0000 1.0000 -0.0000
vn 0.0508 0.9974 0.0506
vn 0.0001 1.0000 -0.0000
vn -0.8576 -0.5144 -0.0000
vn 0.8576 -0.5143 -0.0000
vn -0.1518 0.1014 -0.9832
vn -0.0757 0.1660 -0.9832
vn 0.0529 0.2169 -0.9748
vn -0.0203 0.9917 -0.1268
vn -0.0064 1.0000 -0.0016
vn -0.0034 0.9993 0.0365
vn -0.0206 0.0976 -0.9950
vn -0.0005 0.0002 -1.0000
vn 0.1044 0.0336 -0.9940
vn -0.0001 1.0000 -0.0000
vn -0.0095 0.9957 0.0924
vn -0.0265 0.9995 0.0192
vn -0.0139 0.9786 -0.2052
vn 0.0309 0.9981 -0.0527
vn -0.0000 1.0000 -0.0001
vn -0.0000 1.0000 0.0001
vn 0.0517 0.9981 0.0345
vn -0.0000 -0.0000 1.0000
vn -0.0001 -0.0000 1.0000
vn -0.0530 -0.2169 -0.9748
vn -0.0000 -0.7071 0.7071
vn 0.0708 0.9975 -0.0000
vn -0.1005 0.9923 0.0727
vn 0.0635 0.9955 -0.0698
vn 0.8576 -0.5144 -0.0000
vn 1.0000 -0.0003 0.0007
vn 1.0000 -0.0001 -0.0000
vn 1.0000 -0.0001 0.0001
vn 1.0000 -0.0003 0.0005
vn 1.0000 -0.0000 -0.0000
vn -0.0000 -0.0000 -1.0000
vn 1.0000 0.0001 -0.0002
vn 0.9879 -0.0000 -0.1552
vn 0.9703 0.0778 -0.2292
vn 1.0000 0.0002 0.0001
vn -0.7414 0.1472 -0.6547
vn -0.8369 -0.0000 -0.5474
vn -0.9704 0.0761 -0.2292
vn -0.9703 -0.0778 -0.2292
vn -1.0000 -0.0000 -0.0000
vn -1.0000 -0.0003 -0.0000
vn -1.0000 0.0002 0.0002
vn 0.7414 0.1472 -0.6547
vn 0.9881 -0.0000 -0.1535
vn -0.8279 0.5588 0.0477
vn -0.7226 0.6908 -0.0241
vn -0.7030 0.7099 0.0438
vn -0.8993 0.4373 0.0006
vn 1.0000 0.0003 0.0001
vn 1.0000 -0.0000 -0.0001
vn -0.8643 0.5028 0.0153
vn -0.8556 0.5174 0.0158
vn -0.6971 0.3754 -0.6109
vn -0.7720 0.2389 -0.5890
vn -0.6872 0.4126 -0.5979
vn -0.6856 0.3667 -0.6289
vn -0.9882 -0.0000 -0.1534
vn 0.0061 -0.0304 -0.9995
vn -0.7414 -0.1472 -0.6547
vn 1.0000 -0.0001 0.0002
vn 1.0000 -0.0001 0.0004
vn -1.0000 0.0001 -0.0001
vn -1.0000 0.0001 -0.0000
vn -0.9317 0.3630 0.0156
vn -0.9182 0.3961 -0.0000
vn 1.0000 0.0002 -0.0004
vn -0.8998 0.4332 0.0517
vn -0.5504 -0.1240 -0.8256
vn -0.5504 -0.1240 -0.8257
vn -1.0000 -0.0002 0.0004
vn 1.0000 0.0002 0.0004
vn 1.0000 0.0002 0.0009
vn 1.0000 -0.0002 0.0014
vn -0.7016 0.3192 -0.6370
vn -0.7619 0.3083 -0.5696
vn -0.0001 0.0001 -1.0000
vn 0.1152 0.0461 -0.9923
vn 0.5504 -0.1240 -0.8256
vn -0.5504 0.1240 -0.8257
vn -1.0000 -0.0001 -0.0002
vn -0.9980 0.0627 -0.0001
vt 0.567535 0.000000
vt 0.993297 0.000000
vt 0.993297 0.208351
vt 0.000091 0.999909
vt 0.500003 0.666636
vt 0.833443 0.999909
vt 0.993297 0.416725
vt 0.567535 0.500000
vt 0.272758 0.636346
vt 0.454698 0.454552
vt 0.454698 0.999933
vt 0.593199 1.000000
vt 0.468152 0.875048
vt 0.593199 0.875114
vt 1.000051 0.166615
vt 1.000051 0.083323
vt 0.500051 0.000000
vt 0.000000 0.000000
vt 1.000000 0.000000
vt 1.000000 1.000000
vt 0.857411 0.000093
vt 0.857414 0.999907
vt 0.000094 0.999907
vt 0.374182 0.000000
vt 0.374182 0.529149
vt 0.187137 0.208329
vt 1.000000 0.417407
vt 0.500000 0.417358
vt 0.447214 1.000000
vt 0.690345 0.500000
vt 0.199817 0.000000
vt 0.690345 -0.000001
vt 0.374402 0.781298
vt 0.312600 1.000000
vt 0.312600 0.687500
vt 0.250000 0.250000
vt 0.750000 0.750000
vt 0.250000 0.750000
vt 0.374402 0.625048
vt 0.312600 0.375000
vt 0.400398 0.900076
vt 0.400321 0.800076
vt 0.000001 1.000000
vt 0.400410 1.000000
vt 0.400398 0.200076
vt 0.400398 0.100076
vt 0.000068 0.454552
vt 0.000068 0.363630
vt 0.500155 0.100076
vt 0.500161 0.000000
vt 0.500051 0.499524
vt 1.000051 0.416672
vt 1.000051 0.208360
vt 0.993297 0.499992
vt 0.000092 0.416658
vt 0.833443 0.000092
vt 0.523567 0.222056
vt 0.000000 0.500022
vt 0.163962 0.606656
vt 0.360789 0.442600
vt 0.491883 1.000000
vt 0.001766 0.250000
vt 0.000002 0.000000
vt 0.125063 0.250000
vt 0.001259 0.375000
vt 0.000000 1.000000
vt 0.166696 1.000000
vt 0.166696 0.000000
vt 0.333267 0.000000
vt 0.333267 1.000000
vt 0.250000 1.000000
vt 0.250000 0.000000
vt 0.750000 0.000000
vt 0.750000 1.000000
vt 0.523567 0.777989
vt 0.000042 1.000000
vt 0.000000 0.827344
vt 0.000000 0.727344
vt 1.000000 0.727344
vt 1.000000 0.827344
vt 1.000000 1.000000
vt 0.000000 1.000000
vt 0.000000 0.000000
vt 0.000000 0.500000
vt 1.000000 0.500000
vt 0.700397 0.500009
vt 0.400321 0.500000
vt 0.700397 0.800076
vt 0.500156 0.900076
vt 0.500161 1.000000
vt 0.618041 0.417339
vt 1.000000 0.497661
vt 0.618041 0.000000
vt 0.666700 1.000000
vt 0.500000 1.000000
vt 0.500000 0.000000
vt 0.666700 0.000000
vt 0.567535 1.000000
vt 0.567535 0.527649
vt 0.000000 0.519801
vt 0.000000 0.499914
vt 1.000000 0.499825
vt 0.000000 0.499838
vt 0.000000 1.000000
vt 0.000000 0.687500
vt 1.000051 0.416667
vt 1.000051 0.000000
vt 0.500025 0.000000
vt 0.500025 0.416667
vt 0.447214 0.000001
vt 0.990768 0.000002
vt 0.990768 0.500001
vt 0.447214 0.500000
vt 0.000051 1.000000
vt 0.500051 1.000000
vt 0.000051 0.498831
vt 0.618041 1.000000
vt 0.499906 1.000000
vt 0.499906 0.000000
vt 0.500025 1.000000
vt 0.500025 0.498158
vt 0.000000 0.497661
vt 0.625000 1.000000
vt 0.375000 1.000000
vt 0.375000 0.000000
vt 0.625000 0.000000
vt 0.454698 0.000140
vt 0.000068 0.272713
vt 0.000067 0.000068
vt 0.000000 0.416667
vt 0.000000 0.833333
vt 0.500025 0.833333
vt 0.551134 0.833333
vt 1.000000 0.833333
vt 1.000000 0.416667
vt 0.551134 0.416667
vt 0.618041 0.416667
vt 0.000000 0.500000
vt 0.990767 1.000000
vt 0.000000 0.409982
vt 0.491883 0.000000
vt 0.900331 0.000000
vt 1.000000 0.519801
vt 0.199913 0.417316
vt 0.750000 0.250000
vt 0.332601 0.000000
vt 0.332621 1.000000
vt 0.000000 0.417339
vt 0.000000 1.000000
vt 0.000000 0.500000
vt 0.332687 0.000000
vt 0.333038 1.000000
vt 0.993297 1.000000
vt 0.993297 0.529149
vt 0.332270 1.000000
vt 0.332621 0.000000
vt 0.332418 0.000000
vt 0.332525 1.000000
vt 0.332270 0.000000
vt 0.332418 1.000000
vt 0.700397 0.200076
vt 0.166696 0.984184
vt 0.166696 0.574090
vt 0.333267 0.574090
vt 0.333267 0.984184
vt 0.166696 0.164045
vt 0.333267 0.164045
vt 0.000051 0.416667
vt 0.500051 0.416667
vt 0.000051 0.000000
vt 1.000051 1.000000
vt 1.000051 0.500024
vt 1.000000 0.332855
vt 0.000000 0.333165
vt 1.000000 0.332530
vt 0.000000 0.332855
vt 0.333165 0.000000
vt 0.690345 1.000000
vt 1.000051 0.498831
vt 0.667364 0.000000
vt 0.667399 1.000000
vt 0.000000 0.999981
vt 0.374182 1.000000
vt 1.000000 0.499914
vt 0.000000 0.499825
vt 0.000000 1.000000
vt 0.000000 0.000000
vt 0.774649 0.000000
vt 0.667313 0.000000
vt 0.667364 1.000000
s 1
usemtl platform
f 481/95/126 429/96/127 512/97/128
f 509/116/140 483/117/126 488/118/140
f 430/122/143 488/118/140 482/123/144
f 531/124/145 530/125/126 489/126/126
f 489/126/126 553/127/145 531/124/145
f 487/101/126 522/128/126 521/129/126
f 521/129/126 556/132/146 484/133/147
f 594/142/152 436/143/153 434/144/154
f 595/145/126 455/146/126 456/147/126
f 596/148/126 456/147/126 482/123/144
f 483/117/126 509/116/140 429/96/127
f 494/102/126 487/164/126 437/165/126 491/166/126
f 459/103/126 457/102/126 438/101/126 442/149/126
f 564/169/126 490/170/126 530/125/126 527/171/126
f 555/172/145 531/124/145 553/127/145 486/173/145
f 440/149/126 432/101/126 434/102/154 441/103/126
f 458/102/126 440/101/126 438/149/126 457/103/126
f 493/149/126 492/101/126 485/102/126 491/103/126
f 488/118/140 483/117/126 492/187/126 493/188/126
f 431/149/126 442/101/126 443/102/126 433/103/126
f 481/95/126 483/117/126 429/96/127
f 487/102/126 594/103/152 435/149/126 437/101/126
f 442/149/126 438/101/126 439/102/126 443/103/126
f 530/125/126 490/170/126 494/221/126 489/126/126
f 436/143/153 594/142/152 487/223/126
f 436/143/153 487/101/126 521/129/126 484/224/147
f 430/122/143 509/116/140 488/118/140
f 455/102/126 432/101/126 440/149/126 458/103/126
f 485/103/126 489/149/126 494/101/126 491/102/126
f 459/102/126 442/101/126 431/149/126 454/103/126
f 522/128/126 490/170/126 564/169/126 517/244/126
f 596/148/126 482/123/144 488/118/140 493/188/126
f 594/102/152 434/103/154 432/269/126 435/166/126
f 596/102/126 437/101/126 435/149/126 595/103/126
f 596/148/126 595/145/126 456/147/126
f 493/102/126 491/270/126 437/187/126 596/103/126
f 522/128/126 487/101/126 494/221/126 490/170/126
f 435/101/126 432/149/126 455/103/126 595/271/126
f 438/149/126 440/101/126 441/102/126 439/103/126
usemtl regular_walls
f 436/84/119 484/85/120 568/86/121
f 473/87/122 472/88/123 474/89/123
f 568/86/121 567/90/124 585/91/125 436/84/119
f 470/92/123 475/93/123 445/94/123
f 571/98/123 572/99/123 500/100/123
f 477/101/129 503/102/129 474/103/129
f 476/104/130 475/105/130 502/106/130
f 482/107/131 593/108/132 516/109/133
f 471/130/123 569/131/123 475/93/123 470/92/123
f 588/134/148 578/135/149 576/136/148
f 585/91/125 567/90/124 566/137/120
f 516/109/133 593/108/132 507/138/150
f 474/89/123 472/88/123 461/139/123
f 477/140/151 565/141/151 503/101/151
f 450/103/155 448/149/155 446/101/155 452/102/155
f 476/158/151 502/159/151 565/141/151 477/140/151
f 480/160/161 454/161/161 431/162/161 478/163/161
f 554/167/160 443/101/160 439/102/160 577/168/160
f 476/149/130 451/101/130 445/102/130 475/103/130
f 464/149/129 460/101/129 465/102/129 466/103/129
f 444/149/160 584/167/160 554/168/160 448/103/160
f 466/103/129 468/149/129 462/101/129 464/102/129
f 508/174/148 580/175/148 483/102/148 481/176/148
f 583/168/163 575/167/160 441/101/160 434/102/164
f 472/181/166 592/182/167 591/183/168 461/149/169
f 462/149/170 463/103/170 587/168/170 586/184/170
f 464/103/170 590/185/170 589/186/170 460/149/170
f 447/103/160 446/149/160 577/167/160 575/168/160
f 590/185/170 459/102/170 454/101/170 589/186/170
f 449/149/123 450/101/123 466/102/123 465/103/123
f 452/149/123 453/101/123 469/102/123 468/103/123
f 434/101/164 436/84/119 585/91/125 583/167/163
f 583/167/163 585/91/125 470/181/173 445/149/174
f 461/149/129 463/101/129 469/102/129 467/103/129
f 477/149/123 467/101/123 451/102/123 476/103/123
f 453/103/155 452/149/155 446/101/155 447/102/155
f 565/189/123 498/190/123 501/191/123 503/192/123
f 478/160/161 431/161/161 433/162/161 479/163/161
f 498/197/148 500/198/148 588/134/148 581/199/148
f 495/200/148 497/103/148 580/175/148 508/174/148
f 497/149/148 501/203/148 582/204/148 580/205/148
f 453/149/123 451/101/123 467/102/123 469/103/123
f 502/210/123 475/93/123 570/211/123 504/212/123
f 572/99/123 499/190/123 500/100/123
f 503/192/123 505/213/123 473/214/122 474/215/123
f 496/216/123 473/217/122 505/218/123 598/219/123
f 497/102/123 495/176/123 598/220/123 505/218/123
f 475/93/123 569/131/123 570/211/123
f 489/100/148 588/134/148 576/136/148 553/225/148
f 591/226/168 455/102/187 458/101/170 587/167/170
f 592/182/167 456/84/189 455/101/187 591/183/168
f 449/149/155 444/101/155 448/102/155 450/103/155
f 450/149/123 452/101/123 468/102/123 466/103/123
f 580/205/148 582/204/148 492/191/148 483/101/148
f 495/149/170 508/231/192 597/111/193 598/178/170
f 461/149/129 467/101/129 477/102/129 474/103/129
f 458/102/170 457/101/170 586/184/170 587/168/170
f 448/149/160 554/167/160 577/168/160 446/103/160
f 501/191/123 497/101/123 505/213/123 503/192/123
f 469/103/129 463/149/129 462/101/129 468/102/129
f 473/236/198 593/237/199 592/182/167 472/181/166
f 453/149/155 447/101/155 445/102/130 451/103/130
f 565/251/123 502/252/123 500/100/123 498/253/123
f 500/198/148 499/254/149 579/255/149 588/134/148
f 496/103/192 598/178/170 597/111/193 507/110/192
f 588/134/148 579/255/149 578/135/149
f 576/136/148 486/190/148 553/225/148
f 584/167/160 433/101/160 443/102/160 554/168/160
f 582/204/148 581/262/148 485/190/148 492/191/148
f 445/103/174 447/149/160 575/167/160 583/168/163
f 575/168/160 577/167/160 439/101/160 441/102/160
f 496/265/206 507/138/150 593/108/132 473/266/207
f 581/199/148 588/134/148 489/100/148 485/253/148
f 501/203/148 498/254/148 581/262/148 582/204/148
f 464/149/170 462/103/170 586/267/170 590/268/170
f 471/236/208 470/181/173 585/91/125 566/137/120
f 457/102/170 459/101/170 590/268/170 586/267/170
f 461/103/169 591/226/168 587/167/170 463/149/170
f 593/237/199 482/85/209 456/84/189 592/182/167
f 481/101/210 512/114/210 506/227/211 508/231/192
f 571/98/123 500/100/123 502/252/123 504/189/123
f 597/111/193 508/231/192 506/227/211
usemtl plank
f 507/110/134 597/111/135 510/112/136
f 514/113/137 512/114/138 429/115/139
f 511/119/141 597/120/135 506/121/142
f 430/193/175 482/194/176 516/195/177 515/196/178
f 516/195/177 507/222/181 510/112/182 515/196/178
f 513/168/183 514/113/184 429/115/185 509/102/186
f 514/113/137 506/227/188 512/114/138
f 511/119/141 510/228/136 597/120/135
f 511/232/194 513/233/195 515/196/178 510/112/182
f 513/233/195 509/101/197 430/193/175 515/196/178
f 511/103/204 506/261/205 514/113/184 513/168/183
usemtl yellow_board
f 543/154/160 523/155/160 520/156/160 542/157/160
f 538/103/160 546/149/160 548/101/160 529/102/160
f 552/154/162 532/155/160 529/156/160 549/157/162
f 548/149/123 545/101/123 524/102/123 529/103/123
f 544/149/170 517/101/170 518/102/170 541/103/170
f 550/149/171 551/101/172 524/102/170 528/103/170
f 539/149/170 528/101/170 524/102/170 535/103/170
f 525/103/161 523/149/161 543/101/161 544/102/161
f 522/154/160 543/155/160 542/156/160 521/157/160
f 534/149/146 537/101/126 561/229/126 559/230/146
f 523/149/123 525/101/123 545/102/123 548/103/123
f 544/103/161 543/149/161 522/101/161 517/102/161
f 536/149/170 525/101/170 519/102/170 533/103/170
f 540/157/160 538/154/160 529/155/160 532/156/160
f 546/103/160 537/149/160 523/101/160 548/102/160
f 536/149/170 547/101/170 545/102/170 525/103/170
f 547/149/170 535/101/170 524/102/170 545/103/170
f 529/149/148 524/101/148 551/102/148 549/103/148
f 562/234/145 538/101/145 540/149/145 563/235/145
f 531/154/196 552/155/162 549/156/162 530/157/196
f 558/238/148 520/149/148 534/101/148 559/239/148
f 521/149/148 542/101/148 557/240/148 556/241/148
f 542/149/148 520/101/148 558/242/148 557/243/148
f 549/149/148 551/101/148 527/102/148 530/103/148
f 526/149/200 527/101/200 551/102/172 550/103/171
f 573/256/161 574/257/161 532/101/161 552/102/161
f 555/258/161 573/259/161 552/101/161 531/102/161
f 563/235/161 540/149/161 532/101/161 574/260/161
f 546/102/126 560/263/126 561/264/126 537/103/126
f 525/149/170 544/101/170 541/102/170 519/103/170
f 523/157/160 537/154/160 534/155/160 520/156/160
f 538/102/145 562/272/145 560/273/126 546/103/126
usemtl green_wall
f 579/150/156 499/151/157 572/152/158 563/153/159
f 559/177/165 561/178/160 570/179/160 569/180/160
f 562/201/158 563/153/159 572/152/158 571/202/158
f 566/206/179 559/207/165 569/208/160 471/209/180
f 484/149/190 556/101/190 557/179/191 568/178/191
f 560/103/160 562/201/158 571/202/158 504/102/160
f 486/245/201 576/246/202 573/247/202 555/248/201
f 578/249/203 579/151/156 563/152/159 574/250/203
f 561/178/160 560/149/160 504/101/160 570/179/160
f 568/149/191 557/101/191 558/179/201 567/178/201
f 567/149/201 558/101/201 559/179/165 566/178/179
f 576/246/202 578/249/203 574/250/203 573/247/202
o pyramid
v 7.724382 15.533387 -12.897444 0.1026 0.0703 0.0652
v 5.546886 11.814801 -11.025345 0.0213 0.0032 0.0032
v 17.079069 11.814801 -11.025345 0.0114 0.0011 0.0014
v 14.854923 15.533396 -12.897439 0.1020 0.0739 0.0690
v 11.289696 21.469219 -15.678683 0.0378 0.0207 0.0185
v 13.349710 18.039465 -14.071672 0.0596 0.0369 0.0352
v 11.663622 19.051117 -14.567986 0.0671 0.0387 0.0349
v 10.412069 18.818447 -14.436660 0.0746 0.0566 0.0549
v 10.975548 18.311316 -14.199042 0.0758 0.0423 0.0386
v 9.339760 18.222717 -14.157527 0.1081 0.0892 0.0900
v 6.635634 13.674094 -11.961394 0.0727 0.0477 0.0442
v 11.312978 11.814801 -11.025345 0.2174 0.2449 0.2745
v 11.289653 15.533392 -12.897442 0.1298 0.0989 0.0956
v 15.966996 13.674099 -11.961391 0.0608 0.0367 0.0341
v 11.301315 13.674096 -11.961393 0.1819 0.1493 0.1494
v 14.102317 16.786430 -13.484555 0.0844 0.0585 0.0552
v 8.532071 16.878052 -13.527486 0.0938 0.0583 0.0538
v 11.168405 16.832241 -13.506021 0.1005 0.0680 0.0633
v 9.507017 15.533390 -12.897443 0.1235 0.0898 0.0860
v 10.157654 18.267015 -14.178285 0.0756 0.0485 0.0441
v 8.429932 11.814801 -11.025345 0.0252 0.0130 0.0155
v 8.968475 13.674095 -11.961393 0.1954 0.1546 0.1538
v 9.850238 16.855146 -13.516753 0.1034 0.0818 0.0785
v 14.196024 11.814801 -11.025345 0.0515 0.0405 0.0497
v 12.162629 18.175390 -14.135357 0.0677 0.0425 0.0375
v 13.072289 15.533394 -12.897440 0.1191 0.0829 0.0778
v 13.634155 13.674098 -11.961392 0.1707 0.1364 0.1312
v 12.635361 16.809336 -13.495288 0.1004 0.0605 0.0547
vn -0.0000 0.4243 0.9055
vn 0.0137 0.4267 0.9043
vn -0.0000 0.4497 0.8932
vt 0.440054 1.000000
vt 0.000000 0.083930
vt 0.258447 0.260976
vt 0.405600 0.128749
vt 0.566458 0.342903
vt 1.000000 0.083930
vt 0.000000 0.000000
vt 1.000000 1.000000
vt 0.000000 1.000000
vt 1.000000 0.000000
s 0
usemtl regular_walls
f 606/280/212 618/281/212 607/282/212
f 605/280/212 623/281/213 604/282/212
f 624/281/212 602/282/212 614/280/212 626/283/212
f 623/282/212 607/280/212 616/283/212 626/281/212
f 606/280/212 608/283/212 618/281/212
f 609/282/214 600/280/214 619/283/214 620/281/214
f 605/280/212 607/283/212 623/281/213
f 613/281/214 625/282/214 624/280/214 611/283/214
f 625/281/214 613/282/214 610/280/214 622/283/214
f 608/281/212 615/282/212 621/280/212 618/283/212
f 617/282/214 620/280/214 613/283/214 611/281/214
f 599/282/214 609/280/214 620/283/214 617/281/214
f 611/281/212 624/282/212 626/280/212 616/283/212
f 625/281/214 612/282/214 602/280/214 624/283/214
f 621/281/212 617/282/212 611/280/212 616/283/212
f 612/281/214 625/282/214 622/280/214 601/283/214
f 615/281/212 599/282/212 617/280/212 621/283/212
f 604/282/212 623/280/212 626/283/212 614/281/212
f 618/281/212 621/282/212 616/280/212 607/283/212
f 620/282/214 619/280/214 610/283/214 613/281/214
usemtl snow
f 603/274/212 608/275/212 606/276/212
f 606/276/212 607/277/212 603/274/212
f 605/278/212 603/274/212 607/277/212
f 604/279/212 603/274/212 605/278/212
o intro
v 11.118032 12.149736 -10.584948 0.5678 0.4092 0.4103
v 11.118032 13.189194 -10.584948 0.3566 0.2318 0.2115
v 10.881518 12.907749 -10.584948 0.4365 0.3113 0.2985
v 11.118032 13.046429 -10.584948 0.4191 0.2702 0.2542
v 10.945930 12.831245 -10.584948 0.4315 0.2877 0.2702
v 11.118032 12.887496 -10.584948 0.4271 0.3051 0.2956
v 11.008959 12.764961 -10.584948 0.4215 0.2877 0.2717
v 11.118032 12.746221 -10.584948 0.4461 0.3018 0.2856
v 11.118032 12.624649 -10.584948 0.4970 0.3755 0.3804
v 11.066987 12.691454 -10.584948 0.4547 0.2944 0.2825
v 11.118032 12.471498 -10.584948 0.5300 0.3914 0.3961
v 11.118032 12.308535 -10.584948 0.5438 0.4003 0.4035
v 11.012673 12.604121 -10.584948 0.5324 0.4000 0.4063
v 10.942903 12.518185 -10.584948 0.5353 0.3872 0.3902
v 10.872828 12.440592 -10.584948 0.5577 0.3996 0.4008
v 10.633445 12.281540 -10.584948 0.5061 0.3270 0.3301
v 10.816529 12.518335 -10.584948 0.5265 0.3968 0.3993
v 10.872990 12.590336 -10.584948 0.5142 0.3963 0.4023
v 10.811720 12.667724 -10.584948 0.4489 0.3023 0.2906
v 10.888268 12.770175 -10.584948 0.4267 0.2868 0.2679
v 10.947815 12.684695 -10.584948 0.4578 0.3065 0.2912
v 10.633445 13.081125 -10.584948 0.3564 0.2327 0.2206
v 10.831490 12.833820 -10.584948 0.4289 0.2828 0.2652
v 10.753324 12.736382 -10.584948 0.4571 0.3222 0.3081
v 9.790696 10.034950 -1.682725 0.3251 0.2914 0.2872
v 9.790700 10.034950 -4.282640 0.3934 0.3346 0.3283
v 10.840647 10.035000 -5.391610 0.9217 0.6590 0.5727
v 10.854386 10.034950 -6.827390 0.9575 0.5375 0.5074
v 11.118032 10.034950 -1.682725 0.4129 0.3780 0.3755
v 11.118032 10.034950 -7.665250 0.4841 0.3188 0.2707
v 10.193735 10.034950 -7.489154 0.5167 0.3319 0.3096
v 9.790700 10.034950 -7.879930 0.4713 0.2900 0.2505
v 11.118032 10.034950 -4.282640 0.4902 0.4721 0.4702
v 11.118032 10.035000 -5.391610 1.1586 0.8721 0.7505
v 11.118032 10.035000 -6.827390 1.1707 0.6607 0.6216
v 9.770830 9.034238 -4.282640 0.3685 0.0817 0.0673
v 10.840647 9.034238 -5.391610 0.7419 0.2254 0.2032
v 10.854386 9.034238 -6.827390 0.7358 0.2127 0.1965
v 10.193735 9.034238 -7.489154 0.6930 0.1314 0.1195
v 9.792363 9.034238 -7.879925 0.4410 0.0731 0.0650
v 10.391496 10.160555 -5.312201 0.7273 0.5128 0.4694
v 10.391496 10.160529 -6.880757 0.7781 0.4423 0.4089
v 10.391496 9.034238 -6.096478 0.7867 0.2486 0.2258
v 9.790701 9.034238 -7.697600 0.6089 0.0839 0.0758
v 9.790700 10.178679 -4.465350 0.4680 0.4038 0.3957
v 9.790701 10.178679 -7.697600 0.5466 0.3539 0.3040
v 9.790700 9.034238 -4.465350 0.5266 0.0959 0.0793
v 10.391496 9.034238 -6.880757 0.7526 0.1961 0.1818
v 9.790696 10.761618 -1.682725 0.4383 0.4042 0.3993
v 9.790696 10.761618 -4.282640 0.4650 0.4249 0.4193
v 9.385162 10.761618 -1.682725 0.2237 0.2173 0.2164
v 9.385162 11.100635 -1.682725 0.3059 0.2844 0.2821
v 9.385162 11.235032 -4.282640 0.4062 0.3728 0.3688
v 9.385162 11.235032 -9.629114 0.5663 0.3501 0.3354
v 11.118032 10.761618 -1.682725 0.4980 0.4574 0.4521
v 9.790696 11.100635 -1.682726 0.4543 0.4191 0.4152
v 11.118032 11.100635 -1.682726 0.4783 0.4327 0.4272
v 11.118032 10.758011 -9.118145 0.5655 0.3348 0.2931
v 10.786274 10.753042 -9.112774 0.5225 0.3409 0.2735
v 10.252424 10.753042 -9.614441 0.6435 0.3890 0.3526
v 11.118032 10.753042 -9.614441 0.6844 0.2772 0.2737
v 10.853303 10.055189 -5.362834 0.8961 0.6830 0.5965
v 10.954546 10.055189 -5.362834 0.9100 0.6921 0.6043
v 10.853303 10.055189 -5.464078 0.9053 0.6847 0.5977
v 10.954546 10.055189 -5.464078 0.9203 0.6941 0.6061
v 10.853303 10.055189 -5.854085 0.9148 0.5378 0.5055
v 10.954546 10.055189 -5.854085 0.9248 0.5552 0.5253
v 10.853303 10.055189 -5.955329 0.9091 0.5370 0.5073
v 10.954546 10.055189 -5.955329 0.9294 0.5457 0.5150
v 10.853303 10.055189 -6.350838 0.9194 0.5343 0.5054
v 10.954546 10.055189 -6.350838 0.9253 0.5311 0.5002
v 10.853303 10.055189 -6.452081 0.9155 0.5276 0.4967
v 10.954546 10.055189 -6.452081 0.9218 0.5338 0.5047
v 10.853303 10.055189 -6.854374 0.9114 0.5284 0.4982
v 10.954546 10.055189 -6.854374 0.9235 0.5400 0.5097
v 10.853303 10.055189 -6.955617 0.9030 0.5228 0.4924
v 10.954546 10.055189 -6.955617 0.9179 0.5253 0.4934
v 9.790696 10.761618 -10.271225 0.5284 0.3394 0.3271
v 9.385162 10.761618 -10.271225 0.4055 0.1763 0.1547
v 9.790696 11.104888 -10.271225 0.5916 0.4063 0.3869
v 10.199340 11.096312 -10.271225 0.8260 0.4154 0.4117
v 10.199340 10.753000 -10.656333 0.2273 0.1540 0.1584
v 10.199300 11.096312 -10.656431 0.5908 0.2780 0.2773
v 9.790696 10.034950 -2.982683 0.3610 0.3360 0.3327
v 11.118032 10.034950 -2.982683 0.4839 0.4722 0.4706
v 9.385162 11.235034 -2.982683 0.3727 0.3558 0.3538
v 11.118032 10.034950 -3.632661 0.4494 0.4274 0.4255
v 9.790696 10.034950 -3.632661 0.3727 0.3427 0.3387
v 9.385162 10.761618 -3.632661 0.2186 0.2090 0.2088
v 9.385162 11.235033 -3.632661 0.3888 0.3643 0.3611
v 9.790696 10.034950 -2.332704 0.3795 0.3519 0.3504
v 9.790696 10.761618 -2.332704 0.4419 0.4185 0.4172
v 9.385162 10.761618 -2.332704 0.2110 0.1949 0.1925
v 9.385162 11.235035 -2.332704 0.3750 0.3566 0.3542
v 11.118032 10.034950 -2.332704 0.4251 0.4108 0.4087
v 10.454364 10.034950 -1.682725 0.4006 0.3706 0.3664
v 10.454364 10.034950 -4.282640 0.4262 0.4021 0.3992
v 10.454364 10.034982 -4.983614 0.5172 0.3740 0.3601
v 10.454364 10.761618 -1.682725 0.4731 0.4355 0.4308
v 10.454364 11.100635 -1.682726 0.4517 0.4132 0.4089
v 10.454364 10.034950 -2.982683 0.4173 0.4040 0.4023
v 10.454364 10.034950 -3.632661 0.4114 0.3916 0.3897
v 10.454364 10.034950 -2.332704 0.4003 0.3825 0.3806
v 10.847517 10.034975 -6.109500 1.0154 0.5719 0.5391
v 11.118032 10.035000 -6.109500 0.7330 0.4507 0.4269
v 10.847517 9.034238 -6.109500 0.7680 0.2368 0.2168
v 11.118032 10.034982 -4.983613 0.4780 0.4226 0.4102
v 9.790700 10.178656 -5.312200 0.3286 0.2430 0.2313
v 9.790700 10.178679 -6.880760 0.2884 0.1806 0.1618
v 10.391496 10.160530 -6.096478 0.8796 0.5119 0.4782
v 10.391496 9.034238 -5.312201 0.7545 0.2266 0.2032
v 9.790700 10.178656 -6.096480 0.3825 0.3056 0.3024
v 9.790700 10.761618 -7.879930 0.5894 0.3786 0.3220
v 9.790699 10.761618 -7.624073 0.5197 0.3896 0.3670
v 9.790701 9.560145 -7.697600 0.7236 0.1247 0.1153
v 10.391496 9.560145 -6.880757 0.8632 0.2640 0.2451
v 9.790700 9.560145 -4.465350 0.6464 0.1313 0.1163
v 10.391496 9.560145 -6.096478 0.8977 0.3259 0.2981
v 10.391496 9.560145 -5.312201 0.8497 0.2978 0.2632
v 10.854386 9.560145 -6.827390 0.8529 0.2826 0.2626
v 10.193735 9.560145 -7.489154 0.7935 0.1646 0.1525
v 10.840647 9.560145 -5.391610 0.8858 0.3000 0.2688
v 9.791532 9.560145 -7.879928 0.5355 0.1143 0.1061
v 10.847517 9.560145 -6.109500 0.8645 0.3220 0.2994
v 9.780766 9.560145 -4.282640 0.4527 0.1120 0.0970
v 10.458980 9.034238 -4.995975 0.7359 0.1982 0.1776
v 10.456653 9.560145 -4.989831 0.8729 0.2374 0.2129
v 10.540543 9.034238 -7.141762 0.7319 0.2107 0.1950
v 10.540596 10.034950 -7.141708 0.5763 0.3492 0.3298
v 10.540538 9.560145 -7.141768 0.8182 0.2457 0.2283
v 10.783546 10.034950 -7.802021 0.5030 0.3369 0.2904
v 9.385162 11.235032 -8.960872 0.5004 0.3656 0.3436
v 9.385162 10.761618 -7.624186 0.1865 0.1674 0.1642
v 9.385162 11.235032 -7.624186 0.4409 0.3371 0.3229
v 9.385162 10.761618 -8.292496 0.4035 0.2160 0.1959
v 9.385162 11.235032 -8.292496 0.4742 0.3627 0.3439
v 9.385162 11.235032 -6.287568 0.4161 0.3473 0.3390
v 9.385162 11.235032 -4.950949 0.4088 0.3682 0.3621
v 9.385162 11.235032 -5.619258 0.4126 0.3579 0.3506
v 9.385162 10.761618 -5.619258 0.2325 0.1829 0.1773
v 9.385162 11.235032 -6.955877 0.4322 0.3553 0.3441
v 9.385162 10.761618 -6.955877 0.2661 0.1842 0.1786
v 9.385162 11.100632 -9.629114 0.3153 0.2134 0.2089
v 9.611507 10.761618 -4.282640 0.3533 0.3219 0.3199
v 9.611507 10.761618 -2.982683 0.3545 0.3382 0.3373
v 9.611506 10.761618 -5.619228 0.3903 0.3353 0.3318
v 9.611506 10.761618 -8.292128 0.4917 0.3483 0.3297
v 9.385162 11.100636 -2.332704 0.2515 0.2277 0.2247
v 9.385162 11.100632 -6.955877 0.3524 0.2684 0.2533
v 9.385162 11.100634 -3.632661 0.2976 0.2839 0.2826
v 9.385162 11.100635 -8.292496 0.4236 0.2962 0.2761
v 9.385162 11.100633 -8.960872 0.3602 0.2793 0.2672
v 9.385162 11.100635 -4.950949 0.3199 0.3004 0.2983
v 9.611506 10.761618 -6.955798 0.4002 0.3197 0.3151
v 9.385162 11.100633 -5.619258 0.3567 0.2710 0.2619
v 9.385162 11.100634 -6.287568 0.3609 0.2977 0.2898
v 9.385162 11.100635 -2.982683 0.3113 0.2818 0.2793
v 9.385162 11.100635 -4.282640 0.3454 0.2934 0.2868
v 9.385162 11.100633 -7.624186 0.3632 0.2775 0.2681
v 9.178286 11.100635 -1.682725 0.1971 0.1734 0.1716
v 9.178290 11.100600 -10.259902 0.3467 0.1608 0.1593
v 9.178286 11.100632 -9.629114 0.3541 0.1777 0.1838
v 9.178286 11.100636 -2.332704 0.1436 0.1226 0.1219
v 9.178286 11.100632 -6.955877 0.1736 0.1013 0.0970
v 9.178286 11.100634 -3.632661 0.0951 0.0816 0.0806
v 9.178286 11.100635 -8.292496 0.2694 0.1472 0.1499
v 9.178286 11.100633 -8.960872 0.1560 0.1205 0.1178
v 9.178286 11.100635 -4.950949 0.1152 0.0965 0.0965
v 9.178286 11.100633 -5.619258 0.1230 0.0766 0.0737
v 9.178286 11.100634 -6.287568 0.1073 0.0916 0.0908
v 9.178286 11.100635 -2.982683 0.1007 0.0888 0.0878
v 9.178286 11.100635 -4.282640 0.1087 0.0851 0.0843
v 9.178286 11.100633 -7.624186 0.1244 0.0908 0.0881
v 9.178287 11.809441 -10.259902 0.4975 0.3092 0.3008
v 9.178286 11.809473 -9.629114 0.5705 0.3799 0.3641
v 9.178286 11.809501 -2.332704 0.3841 0.3531 0.3493
v 9.178286 11.809473 -6.955877 0.5152 0.3901 0.3727
v 9.178286 11.809475 -3.632661 0.4326 0.3882 0.3823
v 9.178286 11.809475 -8.292496 0.5432 0.3745 0.3479
v 9.178286 11.809473 -8.960872 0.5648 0.3838 0.3591
v 9.178286 11.809475 -4.950949 0.4626 0.3886 0.3788
v 9.178286 11.809473 -5.619258 0.5086 0.4068 0.3940
v 9.178286 11.809475 -6.287568 0.5049 0.3919 0.3765
v 9.178286 11.809475 -2.982683 0.4080 0.3740 0.3696
v 9.178286 11.809475 -4.282640 0.4506 0.3926 0.3845
v 9.178286 11.809473 -7.624186 0.5146 0.3885 0.3676
v 9.385162 11.100635 -1.505113 0.2253 0.2011 0.2020
v 9.790696 11.100635 -1.505113 0.1889 0.1753 0.1733
v 9.178286 11.100635 -1.505113 0.1324 0.1236 0.1257
v 9.178286 11.809500 -1.682725 0.3551 0.3303 0.3268
v 9.385162 11.809500 -1.505113 0.4070 0.3490 0.3433
v 9.790696 11.809500 -1.505113 0.2978 0.2844 0.2847
v 9.178286 11.809500 -1.505113 0.3879 0.3296 0.3245
v 9.790696 11.809494 -1.682726 0.4208 0.3775 0.3736
v 11.118032 11.809494 -1.682726 0.4254 0.3781 0.3741
v 10.454364 11.809494 -1.682726 0.4288 0.3834 0.3793
v 10.199340 11.878605 -10.271225 0.5399 0.3679 0.3758
v 10.199300 11.878600 -10.656431 0.4609 0.3154 0.3266
v 9.178290 11.086849 -10.583400 0.0906 0.0615 0.0636
v 9.178287 11.809441 -10.583400 0.3985 0.3079 0.2919
v 11.118032 9.321173 -7.950561 0.4224 0.1735 0.0192
v 10.877788 9.321173 -8.047462 0.4039 0.1312 0.0000
v 10.697062 9.575562 -8.633438 0.4207 0.2056 0.0962
v 10.725193 9.702757 -8.877975 0.4105 0.2036 0.0958
v 10.668931 9.448368 -8.388901 0.4014 0.1507 0.0000
v 10.488766 9.964473 -8.283928 0.5144 0.2894 0.1927
v 10.680394 10.323520 -8.974209 0.5684 0.3591 0.2685
v 10.528470 10.143996 -8.629068 0.5266 0.3293 0.2519
v 11.118032 10.306012 -9.059326 0.5486 0.3653 0.2989
v 10.783546 9.784950 -7.802021 0.4977 0.2546 0.1584
v 11.118032 9.784950 -7.665255 0.5106 0.2739 0.1912
v 9.891849 11.809441 -10.583400 0.2740 0.2757 0.2997
v 9.375169 11.809441 -10.583400 0.4084 0.3231 0.3077
v 10.383445 11.344209 -10.459948 0.5297 0.3084 0.3260
v 10.383445 11.344209 -10.647448 0.4725 0.2808 0.2893
v 10.633445 11.344209 -10.459948 0.5180 0.3170 0.3299
v 10.508445 11.344209 -10.647448 0.4012 0.2317 0.2449
v 10.508445 11.344209 -10.522448 0.5068 0.2783 0.2939
v 10.508445 13.219210 -10.522448 0.2953 0.2127 0.2047
v 10.508445 13.219210 -10.647448 0.1622 0.1410 0.1445
v 10.633445 13.219210 -10.522448 0.3489 0.2566 0.2515
v 10.633445 11.344209 -10.522448 0.6079 0.3319 0.3465
v 10.633445 13.219210 -10.647448 0.2682 0.2423 0.2577
v 10.508445 12.149736 -10.522448 0.4836 0.3810 0.3916
v 10.633445 12.149736 -10.647448 0.4237 0.3048 0.3221
v 10.633445 12.149736 -10.522448 0.5309 0.3669 0.3724
v 10.508445 12.149736 -10.647448 0.3340 0.3266 0.3539
v 10.633445 11.746973 -10.647448 0.5703 0.3486 0.3552
v 10.633445 11.746973 -10.522448 0.6500 0.3861 0.3866
v 10.508445 11.746973 -10.647448 0.5181 0.3121 0.3140
v 10.508445 11.746973 -10.522448 0.6348 0.3900 0.3921
v 10.695960 10.753042 -10.656333 0.6104 0.3103 0.3129
v 10.695960 11.469200 -10.656333 0.7265 0.4066 0.4038
v 10.883400 11.781700 -10.656333 0.6682 0.4036 0.4003
v 10.199300 11.469200 -10.656333 0.7003 0.3540 0.3458
v 10.199300 11.781700 -10.656333 0.6284 0.3373 0.3279
v 10.883400 12.031700 -10.656333 0.6183 0.4094 0.4106
v 10.199300 12.031700 -10.656333 0.5404 0.3957 0.4033
v 11.118032 11.781700 -10.656333 0.6490 0.4167 0.4194
v 11.118032 12.031700 -10.656333 0.6036 0.4158 0.4172
v 11.118032 10.483141 -9.082144 0.5681 0.3803 0.3072
v 9.790700 10.454476 -9.100420 0.5418 0.3163 0.2168
v 10.528470 10.436984 -8.629068 0.6108 0.3926 0.3063
v 10.568174 10.590364 -8.974209 0.6860 0.4472 0.3062
v 9.790700 10.324694 -8.843410 0.5229 0.3182 0.2312
v 9.790697 10.648499 -9.466433 0.5735 0.3173 0.2409
v 11.118032 9.831680 -8.932705 0.4487 0.2232 0.1177
v 11.118032 9.321945 -8.363387 0.9991 0.2126 0.1676
v 11.118032 9.560999 -8.823293 0.3593 0.0263 0.0000
v 11.118032 9.440829 -8.592104 0.9993 0.1368 0.0348
v 10.633445 13.219210 -10.584948 0.3562 0.2559 0.2483
v 10.633445 12.149736 -10.584948 0.4976 0.3502 0.3549
v 9.790696 10.761618 -9.629114 0.6209 0.4161 0.3957
v 9.385162 10.761618 -9.629114 0.4349 0.2250 0.2305
v 9.385162 11.100600 -10.259902 0.4062 0.2764 0.2633
v 9.941300 11.878605 -10.271225 0.3928 0.2673 0.2513
v 9.375183 11.086849 -10.583400 0.2268 0.1573 0.1515
v 9.941300 11.878601 -10.583400 0.2382 0.2703 0.3002
v 10.633445 12.447819 -10.584948 0.4685 0.3307 0.3356
v 10.748581 12.589841 -10.584948 0.5104 0.3870 0.3941
v 10.633445 12.895802 -10.584948 0.3776 0.2594 0.2496
v 10.633445 12.738829 -10.584948 0.4142 0.2554 0.2453
v 10.633445 12.586021 -10.584948 0.4652 0.2867 0.2800
v 10.693402 12.662148 -10.584948 0.4705 0.3236 0.3121
v 10.449062 10.034950 -7.938788 0.4726 0.3419 0.2995
v 9.385162 10.761618 -4.282640 0.2233 0.2065 0.2059
v 10.199340 10.753000 -10.271225 0.6641 0.3593 0.3655
v 9.790696 10.761618 -2.982683 0.4535 0.4102 0.4068
v 9.385162 10.761618 -2.982683 0.2285 0.2194 0.2182
v 9.790696 10.761618 -3.632661 0.4562 0.4271 0.4237
v 9.790697 10.761618 -4.950831 0.4618 0.4142 0.4079
v 9.385162 10.761618 -8.960872 0.2061 0.1664 0.1589
v 9.385162 10.761618 -6.287568 0.1925 0.1789 0.1769
v 9.385162 10.761618 -4.950949 0.2393 0.2317 0.2307
v 9.790697 10.761618 -5.619205 0.4725 0.3882 0.3774
v 9.790698 10.761618 -6.287632 0.5009 0.4041 0.3933
v 9.790699 10.761618 -6.955735 0.4888 0.3791 0.3646
v 9.790697 10.761618 -8.960111 0.6819 0.4521 0.3850
v 10.258445 10.753000 -10.647448 0.2669 0.1864 0.1964
v 10.258445 10.753000 -10.397448 0.5376 0.2545 0.2676
v 10.258445 11.031709 -10.397448 0.6736 0.2991 0.3107
v 10.258445 11.031709 -10.647448 0.5014 0.2427 0.2492
v 10.383445 11.031709 -10.647448 0.3997 0.2385 0.2478
v 10.383445 11.031709 -10.459948 0.7079 0.3064 0.3222
v 10.633445 11.031709 -10.459948 0.6706 0.2962 0.3087
v 10.633445 11.344209 -10.647448 0.6095 0.3247 0.3278
v 10.488766 10.282114 -8.283928 0.7468 0.4771 0.3260
v 10.639147 10.753000 -10.271225 0.7450 0.3383 0.3501
v 9.790700 10.215600 -8.516734 0.4830 0.2985 0.2231
v 9.790700 10.761618 -8.586399 0.6943 0.4391 0.3409
v 9.790699 10.761618 -8.291837 0.5972 0.4068 0.3567
v 11.118032 10.753000 -10.271225 0.6555 0.3003 0.3187
v 10.633400 10.753000 -10.656333 0.5253 0.2606 0.2683
v 11.118032 10.753000 -10.656333 0.5446 0.2893 0.3148
v 10.637298 10.753000 -10.397448 0.6808 0.3240 0.3324
v 10.633445 10.753000 -10.657396 0.2719 0.2930 0.3358
v 10.633445 11.031709 -10.397448 0.7033 0.3265 0.3448
v 10.633445 11.031709 -10.647448 0.5916 0.3245 0.3304
v 12.007390 10.169600 -6.936695 0.4982 0.3502 0.3240
v 12.154510 10.169600 -6.848463 0.3686 0.2514 0.2298
v 12.004539 10.169600 -6.765168 0.4873 0.3748 0.3607
v 12.055480 10.617402 -6.850109 0.5657 0.4145 0.3945
v 12.271811 10.169600 -5.125302 0.1421 0.0006 0.0008
v 12.390417 10.169600 -4.919869 0.1288 0.0000 0.0000
v 12.153204 10.169600 -4.919869 0.4154 0.3682 0.3601
v 12.271811 10.788805 -4.988347 0.5348 0.4612 0.4513
v 12.084303 10.169600 -5.248014 0.4314 0.3514 0.3387
v 12.230659 10.169600 -5.167176 0.1460 0.0000 0.0000
v 12.087474 10.169600 -5.080847 0.4296 0.3778 0.3689
v 12.134146 10.606040 -5.165346 0.5402 0.4402 0.4269
v 12.320084 10.169600 -5.336103 0.1350 0.0000 0.0000
v 12.372439 10.169600 -5.169036 0.1363 0.0006 0.0007
v 12.201577 10.169600 -5.207228 0.1546 0.0000 0.0000
v 12.298034 10.626613 -5.237456 0.5290 0.4283 0.4149
v 12.288322 10.169600 -6.045195 0.1258 0.0000 0.0000
v 12.358656 10.169600 -5.820759 0.1385 0.0000 0.0000
v 12.129122 10.169600 -5.872066 0.4320 0.3589 0.3498
v 12.258700 10.783545 -5.912673 0.5324 0.4246 0.4101
v 12.000834 10.169600 -6.130369 0.4814 0.3491 0.3298
v 12.147955 10.169600 -6.042137 0.3958 0.3028 0.2916
v 11.997984 10.169600 -5.958842 0.4606 0.3571 0.3438
v 12.048923 10.617402 -6.043783 0.5598 0.4171 0.4005
v 12.124979 10.169600 -7.078444 0.4873 0.3386 0.3086
v 12.353395 10.169600 -7.055203 0.1482 0.0001 0.0001
v 12.219060 10.169600 -6.869009 0.1298 0.0000 0.0000
v 12.232478 10.768921 -7.000886 0.5519 0.4254 0.4065
v 12.127127 10.169600 -6.742205 0.3944 0.3113 0.3026
v 12.310520 10.169600 -6.880341 0.1527 0.0000 0.0000
v 12.338452 10.169600 -6.652450 0.1289 0.0000 0.0000
v 12.258699 10.768921 -6.758332 0.5759 0.4668 0.4543
v 11.354545 12.907749 -10.584948 0.4192 0.2747 0.2589
v 11.290133 12.831245 -10.584948 0.4472 0.2978 0.2844
v 11.227104 12.764961 -10.584948 0.4295 0.2854 0.2685
v 11.169076 12.691454 -10.584948 0.4495 0.3145 0.3008
v 11.223390 12.604121 -10.584948 0.5084 0.3936 0.3984
v 11.293160 12.518185 -10.584948 0.5244 0.3945 0.3976
v 11.363235 12.440592 -10.584948 0.5460 0.4143 0.4204
v 11.602618 12.281540 -10.584948 0.5242 0.3697 0.3761
v 11.419534 12.518335 -10.584948 0.4979 0.3827 0.3882
v 11.363073 12.590336 -10.584948 0.5108 0.3975 0.4061
v 11.424343 12.667724 -10.584948 0.4373 0.2799 0.2629
v 11.347795 12.770175 -10.584948 0.4276 0.2884 0.2712
v 11.288248 12.684695 -10.584948 0.4267 0.2918 0.2783
v 11.602618 13.081125 -10.584948 0.3546 0.2368 0.2264
v 11.404573 12.833820 -10.584948 0.4259 0.2772 0.2644
v 11.482739 12.736382 -10.584948 0.4511 0.3044 0.2889
v 12.445367 10.034950 -1.682725 0.3242 0.2811 0.2766
v 12.445363 10.034950 -4.282640 0.4058 0.3345 0.3271
v 11.395416 10.035000 -5.391610 0.9282 0.6646 0.5795
v 11.381677 10.034950 -6.827390 0.9570 0.5332 0.5029
v 12.042328 10.034950 -7.489154 0.5224 0.3231 0.2987
v 12.445363 10.034950 -7.879930 0.4726 0.2848 0.2421
v 12.465233 9.034238 -4.282640 0.3774 0.0898 0.0763
v 11.395416 9.034238 -5.391610 0.7462 0.2246 0.2021
v 11.381677 9.034238 -6.827390 0.7335 0.2100 0.1924
v 12.042328 9.034238 -7.489154 0.7007 0.1339 0.1218
v 12.443700 9.034238 -7.879925 0.4393 0.0733 0.0651
v 11.844567 10.160555 -5.312201 0.7371 0.5275 0.4851
v 11.844567 10.160529 -6.880757 0.7667 0.4323 0.4003
v 11.844567 9.034238 -6.096478 0.7805 0.2529 0.2293
v 12.445362 9.034238 -7.697600 0.6090 0.0858 0.0772
v 12.445363 10.178679 -4.465350 0.4815 0.3897 0.3805
v 12.445362 10.178679 -7.697600 0.5748 0.3458 0.2950
v 12.445363 9.034238 -4.465350 0.5193 0.0961 0.0803
v 11.844567 9.034238 -6.880757 0.7630 0.2037 0.1873
v 12.445367 10.761618 -1.682725 0.4370 0.4008 0.3962
v 12.445367 10.761618 -4.282640 0.4572 0.4179 0.4137
v 12.850901 10.761618 -1.682725 0.2198 0.2138 0.2130
v 12.850901 11.100635 -1.682725 0.3375 0.3116 0.3094
v 12.850901 11.235032 -4.282640 0.3860 0.3528 0.3485
v 12.850901 11.235032 -9.629114 0.5643 0.3710 0.3616
v 12.445367 11.100635 -1.682726 0.4326 0.3964 0.3914
v 11.449789 10.753042 -9.112774 0.4981 0.3223 0.2554
v 11.983639 10.753042 -9.614441 0.6391 0.3859 0.3503
v 11.382760 10.055189 -5.362834 0.9061 0.6887 0.6031
v 11.281517 10.055189 -5.362834 0.9129 0.6975 0.6112
v 11.382760 10.055189 -5.464078 0.9117 0.6854 0.5983
v 11.281517 10.055189 -5.464078 0.9177 0.6916 0.6026
v 11.382760 10.055189 -5.854085 0.9181 0.5459 0.5143
v 11.281517 10.055189 -5.854085 0.9241 0.5459 0.5132
v 11.382760 10.055189 -5.955329 0.9171 0.5422 0.5127
v 11.281517 10.055189 -5.955329 0.9253 0.5427 0.5123
v 11.382760 10.055189 -6.350838 0.9114 0.5267 0.4966
v 11.281517 10.055189 -6.350838 0.9329 0.5500 0.5213
v 11.382760 10.055189 -6.452081 0.9156 0.5347 0.5055
v 11.281517 10.055189 -6.452081 0.9327 0.5510 0.5221
v 11.382760 10.055189 -6.854374 0.9067 0.5272 0.4965
v 11.281517 10.055189 -6.854374 0.9204 0.5294 0.4987
v 11.382760 10.055189 -6.955617 0.9053 0.5229 0.4915
v 11.281517 10.055189 -6.955617 0.9121 0.5278 0.4970
v 12.445367 10.761618 -10.271225 0.5452 0.3934 0.3962
v 12.850901 10.761618 -10.271225 0.4063 0.1900 0.1721
v 12.445367 11.104888 -10.271225 0.6564 0.4956 0.4936
v 12.036723 11.096312 -10.271225 0.8259 0.4133 0.4073
v 12.036723 10.753000 -10.656333 0.2045 0.1597 0.1659
v 12.036763 11.096312 -10.656431 0.6084 0.2350 0.2272
v 12.445367 10.034950 -2.982683 0.3614 0.3375 0.3340
v 12.850901 11.235034 -2.982683 0.3759 0.3566 0.3550
v 12.445367 10.034950 -3.632661 0.3745 0.3339 0.3293
v 12.850901 10.761618 -3.632661 0.2067 0.1939 0.1932
v 12.850901 11.235033 -3.632661 0.3751 0.3542 0.3509
v 12.445367 10.034950 -2.332704 0.3489 0.3254 0.3221
v 12.445367 10.761618 -2.332704 0.4508 0.4296 0.4268
v 12.850901 10.761618 -2.332704 0.2101 0.1906 0.1879
v 12.850901 11.235035 -2.332704 0.3573 0.3388 0.3363
v 11.781699 10.034950 -1.682725 0.3882 0.3584 0.3547
v 11.781699 10.034950 -4.282640 0.4363 0.4104 0.4076
v 11.781699 10.034982 -4.983614 0.5136 0.3682 0.3542
v 11.781699 10.761618 -1.682725 0.4880 0.4432 0.4383
v 11.781699 11.100635 -1.682726 0.4836 0.4467 0.4434
v 11.781699 10.034950 -2.982683 0.4249 0.4062 0.4042
v 11.781699 10.034950 -3.632661 0.4171 0.3989 0.3967
v 11.781699 10.034950 -2.332704 0.4001 0.3727 0.3710
v 11.388546 10.034975 -6.109500 1.0172 0.5663 0.5332
v 11.388546 9.034238 -6.109500 0.7715 0.2377 0.2165
v 12.445363 10.178656 -5.312200 0.3133 0.2306 0.2195
v 12.445363 10.178679 -6.880760 0.2820 0.1890 0.1707
v 11.844567 10.160530 -6.096478 0.8733 0.5048 0.4715
v 11.844567 9.034238 -5.312201 0.7667 0.2230 0.2007
v 12.445363 10.178656 -6.096480 0.3648 0.2642 0.2495
v 12.445363 10.761618 -7.879930 0.5725 0.3681 0.3129
v 12.445364 10.761618 -7.624073 0.5098 0.3837 0.3605
v 12.445362 9.560145 -7.697600 0.7195 0.1304 0.1206
v 11.844567 9.560145 -6.880757 0.8685 0.2694 0.2514
v 12.445363 9.560145 -4.465350 0.6452 0.1324 0.1168
v 11.844567 9.560145 -6.096478 0.8871 0.3285 0.3041
v 11.844567 9.560145 -5.312201 0.8534 0.3002 0.2638
v 11.381677 9.560145 -6.827390 0.8448 0.2757 0.2577
v 12.042328 9.560145 -7.489154 0.7935 0.1700 0.1583
v 11.395416 9.560145 -5.391610 0.8869 0.2950 0.2648
v 12.444531 9.560145 -7.879928 0.5417 0.1139 0.1057
v 11.388546 9.560145 -6.109500 0.8536 0.3014 0.2794
v 12.455297 9.560145 -4.282640 0.4538 0.1198 0.1050
v 11.777083 9.034238 -4.995975 0.7399 0.1976 0.1769
v 11.779410 9.560145 -4.989831 0.8756 0.2377 0.2100
v 11.695520 9.034238 -7.141762 0.7323 0.2078 0.1933
v 11.695467 10.034950 -7.141708 0.5741 0.3402 0.3199
v 11.695525 9.560145 -7.141768 0.8187 0.2528 0.2357
v 11.452517 10.034950 -7.802021 0.4952 0.3227 0.2746
v 12.850901 11.235032 -8.960872 0.5127 0.3682 0.3503
v 12.850901 10.761618 -7.624186 0.2033 0.1814 0.1782
v 12.850901 11.235032 -7.624186 0.4346 0.3320 0.3190
v 12.850901 10.761618 -8.292496 0.3970 0.2372 0.2238
v 12.850901 11.235032 -8.292496 0.4931 0.3484 0.3290
v 12.850901 11.235032 -6.287568 0.4230 0.3522 0.3440
v 12.850901 11.235032 -4.950949 0.4077 0.3613 0.3556
v 12.850901 11.235032 -5.619258 0.4190 0.3649 0.3589
v 12.850901 10.761618 -5.619258 0.2367 0.1905 0.1878
v 12.850901 11.235032 -6.955877 0.4151 0.3392 0.3308
v 12.850901 10.761618 -6.955877 0.2734 0.1798 0.1754
v 12.850901 11.100632 -9.629114 0.3170 0.2087 0.2004
v 12.624556 10.761618 -4.282640 0.3479 0.3167 0.3142
v 12.624556 10.761618 -2.982683 0.3770 0.3492 0.3480
v 12.624557 10.761618 -5.619228 0.3716 0.3211 0.3196
v 12.624557 10.761618 -8.292128 0.5061 0.3393 0.3218
v 12.850901 11.100636 -2.332704 0.2403 0.2167 0.2142
v 12.850901 11.100632 -6.955877 0.3602 0.2634 0.2488
v 12.850901 11.100634 -3.632661 0.3189 0.3040 0.3021
v 12.850901 11.100635 -8.292496 0.4175 0.2986 0.2805
v 12.850901 11.100633 -8.960872 0.3080 0.2257 0.2127
v 12.850901 11.100635 -4.950949 0.3234 0.2917 0.2890
v 12.624557 10.761618 -6.955798 0.4201 0.3071 0.2994
v 12.850901 11.100633 -5.619258 0.3512 0.2686 0.2589
v 12.850901 11.100634 -6.287568 0.3552 0.2925 0.2841
v 12.850901 11.100635 -2.982683 0.3175 0.2813 0.2774
v 12.850901 11.100635 -4.282640 0.3386 0.2812 0.2743
v 12.850901 11.100633 -7.624186 0.3773 0.2992 0.2902
v 13.057777 11.100635 -1.682725 0.2171 0.1971 0.1949
v 13.057773 11.100600 -10.259902 0.3481 0.1978 0.2012
v 13.057777 11.100632 -9.629114 0.3541 0.1952 0.2046
v 13.057777 11.100636 -2.332704 0.1621 0.1461 0.1444
v 13.057777 11.100632 -6.955877 0.1675 0.0867 0.0809
v 13.057777 11.100634 -3.632661 0.1080 0.0966 0.0969
v 13.057777 11.100635 -8.292496 0.2604 0.1362 0.1345
v 13.057777 11.100633 -8.960872 0.1495 0.1191 0.1214
v 13.057777 11.100635 -4.950949 0.1149 0.0960 0.0944
v 13.057777 11.100633 -5.619258 0.1413 0.0955 0.0928
v 13.057777 11.100634 -6.287568 0.1423 0.1256 0.1249
v 13.057777 11.100635 -2.982683 0.1156 0.1037 0.1025
v 13.057777 11.100635 -4.282640 0.1123 0.0961 0.0936
v 13.057777 11.100633 -7.624186 0.1421 0.0921 0.0891
v 13.057776 11.809441 -10.259902 0.5126 0.3659 0.3661
v 13.057777 11.809473 -9.629114 0.5812 0.3980 0.3850
v 13.057777 11.809501 -2.332704 0.3661 0.3369 0.3332
v 13.057777 11.809473 -6.955877 0.4944 0.3796 0.3601
v 13.057777 11.809475 -3.632661 0.4414 0.3947 0.3902
v 13.057777 11.809475 -8.292496 0.5392 0.3797 0.3564
v 13.057777 11.809473 -8.960872 0.5578 0.3942 0.3726
v 13.057777 11.809475 -4.950949 0.4611 0.3822 0.3709
v 13.057777 11.809473 -5.619258 0.4826 0.3815 0.3684
v 13.057777 11.809475 -6.287568 0.5009 0.4007 0.3889
v 13.057777 11.809475 -2.982683 0.4350 0.4028 0.3981
v 13.057777 11.809475 -4.282640 0.4602 0.3991 0.3924
v 13.057777 11.809473 -7.624186 0.5289 0.3887 0.3702
v 12.850901 11.100635 -1.505113 0.2144 0.1902 0.1885
v 12.445367 11.100635 -1.505113 0.1632 0.1514 0.1497
v 13.057777 11.100635 -1.505113 0.1170 0.0964 0.0943
v 13.057777 11.809500 -1.682725 0.3432 0.3131 0.3093
v 12.850901 11.809500 -1.505113 0.3671 0.3192 0.3132
v 12.445367 11.809500 -1.505113 0.3014 0.2930 0.2917
v 13.057777 11.809500 -1.505113 0.3652 0.3203 0.3147
v 12.445367 11.809494 -1.682726 0.4183 0.3688 0.3629
v 11.781699 11.809494 -1.682726 0.4242 0.3747 0.3682
v 12.036723 11.878605 -10.271225 0.5211 0.3594 0.3679
v 12.036763 11.878600 -10.656431 0.4543 0.2950 0.3049
v 13.057773 11.086849 -10.583400 0.1144 0.1134 0.1233
v 13.057776 11.809441 -10.583400 0.3869 0.2987 0.2871
v 11.358275 9.321173 -8.047462 0.4104 0.1419 0.0000
v 11.539001 9.575562 -8.633438 0.4228 0.1867 0.0325
v 11.510870 9.702757 -8.877975 0.4075 0.2221 0.1349
v 11.567132 9.448368 -8.388901 0.4102 0.1768 0.0266
v 11.747297 9.964473 -8.283928 0.5301 0.2912 0.1872
v 11.555669 10.323520 -8.974209 0.5677 0.3690 0.2863
v 11.707593 10.143996 -8.629068 0.5230 0.3057 0.2147
v 11.452517 9.784950 -7.802021 0.5224 0.2726 0.1850
v 12.344214 11.809441 -10.583400 0.3057 0.3039 0.3306
v 12.860894 11.809441 -10.583400 0.4156 0.3167 0.3043
v 11.852618 11.344209 -10.459948 0.4645 0.2799 0.2911
v 11.852618 11.344209 -10.647448 0.4848 0.2780 0.2866
v 11.602618 11.344209 -10.459948 0.5208 0.3230 0.3385
v 11.727618 11.344209 -10.647448 0.4048 0.2306 0.2397
v 11.727618 11.344209 -10.522448 0.4892 0.2545 0.2703
v 11.727618 13.219210 -10.522448 0.2856 0.1995 0.1907
v 11.727618 13.219210 -10.647448 0.2018 0.1708 0.1768
v 11.602618 13.219210 -10.522448 0.3258 0.2297 0.2212
v 11.602618 11.344209 -10.522448 0.5936 0.3256 0.3389
v 11.602618 13.219210 -10.647448 0.2220 0.2137 0.2291
v 11.727618 12.149736 -10.522448 0.4754 0.3649 0.3752
v 11.602618 12.149736 -10.647448 0.4247 0.3052 0.3195
v 11.602618 12.149736 -10.522448 0.5449 0.3803 0.3846
v 11.727618 12.149736 -10.647448 0.3322 0.2928 0.3150
v 11.602618 11.746973 -10.647448 0.5665 0.3339 0.3345
v 11.602618 11.746973 -10.522448 0.6516 0.3859 0.3870
v 11.727618 11.746973 -10.647448 0.5282 0.3259 0.3303
v 11.727618 11.746973 -10.522448 0.6108 0.3782 0.3788
v 11.540103 10.753042 -10.656333 0.5832 0.3183 0.3275
v 11.540103 11.469200 -10.656333 0.7122 0.3700 0.3615
v 11.352663 11.781700 -10.656333 0.6265 0.3306 0.3362
v 12.036763 11.469200 -10.656333 0.7248 0.3544 0.3471
v 12.036763 11.781700 -10.656333 0.6364 0.3481 0.3367
v 11.352663 12.031700 -10.656333 0.6043 0.4099 0.4097
v 12.036763 12.031700 -10.656333 0.5234 0.3680 0.3711
v 12.445363 10.454476 -9.100420 0.5427 0.3234 0.2294
v 11.707593 10.436984 -8.629068 0.5977 0.3689 0.2751
v 11.667889 10.590364 -8.974209 0.6878 0.4408 0.2940
v 12.445363 10.324694 -8.843410 0.5117 0.3126 0.2253
v 12.445366 10.648499 -9.466433 0.5739 0.3167 0.2399
v 11.602618 13.219210 -10.584948 0.3646 0.2470 0.2337
v 11.602618 12.149736 -10.584948 0.5378 0.3591 0.3649
v 12.445367 10.761618 -9.629114 0.6576 0.4523 0.4336
v 12.850901 10.761618 -9.629114 0.4378 0.2499 0.2617
v 12.850901 11.100600 -10.259902 0.3903 0.2748 0.2673
v 12.294763 11.878605 -10.271225 0.4058 0.2794 0.2683
v 12.860880 11.086849 -10.583400 0.2545 0.1635 0.1634
v 12.294763 11.878601 -10.583400 0.2313 0.2635 0.2925
v 11.602618 12.447819 -10.584948 0.4807 0.3478 0.3524
v 11.487482 12.589841 -10.584948 0.4918 0.3858 0.3911
v 11.602618 12.895802 -10.584948 0.3685 0.2186 0.2030
v 11.602618 12.738829 -10.584948 0.4256 0.2892 0.2780
v 11.602618 12.586021 -10.584948 0.4626 0.3490 0.3550
v 11.542661 12.662148 -10.584948 0.4463 0.3024 0.2875
v 11.787001 10.034950 -7.938788 0.4761 0.3452 0.3047
v 12.850901 10.761618 -4.282640 0.2016 0.1855 0.1836
v 12.036723 10.753000 -10.271225 0.6742 0.3770 0.3808
v 12.445367 10.761618 -2.982683 0.4499 0.4267 0.4236
v 12.850901 10.761618 -2.982683 0.2197 0.2114 0.2101
v 12.445367 10.761618 -3.632661 0.4526 0.4255 0.4227
v 12.445366 10.761618 -4.950831 0.4580 0.4095 0.4044
v 12.850901 10.761618 -8.960872 0.1968 0.1617 0.1513
v 12.850901 10.761618 -6.287568 0.1978 0.1842 0.1826
v 12.850901 10.761618 -4.950949 0.2307 0.2144 0.2130
v 12.445366 10.761618 -5.619205 0.4745 0.3910 0.3803
v 12.445365 10.761618 -6.287632 0.4843 0.3848 0.3738
v 12.445364 10.761618 -6.955735 0.4857 0.3813 0.3674
v 12.445366 10.761618 -8.960111 0.6603 0.4493 0.3790
v 11.977618 10.753000 -10.647448 0.3151 0.2309 0.2459
v 11.977618 10.753000 -10.397448 0.6896 0.3219 0.3304
v 11.977618 11.031709 -10.397448 0.6697 0.2964 0.3071
v 11.977618 11.031709 -10.647448 0.5200 0.2501 0.2526
v 11.852618 11.031709 -10.647448 0.3896 0.1960 0.1953
v 11.852618 11.031709 -10.459948 0.7336 0.2810 0.2911
v 11.602618 11.031709 -10.459948 0.6887 0.3197 0.3356
v 11.602618 11.344209 -10.647448 0.5985 0.3356 0.3385
v 11.747297 10.282114 -8.283928 0.7420 0.4758 0.3246
v 11.596916 10.753000 -10.271225 0.7099 0.3250 0.3414
v 12.445363 10.215600 -8.516734 0.4921 0.3131 0.2454
v 12.445363 10.761618 -8.586399 0.7061 0.4394 0.3421
v 12.445364 10.761618 -8.291837 0.5890 0.4088 0.3605
v 11.602663 10.753000 -10.656333 0.5107 0.2512 0.2587
v 11.598765 10.753000 -10.397448 0.6866 0.3277 0.3390
v 11.602618 10.753000 -10.657396 0.2495 0.2684 0.3075
v 11.602618 11.031709 -10.397448 0.6917 0.3042 0.3174
v 11.602618 11.031709 -10.647448 0.5948 0.3295 0.3348
v 10.228673 10.169600 -6.936695 0.4998 0.3629 0.3384
v 10.081553 10.169600 -6.848463 0.3594 0.2495 0.2306
v 10.231524 10.169600 -6.765168 0.4653 0.3462 0.3305
v 10.180583 10.617402 -6.850109 0.5682 0.4146 0.3930
v 9.964252 10.169600 -5.125302 0.1688 0.0394 0.0374
v 9.845646 10.169600 -4.919869 0.1624 0.0540 0.0536
v 10.082859 10.169600 -4.919869 0.4165 0.3683 0.3598
v 9.964252 10.788805 -4.988347 0.5312 0.4515 0.4413
v 10.151760 10.169600 -5.248014 0.4348 0.3563 0.3444
v 10.005404 10.169600 -5.167176 0.1778 0.0523 0.0518
v 10.148589 10.169600 -5.080847 0.4344 0.3774 0.3677
v 10.101917 10.606040 -5.165346 0.5316 0.4331 0.4192
v 9.915979 10.169600 -5.336103 0.1686 0.0575 0.0572
v 9.863624 10.169600 -5.169036 0.1787 0.0525 0.0525
v 10.034486 10.169600 -5.207228 0.1798 0.0355 0.0328
v 9.938029 10.626613 -5.237456 0.5247 0.4300 0.4165
v 9.947741 10.169600 -6.045195 0.1643 0.0587 0.0569
v 9.877407 10.169600 -5.820759 0.1735 0.0574 0.0611
v 10.106941 10.169600 -5.872066 0.4126 0.3452 0.3366
v 9.977363 10.783545 -5.912673 0.5387 0.4266 0.4126
v 10.235229 10.169600 -6.130369 0.4989 0.3654 0.3483
v 10.088108 10.169600 -6.042137 0.3985 0.3157 0.3030
v 10.238079 10.169600 -5.958842 0.4643 0.3560 0.3419
v 10.187140 10.617402 -6.043783 0.5638 0.4195 0.4017
v 10.111084 10.169600 -7.078444 0.4789 0.3322 0.3033
v 9.882668 10.169600 -7.055203 0.1847 0.0631 0.0647
v 10.017003 10.169600 -6.869009 0.1489 0.0211 0.0227
v 10.003585 10.768921 -7.000886 0.5589 0.4291 0.4116
v 10.108936 10.169600 -6.742205 0.4039 0.3153 0.3057
v 9.925543 10.169600 -6.880341 0.1799 0.0589 0.0590
v 9.897611 10.169600 -6.652450 0.1613 0.0600 0.0499
v 9.977364 10.768921 -6.758332 0.5803 0.4688 0.4550
vn -0.0000 -0.0000 1.0000
vn -0.0000 1.0000 -0.0000
vn -0.0001 1.0000 -0.0000
vn -0.0019 -0.0000 1.0000
vn 0.0002 -0.0000 1.0000
vn 0.0009 0.8231 0.5680
vn -0.0044 1.0000 -0.0019
vn -0.0680 0.9862 0.1512
vn -0.0003 -0.0000 1.0000
vn 0.0016 -0.0000 -1.0000
vn 0.0302 0.9995 -0.0000
vn 0.0301 0.9995 -0.0000
vn 1.0000 -0.0000 -0.0000
vn 0.9883 0.0001 -0.1522
vn 1.0000 0.0004 0.0010
vn -0.0000 -0.0000 -1.0000
vn 0.0001 -0.0000 -1.0000
vn 0.0003 -0.0000 -1.0000
vn 0.9884 -0.0014 0.1521
vn 0.9999 -0.0043 0.0112
vn 0.1313 0.3148 0.9400
vn 0.6193 0.3984 0.6765
vn -0.0000 0.6109 0.7917
vn 0.9520 0.1380 0.2733
vn 0.5969 0.1481 0.7886
vn 0.0199 -0.0153 0.9997
vn 0.0070 0.0005 1.0000
vn 0.0014 -0.0068 1.0000
vn -0.0443 0.9931 0.1082
vn -0.1655 0.9000 0.4032
vn -0.0954 0.9551 0.2803
vn -0.0617 0.9650 0.2550
vn 0.4896 0.8210 -0.2937
vn -0.1803 0.9488 0.2595
vn 0.7240 0.6729 0.1518
vn -0.1698 0.9149 0.3663
vn -0.2278 0.9000 0.3716
vn -0.2291 0.8975 0.3769
vn 0.5112 0.1099 -0.8524
vn 0.4826 0.1099 0.8689
vn -0.9938 0.1099 -0.0165
vn 0.8608 0.1099 -0.4970
vn -0.0000 0.1099 0.9939
vn -0.8608 0.1099 -0.4970
vn 0.4806 0.1099 -0.8700
vn 0.5132 0.1099 0.8512
vn -0.9938 0.1099 0.0188
vn 0.9485 0.1099 -0.2972
vn -0.2168 0.1099 0.9700
vn -0.7316 0.1099 -0.6728
vn 0.1006 0.1099 -0.9888
vn 0.8060 0.1099 0.5816
vn -0.9067 0.1099 0.4073
vn -0.5980 0.1099 -0.7939
vn 0.9866 0.1099 -0.1209
vn -0.3886 0.1099 0.9148
vn 0.9720 0.1730 -0.1592
vn 0.9920 -0.0000 -0.1261
vn 0.6765 -0.0000 -0.7364
vn 0.6403 0.2485 -0.7268
vn -0.9259 -0.0000 0.3779
vn -0.7077 -0.0000 0.7065
vn 0.0106 -0.0083 0.9999
vn 0.9528 -0.0000 0.3036
vn -0.7021 -0.0003 0.7121
vn -0.6965 -0.0006 0.7176
vn -0.6968 -0.0006 0.7172
vn -0.7023 -0.0003 0.7119
vn 0.9501 -0.0000 -0.3118
vn 0.9445 -0.0048 0.3286
vn 0.9396 -0.0049 0.3422
vn -0.7025 -0.0003 0.7117
vn -0.0000 0.9939 -0.1100
vn 1.0000 -0.0000 -0.0001
vn -0.0000 1.0000 0.0027
vn 0.0060 0.9811 0.1936
vn 0.0063 1.0000 -0.0004
vn -0.3060 0.9519 -0.0164
vn -0.0000 0.9998 -0.0213
vn 0.9496 -0.0000 -0.3136
vn 0.9508 0.0004 -0.3097
vn 0.9512 0.0004 -0.3085
vn 0.6559 0.6411 0.3985
vn 0.0862 0.7797 0.6201
vn -0.2297 0.8731 0.4299
vn -0.9264 0.0014 -0.3766
vn -0.9268 0.0015 -0.3755
vn -1.0000 -0.0000 -0.0096
vn -0.9259 0.0013 -0.3777
vn -0.7213 0.0058 -0.6926
vn -0.7229 0.0062 -0.6909
vn -0.7229 0.0098 -0.6909
vn -0.7245 0.0103 -0.6892
vn -0.7245 0.0066 -0.6892
vn -0.4452 0.8951 -0.0244
vn -0.0000 0.9991 -0.0425
vn -0.0000 1.0000 -0.0001
vn 0.0104 0.9999 -0.0005
vn -0.0000 0.2560 -0.9667
vn 0.7595 0.6506 -0.0000
vn 0.9999 0.0070 -0.0076
vn -0.6972 -0.0005 0.7169
vn -0.4201 0.9075 0.0001
vn -0.4515 0.8923 0.0001
vn -0.7213 0.0093 -0.6926
vn -1.0000 -0.0000 -0.0000
vn 0.9522 -0.0000 0.3053
vn 0.3695 0.8279 -0.4220
vn 1.0000 0.0001 -0.0001
vn -0.0058 0.8821 0.4710
vn 0.9576 0.1181 0.2629
vn -0.1397 0.8709 0.4711
vn -0.1725 0.1540 0.9729
vn 1.0000 -0.0004 0.0028
vn 1.0000 0.0027 0.0001
vn 0.0774 0.1816 0.9803
vn 1.0000 0.0008 0.0044
vn 0.9986 -0.0093 0.0525
vn 0.9966 -0.0094 0.0813
vn 0.0167 -0.0166 0.9997
vn 1.0000 0.0008 0.0068
vn -0.0000 0.2023 0.9793
vn 0.0001 1.0000 -0.0000
vn 0.0019 -0.0000 1.0000
vn -0.0002 -0.0000 1.0000
vn 0.0339 0.8535 0.5199
vn 0.0680 0.9862 0.1512
vn 0.0003 -0.0000 1.0000
vn -0.0016 -0.0000 -1.0000
vn -0.0302 0.9995 -0.0000
vn -0.0301 0.9995 -0.0000
vn -1.0000 0.0004 0.0010
vn -0.9883 0.0001 -0.1522
vn -0.0001 -0.0000 -1.0000
vn -0.0003 -0.0000 -1.0000
vn -0.9884 -0.0014 0.1521
vn -0.9999 -0.0043 0.0112
vn -0.6193 0.3984 0.6766
vn -0.9520 0.1380 0.2733
vn -0.5969 0.1481 0.7886
vn -0.0210 -0.0101 0.9997
vn -0.0125 -0.0019 0.9999
vn -0.0070 0.0005 1.0000
vn 0.0443 0.9931 0.1082
vn 0.0954 0.9551 0.2803
vn 0.1655 0.9000 0.4032
vn 0.0617 0.9650 0.2550
vn -0.4896 0.8210 -0.2937
vn -0.7240 0.6729 0.1518
vn 0.1698 0.9149 0.3663
vn 0.2291 0.8975 0.3769
vn 0.2278 0.9000 0.3716
vn -0.5112 0.1099 -0.8524
vn -0.4826 0.1099 0.8689
vn 0.9938 0.1099 -0.0165
vn -0.4806 0.1099 -0.8700
vn -0.5132 0.1099 0.8512
vn 0.9938 0.1099 0.0188
vn -0.9485 0.1099 -0.2972
vn 0.2168 0.1099 0.9700
vn 0.7316 0.1099 -0.6728
vn -0.1006 0.1099 -0.9888
vn -0.8060 0.1099 0.5816
vn 0.9067 0.1099 0.4073
vn 0.5980 0.1099 -0.7939
vn -0.9866 0.1099 -0.1209
vn 0.3886 0.1099 0.9148
vn -0.9720 0.1730 -0.1592
vn -0.6403 0.2485 -0.7268
vn -0.6765 -0.0000 -0.7364
vn -0.9920 -0.0000 -0.1261
vn 0.9259 -0.0000 0.3779
vn 0.7077 -0.0000 0.7065
vn -0.0045 -0.0056 1.0000
vn -0.9528 -0.0000 0.3036
vn 0.7021 -0.0003 0.7121
vn 0.7023 -0.0003 0.7119
vn 0.6968 -0.0006 0.7172
vn 0.6965 -0.0006 0.7176
vn -0.9501 -0.0000 -0.3118
vn -0.9396 -0.0049 0.3422
vn -0.9445 -0.0048 0.3286
vn 0.7025 -0.0003 0.7117
vn -1.0000 -0.0000 -0.0001
vn -0.0024 1.0000 0.0014
vn -0.0124 0.9999 0.0022
vn -0.0060 0.9811 0.1936
vn 0.3083 0.9512 -0.0128
vn -0.9496 -0.0000 -0.3136
vn -0.9508 0.0004 -0.3097
vn -0.9512 0.0004 -0.3085
vn -0.6559 0.6411 0.3984
vn -0.1596 0.7543 0.6369
vn 0.2297 0.8731 0.4299
vn 0.9264 0.0014 -0.3766
vn 1.0000 -0.0000 -0.0096
vn 0.9268 0.0015 -0.3755
vn 0.7229 0.0062 -0.6909
vn 0.7213 0.0058 -0.6926
vn 0.9259 0.0013 -0.3777
vn 0.7245 0.0066 -0.6892
vn 0.7245 0.0103 -0.6892
vn 0.7229 0.0098 -0.6909
vn 0.4452 0.8951 -0.0244
vn -0.0104 0.9999 -0.0005
vn -0.7595 0.6506 -0.0000
vn -0.9999 0.0070 -0.0076
vn 0.6972 -0.0005 0.7169
vn 0.4666 0.8845 -0.0013
vn 0.4201 0.9075 0.0001
vn 0.7213 0.0093 -0.6926
vn -0.9522 -0.0000 0.3053
vn -1.0000 0.0001 -0.0001
vn -0.9576 0.1181 0.2629
vn 0.1397 0.8709 0.4711
vn -1.0000 -0.0029 -0.0001
vn -1.0000 0.0013 0.0024
vn -1.0000 0.0008 0.0044
vn -0.9966 -0.0094 0.0813
vn -0.9986 -0.0093 0.0525
vn -0.0154 -0.0143 0.9998
vn -1.0000 0.0008 0.0068
vt 0.511962 0.291228
vt 1.000000 0.161557
vt 1.000000 0.028065
vt 0.494025 0.728039
vt 0.000000 0.876758
vt 0.000000 1.000000
vt 0.000000 0.129114
vt 0.000000 0.000000
vt 0.782633 0.575132
vt 1.000000 0.555938
vt 0.894723 0.493472
vt 1.000000 0.442264
vt 0.774967 0.424740
vt 1.000000 0.851518
vt 0.638644 0.655486
vt 0.000000 0.000000
vt 1.000000 1.000000
vt 1.000000 0.000000
vt 0.000000 1.000000
vt 0.648781 0.499792
vt 0.494360 0.588022
vt 0.500000 1.000000
vt 0.793893 0.095491
vt 0.206107 0.095492
vt 0.032572 0.075184
vt 0.950207 0.517616
vt 0.032572 0.960048
vt 0.168120 0.568143
vt 0.468919 0.844097
vt 0.469083 1.000000
vt 0.468816 0.246668
vt 0.468550 0.493335
vt 0.283058 0.049516
vt 0.987464 0.388739
vt 0.716942 0.049516
vt 0.000000 0.721281
vt 0.237613 0.588485
vt 0.000000 0.592056
vt 0.935664 0.327760
vt 0.935664 0.976928
vt 0.000000 0.449175
vt 0.247399 0.451464
vt 0.000000 0.302398
vt 0.123737 0.520876
vt 0.644892 0.362762
vt 0.377841 0.655345
vt 0.408715 0.360354
vt 0.525890 0.419865
vt 0.367916 0.515662
vt 1.000000 0.699141
vt 1.000000 0.310166
vt 0.000000 0.326904
vt 0.469083 0.000000
vt 0.500000 0.000000
vt 0.024472 0.654509
vt 0.975528 0.654508
vt 0.527475 0.976928
vt 0.521268 0.000000
vt 0.876334 0.155515
vt 0.972203 1.000000
vt 0.566843 1.000000
vt -0.000001 0.000000
vt 0.933013 0.250000
vt 0.066987 0.250000
vt 0.500000 0.000000
vt 0.500000 0.000000
vt 1.000000 1.000000
vt 0.000000 0.000000
vt 0.000000 1.000000
vt 0.012536 0.388740
vt 0.109084 0.811745
vt 0.890916 0.811745
vt -0.000001 1.000000
vt 1.000000 1.000000
vt 1.000000 0.000000
vt 0.000000 0.000000
vt 0.527475 0.327760
vt 0.000000 -0.000000
vt 0.481704 0.063957
vt 0.395318 0.639182
vt -0.000000 1.000000
s 1
usemtl floor
f 656/299/216 654/300/217 661/301/216
f 904/302/218 778/301/218 898/299/218
f 902/302/219 782/301/219 899/299/219
f 685/299/220 687/300/221 686/301/222
f 740/302/223 785/301/223 759/299/223
f 761/299/224 777/300/224 773/301/224
f 653/299/216 733/300/216 660/301/216
f 723/299/216 724/300/216 652/301/216
f 672/299/225 735/302/225 668/301/225
f 667/299/226 734/300/226 671/301/226
f 718/302/215 774/301/215 719/299/215
f 897/299/223 779/300/223 900/301/223
f 895/299/230 783/300/230 771/301/230
f 896/302/215 776/301/215 715/299/215
f 892/299/230 784/300/230 770/301/230
f 901/299/231 781/300/231 765/301/231
f 768/299/232 775/300/232 780/301/232
f 784/299/230 676/300/230 770/301/230
f 772/299/231 766/300/231 781/301/231
f 775/299/232 903/300/232 780/301/232
f 777/299/224 917/300/224 773/301/224
f 783/299/230 894/300/230 771/301/230
f 757/299/243 913/301/244 891/300/245
f 658/300/246 657/301/216 891/299/245
f 915/300/250 913/301/244 869/299/251 871/302/252
f 680/301/230 879/300/230 880/302/230
f 708/300/216 906/322/216 905/323/216
f 727/300/216 710/301/216 717/299/216 729/302/216
f 904/302/218 758/300/218 778/301/218
f 902/302/219 763/300/219 782/301/219
f 814/300/216 682/301/216 678/299/216 813/302/216
f 685/299/220 684/302/287 687/300/221
f 777/301/216 778/299/216 793/302/216 792/300/216
f 728/301/216 727/299/216 711/302/216 713/300/216
f 740/302/223 760/300/223 785/301/223
f 714/301/216 710/299/216 727/302/216 728/300/216
f 723/301/216 728/299/216 713/302/216 659/300/216
f 678/301/216 786/299/216 815/302/216 813/300/216
f 723/300/216 659/301/216 733/299/216 724/302/216
f 783/301/216 776/299/216 791/302/216 797/300/216
f 705/302/289 880/299/216 879/301/290 704/300/291
f 711/300/216 727/301/216 729/299/216 721/302/216
f 729/301/216 722/299/216 655/302/216 721/300/216
f 653/299/216 724/302/216 733/300/216
f 769/302/216 881/299/292 787/301/293 788/300/216
f 654/301/217 730/299/217 731/302/216 661/300/216
f 738/300/225 736/301/225 668/299/225 735/302/225
f 920/302/216 919/340/216 914/341/216 918/299/216
f 870/301/298 868/299/299 871/302/252 869/300/251
f 761/346/216 917/305/216 904/347/216 898/348/216
f 787/302/293 881/299/292 883/301/309 825/300/310
f 686/301/222 687/299/221 918/302/311 893/300/312
f 660/300/216 731/301/216 730/299/217 653/302/216
f 658/300/246 891/302/245 913/299/244 915/301/250
f 718/302/215 720/300/215 774/301/215
f 897/299/223 764/302/223 779/300/223
f 896/302/215 716/300/215 776/301/215
f 901/299/231 772/302/231 781/300/231
f 768/306/216 903/305/216 740/338/216 759/307/216
f 899/307/216 766/306/216 901/305/216 902/338/216
f 784/299/230 679/302/230 676/300/230
f 775/299/232 767/302/232 903/300/232
f 777/299/224 762/302/224 917/300/224
f 781/301/216 782/299/216 796/302/216 795/300/216
f 783/299/230 712/302/230 894/300/230
f 652/301/216 714/299/216 728/302/216 723/300/216
f 667/301/226 736/299/225 738/302/225 734/300/226
f 677/301/216 675/299/216 718/302/216 719/300/216
f 893/300/312 704/301/291 879/299/290 686/302/222
f 872/299/326 870/301/298 685/300/220 686/302/222
f 820/301/320 682/299/320 814/302/320 818/300/320
f 678/301/216 774/299/216 789/302/216 786/300/216
f 784/301/216 779/299/216 794/302/216 798/300/216
f 895/306/216 894/305/216 896/338/216 715/307/216
f 686/302/222 879/313/290 872/312/326
f 872/301/326 868/300/299 870/302/298
f 657/300/216 755/301/216 757/299/243 891/302/245
f 892/306/216 676/305/216 897/338/216 900/307/216
f 708/300/216 893/301/216 906/322/216
f 755/300/216 654/301/217 656/299/216 757/302/243
f 717/301/216 651/299/216 722/302/216 729/300/216
f 914/341/216 921/360/216 906/322/216 893/301/216
f 775/301/216 785/299/216 799/302/216 790/300/216
f 769/299/216 788/301/216 793/300/216 778/302/216
f 799/299/216 785/301/216 777/300/216 792/302/216
f 796/299/216 782/301/216 775/300/216 790/302/216
f 781/299/216 795/301/216 794/300/216 779/302/216
f 784/299/216 798/301/216 791/300/216 776/302/216
f 789/299/216 774/301/216 783/300/216 797/302/216
f 656/299/216 661/301/216 976/300/337
f 1201/302/338 1195/299/338 1086/301/338
f 1199/302/339 1196/299/339 1090/301/339
f 999/299/340 1000/301/341 687/300/221
f 1048/302/342 1067/299/342 1093/301/342
f 1069/299/343 1081/301/343 1085/300/343
f 975/299/216 660/301/216 733/300/216
f 1033/299/216 974/301/216 1034/300/216
f 989/299/344 985/301/344 1043/302/344
f 984/299/345 988/301/345 1042/300/345
f 1029/302/215 1030/299/215 1082/301/215
f 1194/299/342 1197/301/342 1087/300/342
f 1192/299/230 1079/301/230 1091/300/230
f 1193/302/215 1026/299/215 1084/301/215
f 1189/299/230 1078/301/230 1092/300/230
f 1198/299/348 1073/301/348 1089/300/348
f 1076/299/349 1088/301/349 1083/300/349
f 1092/299/230 1078/301/230 993/300/230
f 1080/299/348 1089/301/348 1074/300/348
f 1083/299/349 1088/301/349 1200/300/349
f 1085/299/343 1081/301/343 1214/300/343
f 1091/299/230 1079/301/230 1191/300/230
f 1065/299/358 1188/300/359 1210/301/360
f 978/300/361 1188/299/359 977/301/216
f 1212/300/364 1172/302/365 1170/299/366 1210/301/360
f 997/301/230 1177/302/230 1176/300/230
f 1021/300/216 1202/323/216 1203/322/216
f 1037/300/216 1039/302/216 1028/299/216 1023/301/216
f 1201/302/338 1086/301/338 1066/300/338
f 1199/302/339 1090/301/339 1071/300/339
f 1122/300/216 1121/302/216 995/299/216 998/301/216
f 999/299/340 687/300/221 684/302/287
f 1085/301/216 1100/300/216 1101/302/216 1086/299/216
f 1038/301/216 713/300/216 711/302/216 1037/299/216
f 1048/302/342 1093/301/342 1068/300/342
f 1025/301/216 1038/300/216 1037/302/216 1023/299/216
f 1033/301/216 659/300/216 713/302/216 1038/299/216
f 995/301/216 1121/300/216 1123/302/216 1094/299/216
f 1033/300/216 1034/302/216 733/299/216 659/301/216
f 1091/301/216 1105/300/216 1099/302/216 1084/299/216
f 1018/302/399 1017/300/400 1176/301/401 1177/299/216
f 711/300/216 721/302/216 1039/299/216 1037/301/216
f 1039/301/216 721/300/216 655/302/216 1032/299/216
f 975/299/216 733/300/216 1034/302/216
f 1077/302/216 1096/300/216 1095/301/293 1178/299/402
f 976/301/337 661/300/216 731/302/216 1040/299/337
f 1046/300/344 1043/302/344 985/299/344 1044/301/344
f 920/302/216 918/299/216 1211/341/216 1215/340/216
f 1171/301/407 1170/300/366 1172/302/365 1169/299/408
f 1069/346/216 1195/348/216 1201/347/216 1214/305/216
f 1095/302/293 1132/300/310 1180/301/418 1178/299/402
f 1000/301/341 1190/300/419 918/302/311 687/299/221
f 660/300/216 975/302/216 1040/299/337 731/301/216
f 978/300/361 1212/301/364 1210/299/360 1188/302/359
f 1029/302/215 1082/301/215 1031/300/215
f 1194/299/342 1087/300/342 1072/302/342
f 1193/302/215 1084/301/215 1027/300/215
f 1198/299/348 1089/300/348 1080/302/348
f 1076/306/216 1067/307/216 1048/338/216 1200/305/216
f 1196/307/216 1199/338/216 1198/305/216 1074/306/216
f 1092/299/230 993/300/230 996/302/230
f 1083/299/349 1200/300/349 1075/302/349
f 1085/299/343 1214/300/343 1070/302/343
f 1089/301/216 1103/300/216 1104/302/216 1090/299/216
f 1091/299/230 1191/300/230 1024/302/230
f 974/301/216 1033/300/216 1038/302/216 1025/299/216
f 984/301/345 1042/300/345 1046/302/344 1044/299/344
f 994/301/216 1030/300/216 1029/302/216 992/299/216
f 1190/300/419 1000/302/341 1176/299/401 1017/301/400
f 1173/299/429 1000/302/341 999/300/340 1171/301/407
f 1128/301/227 1126/300/227 1122/302/227 998/299/227
f 995/301/216 1094/300/216 1097/302/216 1082/299/216
f 1092/301/216 1106/300/216 1102/302/216 1087/299/216
f 1192/306/216 1026/307/216 1193/338/216 1191/305/216
f 1000/302/341 1173/312/429 1176/313/401
f 1173/301/429 1171/302/407 1169/300/408
f 977/300/216 1188/302/359 1065/299/358 1063/301/216
f 1189/306/216 1197/307/216 1194/338/216 993/305/216
f 1021/300/216 1203/322/216 1190/301/216
f 1063/300/216 1065/302/358 656/299/216 976/301/337
f 1028/301/216 1039/300/216 1032/302/216 973/299/216
f 1211/341/216 1190/301/216 1203/322/216 1216/360/216
f 1083/301/216 1098/300/216 1107/302/216 1093/299/216
f 1077/299/216 1086/302/216 1101/300/216 1096/301/216
f 1107/299/216 1100/302/216 1085/300/216 1093/301/216
f 1104/299/216 1098/302/216 1083/300/216 1090/301/216
f 1089/299/216 1087/302/216 1102/300/216 1103/301/216
f 1092/299/216 1084/302/216 1099/300/216 1106/301/216
f 1097/299/216 1105/302/216 1091/300/216 1082/301/216
usemtl platform
f 690/302/216 688/299/216 689/301/216 691/300/216
f 694/302/216 692/299/216 693/301/216 695/300/216
f 698/302/216 696/299/216 697/301/216 699/300/216
f 702/302/216 700/299/216 701/301/216 703/300/216
f 1003/302/216 1004/300/216 1002/301/216 1001/299/216
f 1007/302/216 1008/300/216 1006/301/216 1005/299/216
f 1011/302/216 1012/300/216 1010/301/216 1009/299/216
f 1015/302/216 1016/300/216 1014/301/216 1013/299/216
usemtl slanted_walls
f 712/299/314 720/301/314 718/300/314 894/302/314
f 760/351/314 740/352/314 917/300/314 762/301/314
f 679/301/314 716/351/314 896/352/314 676/300/314
f 901/300/314 765/301/314 764/299/314 897/302/314
f 903/357/314 767/358/314 763/359/314 902/302/314
f 758/299/314 904/302/314 879/300/314 680/301/314
f 1024/299/420 1191/302/420 1029/300/420 1031/301/420
f 1068/351/420 1070/301/420 1214/300/420 1048/352/420
f 996/301/420 993/300/420 1193/352/420 1027/351/420
f 1198/300/420 1194/302/420 1072/299/420 1073/301/420
f 1200/357/420 1199/302/420 1071/359/420 1075/358/420
f 1066/299/420 997/301/420 1176/300/420 1201/302/420
usemtl pattern_walls
f 883/308/215 838/309/215 839/310/215
f 722/291/230 725/289/230 681/300/230 655/301/230
f 675/291/230 682/289/230 726/300/230 725/301/230
f 787/305/227 825/302/227 826/291/227 800/337/227
f 816/300/227 786/301/227 789/299/227 802/302/227
f 798/301/227 794/299/227 807/302/227 811/300/227
f 788/300/227 787/289/227 800/291/227 801/301/227
f 810/301/227 802/299/227 789/302/227 797/300/227
f 825/349/215 883/301/215 839/350/215 826/305/215
f 803/300/227 790/301/227 799/299/227 812/302/227
f 808/301/227 807/299/227 794/302/227 795/300/227
f 804/300/227 791/301/227 798/299/227 811/302/227
f 793/301/227 788/299/227 801/302/227 806/300/227
f 812/300/227 799/301/227 792/299/227 805/302/227
f 792/301/227 793/299/227 806/302/227 805/300/227
f 803/301/227 809/299/227 796/302/227 790/300/227
f 808/300/227 795/301/227 796/299/227 809/302/227
f 813/301/230 815/299/230 819/302/230 817/300/230
f 815/301/227 786/299/227 816/302/227 819/300/227
f 814/301/230 813/299/230 817/302/230 818/300/230
f 726/301/230 682/299/230 820/302/230 822/300/230
f 725/291/230 726/289/230 683/300/230 681/301/230
f 683/301/230 726/299/230 822/302/230 821/300/230
f 651/291/230 675/289/230 725/300/230 722/301/230
f 797/301/227 791/299/227 804/302/227 810/300/227
f 1180/308/215 1143/310/215 1142/309/215
f 1032/291/230 655/301/230 681/300/230 1035/289/230
f 992/291/230 1035/301/230 1036/300/230 998/289/230
f 1095/305/320 1108/337/320 1133/291/320 1132/302/320
f 1124/300/320 1110/302/320 1097/299/320 1094/301/320
f 1106/301/320 1119/300/320 1115/302/320 1102/299/320
f 1096/300/320 1109/301/320 1108/291/320 1095/289/320
f 1118/301/320 1105/300/320 1097/302/320 1110/299/320
f 1132/349/215 1133/305/215 1143/350/215 1180/301/215
f 1111/300/320 1120/302/320 1107/299/320 1098/301/320
f 1116/301/320 1103/300/320 1102/302/320 1115/299/320
f 1112/300/320 1119/302/320 1106/299/320 1099/301/320
f 1101/301/320 1114/300/320 1109/302/320 1096/299/320
f 1120/300/320 1113/302/320 1100/299/320 1107/301/320
f 1100/301/320 1113/300/320 1114/302/320 1101/299/320
f 1111/301/320 1098/300/320 1104/302/320 1117/299/320
f 1116/300/320 1117/302/320 1104/299/320 1103/301/320
f 1121/301/230 1125/300/230 1127/302/230 1123/299/230
f 1123/301/320 1127/300/320 1124/302/320 1094/299/320
f 1122/301/230 1126/300/230 1125/302/230 1121/299/230
f 1036/301/230 1129/300/230 1128/302/230 998/299/230
f 1035/291/230 681/301/230 683/300/230 1036/289/230
f 683/301/230 821/300/230 1129/302/230 1036/299/230
f 973/291/230 1032/301/230 1035/300/230 992/289/230
f 1105/301/320 1118/300/320 1112/302/320 1099/299/320
usemtl regular_walls
f 739/299/227 672/300/228 658/301/229
f 673/302/216 752/301/216 737/299/216
f 752/299/216 663/300/216 737/301/216
f 674/299/216 664/300/216 754/301/216
f 665/299/216 674/300/216 754/301/216
f 666/299/216 670/300/216 665/301/216
f 671/299/233 676/300/227 652/301/234
f 873/300/235 830/299/236 875/301/237
f 834/299/238 830/300/236 833/301/239
f 881/305/240 706/306/241 882/307/242
f 904/311/227 872/312/227 879/313/227
f 904/311/227 871/314/227 868/315/227
f 862/300/215 861/302/215 859/299/215 860/301/215
f 828/299/247 874/300/248 831/302/249
f 844/316/216 842/317/216 848/318/216
f 910/316/216 923/317/216 911/318/216
f 897/299/227 734/300/227 901/302/227
f 925/299/253 928/301/253 926/300/253
f 926/299/254 928/301/254 927/300/254
f 927/299/255 928/301/255 925/300/255
f 929/299/256 932/301/256 930/300/256
f 930/299/257 932/301/257 931/300/257
f 931/299/258 932/301/258 929/300/258
f 933/299/259 936/301/259 934/300/259
f 934/299/260 936/301/260 935/300/260
f 935/299/261 936/301/261 933/300/261
f 937/299/262 940/301/262 938/300/262
f 938/299/263 940/301/263 939/300/263
f 939/299/264 940/301/264 937/300/264
f 941/299/262 944/301/262 942/300/262
f 942/299/263 944/301/263 943/300/263
f 943/299/264 944/301/264 941/300/264
f 945/299/253 948/301/253 946/300/253
f 946/299/254 948/301/254 947/300/254
f 947/299/255 948/301/255 945/300/255
f 949/299/265 952/301/265 950/300/265
f 950/299/266 952/301/266 951/300/266
f 951/299/267 952/301/267 949/300/267
f 953/299/268 956/301/268 954/300/268
f 954/299/269 956/301/269 955/300/269
f 955/299/270 956/301/270 953/300/270
f 832/302/271 913/299/272 757/301/273 836/300/274
f 904/311/227 916/335/227 915/336/227 871/314/227
f 746/300/275 756/301/276 754/299/276 664/302/275
f 707/300/215 706/302/241 704/299/277 893/301/215
f 744/301/227 745/299/278 737/302/278 669/300/227
f 657/301/279 658/299/280 749/302/281 747/300/282
f 742/301/283 744/299/227 669/302/227 674/300/283
f 745/301/278 743/299/284 673/302/285 737/300/278
f 855/302/215 852/299/215 850/301/215 857/300/215
f 756/301/276 747/299/282 665/302/286 754/300/276
f 707/302/288 709/299/288 824/301/288 823/300/288
f 669/300/216 732/301/216 664/299/216 674/302/216
f 756/300/276 755/301/276 657/299/279 747/302/282
f 864/302/215 862/299/215 860/301/215 863/300/215
f 708/302/215 858/299/215 859/301/215 861/300/215
f 718/301/227 717/299/227 710/302/227 894/300/227
f 675/301/227 651/299/227 717/302/227 718/300/227
f 912/338/227 842/339/227 911/306/227 924/307/227
f 668/301/294 736/299/227 744/302/227 742/300/283
f 741/301/295 742/299/283 674/302/283 670/300/296
f 829/302/297 830/300/236 834/301/238 832/299/271
f 671/299/233 734/301/227 897/300/227 676/302/227
f 915/342/227 916/343/227 917/344/227 658/345/229
f 739/299/227 740/302/227 672/300/228
f 748/301/300 653/299/301 730/302/302 750/300/302
f 741/300/295 672/301/228 668/299/294 742/302/283
f 781/301/227 766/299/227 899/302/227 782/300/227
f 748/300/300 663/301/303 752/299/304 753/302/305
f 750/301/302 730/299/302 654/302/275 746/300/275
f 755/301/276 756/299/276 746/302/275 654/300/275
f 753/300/305 751/301/306 652/299/307 724/302/308
f 738/300/227 902/302/227 901/299/227 734/301/227
f 673/302/216 662/300/216 752/301/216
f 653/300/301 748/301/300 753/299/305 724/302/308
f 903/302/227 735/299/227 672/301/228 740/300/227
f 882/302/242 706/299/241 707/301/215 823/300/215
f 836/302/274 757/299/273 656/301/230 837/300/313
f 665/299/216 670/302/216 674/300/216
f 682/301/230 675/299/230 677/302/230 678/300/230
f 775/301/227 768/299/227 759/302/227 785/300/227
f 924/307/315 923/305/315 921/339/315 922/306/315
f 747/301/282 749/299/281 666/302/316 665/300/286
f 824/300/216 884/302/317 882/299/318 823/301/216
f 752/300/304 662/301/319 751/299/306 753/302/305
f 784/301/227 892/299/227 900/302/227 779/300/227
f 854/302/227 851/299/227 852/301/227 855/300/227
f 848/302/215 855/299/215 857/301/215 844/300/215
f 866/302/215 863/299/215 860/301/215 865/300/215
f 896/301/227 714/299/227 652/302/234 676/300/227
f 857/302/320 850/299/320 853/301/320 856/300/320
f 778/300/227 777/301/227 761/299/227 898/302/227
f 776/300/227 783/301/227 895/299/227 715/302/227
f 894/301/227 710/299/227 714/302/227 896/300/227
f 736/301/227 667/299/321 745/302/278 744/300/227
f 827/300/322 828/302/247 836/299/274 837/301/313
f 709/302/288 707/299/288 893/301/323 708/300/323
f 884/300/317 883/302/309 881/299/292 882/301/318
f 663/300/216 732/301/216 669/299/216 737/302/216
f 876/300/324 829/302/297 831/299/249 874/301/248
f 832/299/271 831/302/249 829/300/297
f 834/300/238 869/301/325 913/299/272 832/302/271
f 873/299/235 835/301/327 833/300/239 830/302/236
f 833/300/239 870/301/298 869/299/325 834/302/238
f 881/302/328 769/299/227 880/301/227 705/300/329
f 910/353/216 909/354/216 908/305/216 907/355/216
f 844/338/320 857/305/320 856/339/320 843/306/320
f 851/299/227 849/338/227 847/355/227 852/301/227
f 732/301/302 750/299/302 746/302/275 664/300/275
f 852/316/215 847/355/215 845/317/215 850/318/215
f 663/301/303 748/299/300 750/302/302 732/300/302
f 678/301/227 677/299/227 719/302/227 774/300/227
f 904/311/227 868/315/227 872/312/227
f 831/302/249 832/299/271 836/301/274 828/300/247
f 835/300/327 867/301/330 870/299/298 833/302/239
f 741/301/295 749/299/331 658/302/229 672/300/228
f 658/345/229 917/344/227 739/356/227
f 828/299/247 827/301/322 874/300/248
f 912/302/227 854/299/227 855/301/227 848/300/227
f 673/301/285 743/299/284 751/302/332 662/300/333
f 881/300/240 705/302/334 704/299/277 706/301/241
f 844/316/216 840/355/216 842/317/216
f 850/302/320 845/299/320 846/301/320 853/300/320
f 749/301/331 741/299/295 670/302/296 666/300/335
f 921/302/215 923/299/215 907/301/215 906/300/215
f 911/302/215 842/299/215 840/301/215 910/300/215
f 910/338/320 840/305/320 841/339/320 909/306/320
f 743/300/284 671/301/233 652/299/234 751/302/332
f 910/316/216 907/355/216 923/317/216
f 875/300/237 830/302/236 829/299/297 876/301/324
f 844/316/216 843/354/216 841/305/216 840/355/216
f 667/301/321 671/299/233 743/302/284 745/300/278
f 735/300/227 903/302/227 902/299/227 738/301/227
f 867/361/330 684/362/336 685/363/220 870/364/298
f 1047/299/320 978/301/346 989/300/347
f 990/302/216 1045/299/216 1060/301/216
f 1060/299/216 1045/301/216 980/300/216
f 991/299/216 1062/301/216 981/300/216
f 982/299/216 1062/301/216 991/300/216
f 983/299/216 982/301/216 987/300/216
f 988/299/350 974/301/351 993/300/320
f 873/300/235 875/301/237 1136/299/352
f 1140/299/353 1139/301/354 1136/300/352
f 1178/305/355 1179/307/356 1019/306/357
f 1201/311/320 1176/313/320 1173/312/320
f 1201/311/320 1169/315/320 1172/314/320
f 1166/300/215 1164/301/215 1163/299/215 1165/302/215
f 1134/299/362 1137/302/363 874/300/248
f 1148/316/216 1152/318/216 1146/317/216
f 1207/316/216 1208/318/216 1218/317/216
f 1194/299/320 1198/302/320 1042/300/320
f 1220/299/367 1221/300/367 1223/301/367
f 1221/299/368 1222/300/368 1223/301/368
f 1222/299/369 1220/300/369 1223/301/369
f 1224/299/258 1225/300/258 1227/301/258
f 1225/299/257 1226/300/257 1227/301/257
f 1226/299/256 1224/300/256 1227/301/256
f 1228/299/370 1229/300/370 1231/301/370
f 1229/299/371 1230/300/371 1231/301/371
f 1230/299/372 1228/300/372 1231/301/372
f 1232/299/373 1233/300/373 1235/301/373
f 1233/299/374 1234/300/374 1235/301/374
f 1234/299/375 1232/300/375 1235/301/375
f 1236/299/373 1237/300/373 1239/301/373
f 1237/299/374 1238/300/374 1239/301/374
f 1238/299/375 1236/300/375 1239/301/375
f 1240/299/367 1241/300/367 1243/301/367
f 1241/299/368 1242/300/368 1243/301/368
f 1242/299/369 1240/300/369 1243/301/369
f 1244/299/376 1245/300/376 1247/301/376
f 1245/299/377 1246/300/377 1247/301/377
f 1246/299/378 1244/300/378 1247/301/378
f 1248/299/379 1249/300/379 1251/301/379
f 1249/299/380 1250/300/380 1251/301/380
f 1250/299/381 1248/300/381 1251/301/381
f 1138/302/382 1141/300/383 1065/301/384 1210/299/385
f 1201/311/320 1172/314/320 1212/336/320 1213/335/320
f 1054/300/386 981/302/386 1062/299/387 1064/301/387
f 1020/300/215 1190/301/215 1017/299/388 1019/302/357
f 1052/301/320 986/300/320 1045/302/389 1053/299/389
f 977/301/390 1055/300/391 1057/302/392 978/299/393
f 1050/301/394 991/300/394 986/302/320 1052/299/320
f 1053/301/389 1045/300/389 990/302/395 1051/299/396
f 1159/302/215 1161/300/215 1154/301/215 1156/299/215
f 1064/301/387 1062/300/387 982/302/397 1055/299/391
f 1020/302/398 1130/300/398 1131/301/398 1022/299/398
f 986/300/216 991/302/216 981/299/216 1041/301/216
f 1064/300/387 1055/302/391 977/299/390 1063/301/387
f 1168/302/215 1167/300/215 1164/301/215 1166/299/215
f 1021/302/215 1165/300/215 1163/301/215 1162/299/215
f 1029/301/320 1191/300/320 1023/302/320 1028/299/320
f 992/301/320 1029/300/320 1028/302/320 973/299/320
f 1209/338/320 1219/307/320 1208/306/320 1146/339/320
f 985/301/403 1050/300/394 1052/302/320 1044/299/320
f 1049/301/404 987/300/405 991/302/394 1050/299/394
f 1135/302/406 1138/299/382 1140/301/353 1136/300/352
f 988/299/350 993/302/320 1194/300/320 1042/301/320
f 1212/342/320 978/345/346 1214/344/320 1213/343/320
f 1047/299/320 989/300/347 1048/302/320
f 1056/301/409 1058/300/410 1040/302/410 975/299/411
f 1049/300/404 1050/302/394 985/299/403 989/301/347
f 1089/301/320 1090/300/320 1196/302/320 1074/299/320
f 1056/300/409 1061/302/412 1060/299/413 980/301/414
f 1058/301/410 1054/300/386 976/302/386 1040/299/410
f 1063/301/387 976/300/386 1054/302/386 1064/299/387
f 1061/300/412 1034/302/415 974/299/416 1059/301/417
f 1046/300/320 1042/301/320 1198/299/320 1199/302/320
f 990/302/216 1060/301/216 979/300/216
f 975/300/411 1034/302/415 1061/299/412 1056/301/409
f 1200/302/320 1048/300/320 989/301/347 1043/299/320
f 1179/302/356 1130/300/215 1020/301/215 1019/299/357
f 1141/302/383 837/300/313 656/301/230 1065/299/384
f 982/299/216 991/300/216 987/302/216
f 998/301/230 995/300/230 994/302/230 992/299/230
f 1083/301/320 1093/300/320 1067/302/320 1076/299/320
f 1219/307/421 1217/306/421 1216/339/421 1218/305/421
f 1055/301/391 982/300/397 983/302/422 1057/299/392
f 1131/300/216 1130/301/216 1179/299/423 1181/302/424
f 1060/300/413 1061/302/412 1059/299/417 979/301/425
f 1092/301/320 1087/300/320 1197/302/320 1189/299/320
f 1158/302/320 1159/300/320 1156/301/320 1155/299/320
f 1152/302/215 1148/300/215 1161/301/215 1159/299/215
f 866/302/215 865/300/215 1164/301/215 1167/299/215
f 1193/301/320 993/300/320 974/302/351 1025/299/320
f 1161/302/227 1160/300/227 1157/301/227 1154/299/227
f 1086/300/320 1195/302/320 1069/299/320 1085/301/320
f 1084/300/320 1026/302/320 1192/299/320 1091/301/320
f 1191/301/320 1193/300/320 1025/302/320 1023/299/320
f 1044/301/320 1052/300/320 1053/302/389 984/299/426
f 827/300/322 837/301/313 1141/299/383 1134/302/362
f 1022/302/398 1021/300/427 1190/301/427 1020/299/398
f 1181/300/424 1179/301/423 1178/299/402 1180/302/418
f 980/300/216 1045/302/216 986/299/216 1041/301/216
f 876/300/324 874/301/248 1137/299/363 1135/302/406
f 1138/299/382 1135/300/406 1137/302/363
f 1140/300/353 1138/302/382 1210/299/385 1170/301/428
f 873/299/235 1136/302/352 1139/300/354 835/301/327
f 1139/300/354 1140/302/353 1170/299/428 1171/301/407
f 1178/302/430 1018/300/431 1177/301/320 1077/299/320
f 1207/353/216 1204/355/216 1205/305/216 1206/354/216
f 1148/338/227 1147/306/227 1160/339/227 1161/305/227
f 1155/299/320 1156/301/320 1151/355/320 1153/338/320
f 1041/301/410 981/300/386 1054/302/386 1058/299/410
f 1156/316/215 1154/318/215 1149/317/215 1151/355/215
f 980/301/414 1041/300/410 1058/302/410 1056/299/409
f 995/301/320 1082/300/320 1030/302/320 994/299/320
f 1201/311/320 1173/312/320 1169/315/320
f 1137/302/363 1134/300/362 1141/301/383 1138/299/382
f 835/300/327 1139/302/354 1171/299/407 867/301/330
f 1049/301/404 989/300/347 978/302/346 1057/299/432
f 978/345/346 1047/356/320 1214/344/320
f 1134/299/362 874/300/248 827/301/322
f 1209/302/320 1152/300/320 1159/301/320 1158/299/320
f 990/301/395 979/300/433 1059/302/434 1051/299/396
f 1178/300/355 1019/301/357 1017/299/388 1018/302/435
f 1148/316/216 1146/317/216 1144/355/216
f 1154/302/227 1157/300/227 1150/301/227 1149/299/227
f 1057/301/432 983/300/436 987/302/405 1049/299/404
f 1216/302/215 1203/300/215 1204/301/215 1218/299/215
f 1208/302/215 1207/300/215 1144/301/215 1146/299/215
f 1207/338/227 1206/306/227 1145/339/227 1144/305/227
f 1051/300/396 1059/302/434 974/299/351 988/301/350
f 1207/316/216 1218/317/216 1204/355/216
f 875/300/237 876/301/324 1135/299/406 1136/302/352
f 1148/316/216 1144/355/216 1145/305/216 1147/354/216
f 984/301/426 1053/300/389 1051/302/396 988/299/350
f 1043/300/320 1046/301/320 1199/299/320 1200/302/320
f 867/361/330 1171/364/407 999/363/340 684/362/336
usemtl frame
f 629/284/215 630/285/215 628/286/215
f 641/287/215 642/288/215 878/289/215
f 648/290/215 629/284/215 877/291/215
f 639/292/215 635/293/215 636/294/215
f 634/295/215 633/296/215 636/294/215
f 641/287/215 638/297/215 640/298/215
f 639/292/215 647/303/215 644/304/215 640/298/215
f 885/319/215 886/320/215 889/321/215
f 888/324/215 650/325/215 887/326/215
f 890/327/215 650/325/215 888/324/215
f 886/320/215 890/327/215 889/321/215
f 629/284/215 631/328/215 630/285/215
f 641/287/215 643/329/215 642/288/215
f 648/290/215 649/330/215 629/284/215
f 646/331/215 649/330/215 650/325/215 645/332/215
f 886/320/215 645/332/215 650/325/215 890/327/215
f 644/304/215 645/332/215 886/320/215 643/329/215
f 633/296/215 631/328/215 646/331/215 647/303/215
f 639/292/215 637/333/215 635/293/215
f 634/295/215 632/334/215 633/296/215
f 649/330/215 646/331/215 631/328/215 629/284/215
f 640/298/215 644/304/215 643/329/215 641/287/215
f 641/287/215 627/300/215 638/297/215
f 636/294/215 633/296/215 647/303/215 639/292/215
f 957/284/215 628/286/215 630/285/215
f 963/287/215 1175/289/215 964/288/215
f 970/290/215 1174/291/215 957/284/215
f 961/292/215 960/294/215 635/293/215
f 634/295/215 960/294/215 959/296/215
f 963/287/215 962/298/215 638/297/215
f 961/292/215 962/298/215 966/304/215 969/303/215
f 1182/319/215 1186/321/215 1183/320/215
f 1185/324/215 1184/326/215 972/325/215
f 1187/327/215 1185/324/215 972/325/215
f 1183/320/215 1186/321/215 1187/327/215
f 957/284/215 630/285/215 958/328/215
f 963/287/215 964/288/215 965/329/215
f 970/290/215 957/284/215 971/330/215
f 968/331/215 967/332/215 972/325/215 971/330/215
f 1183/320/215 1187/327/215 972/325/215 967/332/215
f 966/304/215 965/329/215 1183/320/215 967/332/215
f 959/296/215 969/303/215 968/331/215 958/328/215
f 961/292/215 635/293/215 637/333/215
f 634/295/215 959/296/215 632/334/215
f 971/330/215 957/284/215 958/328/215 968/331/215
f 962/298/215 963/287/215 965/329/215 966/304/215
f 963/287/215 638/297/215 627/300/215
f 960/294/215 961/292/215 969/303/215 959/296/215
o enemy
v 9.570747 10.531708 -16.209938 0.5890 0.4846 0.0300
v 8.328557 11.531709 -16.467760 0.3150 0.2550 0.0057
v 9.570745 11.031751 -17.709900 0.6557 0.5403 0.0282
v 9.000432 11.531709 -16.967760 0.4371 0.3573 0.0122
v 7.570749 11.031709 -16.209902 0.4481 0.3663 0.0187
v 8.953557 11.531709 -16.327135 0.3542 0.2866 0.0142
v 7.570749 11.531701 -16.209900 0.3868 0.3149 0.0103
v 9.141057 11.531709 -16.827135 0.5048 0.4140 0.0155
v 7.570745 11.531701 -17.709900 0.5564 0.4574 0.0202
v 8.953557 10.281709 -16.467760 0.6695 0.5519 0.0298
v 9.570747 11.531701 -16.209938 0.4025 0.3279 0.0115
v 8.953557 11.531709 -16.467760 0.3888 0.3165 0.0098
v 8.000432 10.281709 -16.827135 0.6830 0.5632 0.0314
v 9.570747 11.031709 -16.209938 0.4481 0.3660 0.0136
v 8.000432 11.531709 -16.827135 0.4779 0.3915 0.0140
v 8.328557 11.531709 -16.327135 0.2470 0.1980 0.0036
v 7.570745 10.531708 -17.709948 0.6476 0.5334 0.0297
v 7.570745 10.656709 -17.709948 0.6453 0.5315 0.0320
v 8.141057 11.531709 -16.967760 0.4327 0.3535 0.0114
v 9.070747 10.656709 -15.709937 0.5485 0.4501 0.0230
v 9.070747 10.906709 -15.709937 0.5395 0.4423 0.0213
v 8.812932 11.531709 -16.327135 0.2838 0.2284 0.0055
v 9.570747 10.906709 -16.209938 0.5382 0.4416 0.0222
v 8.187932 11.531709 -16.467760 0.3903 0.3181 0.0089
v 7.570745 10.531708 -16.209900 0.5828 0.4793 0.0275
v 9.570745 10.656709 -17.709900 0.6788 0.5600 0.0401
v 9.570745 10.656708 -16.209900 0.6100 0.5018 0.0263
v 8.187932 11.531709 -16.327135 0.3813 0.3101 0.0097
v 7.570745 10.906709 -17.709948 0.6319 0.5203 0.0282
v 8.141057 11.531709 -16.827135 0.4647 0.3803 0.0132
v 9.570745 10.906709 -17.709948 0.6507 0.5364 0.0265
v 7.570745 10.281700 -17.709948 0.5376 0.4413 0.0192
v 9.000432 11.531709 -16.827135 0.3330 0.2700 0.0066
v 7.570749 10.656709 -16.209938 0.5733 0.4713 0.0223
v 7.570749 10.906709 -16.209938 0.5459 0.4482 0.0214
v 8.812932 11.531709 -16.467760 0.3469 0.2818 0.0069
v 8.070749 10.906701 -15.709937 0.5270 0.4323 0.0200
v 9.141057 11.531709 -16.967760 0.6076 0.5002 0.0254
v 8.000432 11.531709 -16.967760 0.5800 0.4771 0.0213
v 8.070749 10.281700 -15.709900 0.5027 0.4118 0.0222
v 8.328557 10.531709 -16.467760 0.5774 0.4741 0.0316
v 8.328557 10.781709 -16.467760 0.5145 0.4214 0.0324
v 9.570745 10.531709 -17.709900 0.6373 0.5249 0.0263
v 7.570745 11.031709 -17.709900 0.6373 0.5243 0.0308
v 8.328557 11.031709 -16.467760 0.5590 0.4585 0.0237
v 7.904078 10.906709 -17.709948 0.6338 0.5220 0.0256
v 8.328557 11.281709 -16.467760 0.4354 0.3557 0.0116
v 8.328557 11.281709 -16.327135 0.3724 0.3025 0.0096
v 8.144016 10.906709 -17.709948 0.3401 0.2727 0.0194
v 8.328557 11.031709 -16.327135 0.7654 0.6322 0.0534
v 8.328557 10.781709 -16.327135 0.7417 0.6107 0.0766
v 8.997472 10.906709 -17.709948 0.3429 0.2771 0.0161
v 8.328557 10.531708 -16.327135 0.7438 0.6110 0.0850
v 9.237411 10.906709 -17.709948 0.6646 0.5479 0.0284
v 8.187932 10.531709 -16.467760 0.6423 0.5289 0.0292
v 8.187932 10.781709 -16.467760 0.6600 0.5439 0.0287
v 8.997472 10.281700 -17.709948 0.3540 0.2876 0.0097
v 7.904078 11.531701 -17.709900 0.6166 0.5076 0.0242
v 8.187932 11.031709 -16.467760 0.6289 0.5176 0.0262
v 8.187932 11.281709 -16.467760 0.6693 0.5518 0.0293
v 8.237411 11.531701 -17.709900 0.4764 0.3896 0.0168
v 8.187932 10.531708 -16.327135 0.4878 0.3952 0.0601
v 8.570745 11.531701 -17.709900 0.6001 0.4979 0.1349
v 8.187932 10.781709 -16.327135 0.5292 0.4311 0.0403
v 9.237411 11.531701 -17.709900 0.6297 0.5185 0.0253
v 8.187932 11.031709 -16.327135 0.4283 0.3489 0.0151
v 7.904078 10.656709 -17.709940 0.6701 0.5526 0.0285
v 8.187932 11.281709 -16.327135 0.3840 0.3126 0.0138
v 8.953557 11.281709 -16.327135 0.4076 0.3322 0.0111
v 8.953557 11.031709 -16.327135 0.4753 0.3886 0.0233
v 8.953557 10.781709 -16.327135 0.8051 0.6650 0.0524
v 9.237411 10.656709 -17.709908 0.7162 0.5913 0.0327
v 8.953557 10.531708 -16.327135 0.4963 0.4048 0.0250
v 7.904078 10.531708 -17.709940 0.6348 0.5230 0.0268
v 8.953557 10.531709 -16.467760 0.6500 0.5356 0.0279
v 8.144016 10.531709 -17.709932 0.2720 0.2162 0.0090
v 8.953557 10.781709 -16.467760 0.6851 0.5649 0.0333
v 8.953557 11.031709 -16.467760 0.6229 0.5128 0.0268
v 8.997472 10.531709 -17.709915 0.2682 0.2143 0.0125
v 8.953557 11.281709 -16.467760 0.5298 0.4349 0.0215
v 8.812932 10.531708 -16.327135 0.7667 0.6310 0.0666
v 9.237411 10.531709 -17.709908 0.6337 0.5220 0.0249
v 7.904078 11.031715 -17.709900 0.7155 0.5906 0.0333
v 8.812932 10.781709 -16.327135 0.7600 0.6262 0.0601
v 8.812932 11.031709 -16.327135 0.7524 0.6210 0.0476
v 8.812932 11.281709 -16.327135 0.3925 0.3196 0.0129
v 8.997472 11.031736 -17.709900 0.3944 0.3203 0.0126
v 8.812932 10.531709 -16.467760 0.5903 0.4849 0.0295
v 8.812932 10.781709 -16.467760 0.5667 0.4654 0.0255
v 9.237411 11.031743 -17.709900 0.7022 0.5795 0.0313
v 8.812932 11.031709 -16.467760 0.5240 0.4296 0.0195
v 7.570748 11.531701 -16.509901 0.4238 0.3462 0.0105
v 8.812932 11.281709 -16.467760 0.3929 0.3200 0.0096
v 7.570747 11.531701 -16.809900 0.5609 0.4612 0.0202
v 8.000432 10.531709 -16.827135 0.7549 0.6236 0.0394
v 8.000432 10.781709 -16.827135 0.7853 0.6492 0.0432
v 7.570745 11.531701 -17.455976 0.6104 0.5025 0.0232
v 7.570748 11.031709 -16.509901 0.0000 0.0000 0.0000
v 8.000432 11.031709 -16.827135 0.6183 0.5089 0.0258
v 7.570747 11.031709 -16.809900 0.3956 0.3226 0.0090
v 8.000432 11.281709 -16.827135 0.6557 0.5404 0.0320
v 7.570746 11.031709 -17.109900 0.7909 0.6539 0.0411
v 8.141057 10.531709 -16.967760 0.5106 0.4184 0.0248
v 7.570745 11.031709 -17.455976 0.7896 0.6528 0.0413
v 8.141057 10.781709 -16.967760 0.5318 0.4348 0.0250
v 7.570745 10.531708 -16.509909 0.6553 0.5399 0.0321
v 8.141057 11.031709 -16.967760 0.5248 0.4307 0.0193
v 8.141057 11.281709 -16.967760 0.4756 0.3895 0.0142
v 7.570745 10.531708 -16.809919 0.7286 0.6011 0.0474
v 7.570745 10.531709 -17.109928 0.7754 0.6413 0.0532
v 8.141057 11.281709 -16.827135 0.4503 0.3683 0.0122
v 7.570745 10.531708 -17.456015 0.8276 0.6845 0.0465
v 8.141057 11.031709 -16.827135 0.5699 0.4684 0.0208
v 7.570748 10.656709 -16.509939 0.6663 0.5492 0.0292
v 8.141057 10.781709 -16.827135 0.6510 0.5363 0.0301
v 7.570747 10.656709 -16.809942 0.7315 0.6039 0.0360
v 8.141057 10.531709 -16.827135 0.6544 0.5392 0.0325
v 7.570746 10.656709 -17.109943 0.8074 0.6675 0.0439
v 8.000432 10.531709 -16.967760 0.7058 0.5824 0.0331
v 8.000432 10.781709 -16.967760 0.7132 0.5885 0.0350
v 7.570745 10.656709 -17.456022 0.7849 0.6488 0.0413
v 8.000432 11.031709 -16.967760 0.6746 0.5562 0.0294
v 8.000432 11.281709 -16.967760 0.7015 0.5788 0.0318
v 9.000432 10.531709 -16.967760 0.4532 0.3703 0.0168
v 7.570745 10.281701 -17.456022 0.6697 0.5522 0.0321
v 9.000432 10.781709 -16.967760 0.4913 0.4024 0.0156
v 7.570748 10.906709 -16.509939 0.5930 0.4879 0.0330
v 7.570747 10.906709 -16.809942 0.7042 0.5811 0.0360
v 9.000432 11.031709 -16.967760 0.5060 0.4148 0.0206
v 9.000432 11.281709 -16.967760 0.4904 0.4017 0.0154
v 7.570746 10.906709 -17.109943 0.8150 0.6740 0.0442
v 7.570745 10.906709 -17.456022 0.7975 0.6592 0.0431
v 9.141057 11.281709 -16.827135 0.6537 0.5388 0.0267
v 9.141057 11.031709 -16.827135 0.6544 0.5393 0.0275
v 7.820173 11.031701 -15.960495 0.5266 0.4318 0.0190
v 9.141057 10.781709 -16.827135 0.7381 0.6096 0.0405
v 7.820173 11.531701 -15.960495 0.4262 0.3479 0.0114
v 9.141057 10.531709 -16.827135 0.7536 0.6226 0.0380
v 7.820173 10.906701 -15.960513 0.5722 0.4702 0.0218
v 7.820173 10.656701 -15.960513 0.6325 0.5181 0.0396
v 9.000432 10.531709 -16.827135 0.6419 0.5288 0.0305
v 9.000432 10.781709 -16.827135 0.6663 0.5489 0.0321
v 7.820171 10.531708 -15.960495 0.5687 0.4667 0.0241
v 9.000432 11.031709 -16.827135 0.5475 0.4497 0.0226
v 9.320747 10.531708 -15.959937 0.5966 0.4902 0.0300
v 9.000432 11.281709 -16.827135 0.4397 0.3593 0.0119
v 9.141057 10.531709 -16.967760 0.6818 0.5622 0.0310
v 9.320747 11.031709 -15.959937 0.5403 0.4439 0.0348
v 9.141057 10.781709 -16.967760 0.7126 0.5882 0.0346
v 9.141057 11.031709 -16.967760 0.6938 0.5724 0.0355
v 9.141057 11.281709 -16.967760 0.6906 0.5698 0.0322
v 9.320747 10.906709 -15.959937 0.5775 0.4743 0.0236
v 9.320745 10.656708 -15.959919 0.6187 0.5091 0.0255
v 9.570745 10.281701 -17.709948 0.5215 0.4281 0.0194
v 7.570747 10.281701 -16.809942 0.5921 0.4871 0.0247
v 9.570745 10.656709 -17.455976 0.8274 0.6844 0.0465
v 9.570745 10.656709 -17.109900 0.8062 0.6667 0.0467
v 9.570745 10.656709 -16.809900 0.7528 0.6217 0.0434
v 9.570745 10.656708 -16.509899 0.6572 0.5409 0.0315
v 9.570746 11.531701 -16.509930 0.3815 0.3108 0.0084
v 9.570745 11.531701 -16.809923 0.5633 0.4632 0.0212
v 9.570745 11.531701 -17.109915 0.6200 0.5106 0.0261
v 9.570745 11.531701 -17.455982 0.5970 0.4913 0.0224
v 9.570745 10.531709 -17.455984 0.7830 0.6471 0.0417
v 9.570745 10.531709 -17.109915 0.7833 0.6472 0.0429
v 9.570745 10.531708 -16.809923 0.7507 0.6204 0.0535
v 9.570746 10.531708 -16.509930 0.6526 0.5373 0.0320
v 9.570746 10.906709 -16.509939 0.6536 0.5384 0.0283
v 9.570745 10.906709 -16.809942 0.7314 0.6038 0.0354
v 9.570745 10.906709 -17.109943 0.7835 0.6474 0.0431
v 9.570745 10.906709 -17.456022 0.7829 0.6473 0.0399
v 9.570745 11.031742 -17.455984 0.7923 0.6551 0.0412
v 9.570745 11.031734 -17.109915 0.7850 0.6490 0.0414
v 9.570745 11.031725 -16.809923 0.2922 0.2360 0.0048
v 9.570746 11.031716 -16.509930 0.0551 0.0373 0.0003
v 9.570745 10.281701 -17.456022 0.6491 0.5350 0.0274
v 8.320740 10.281701 -15.709900 0.3874 0.3152 0.0108
v 9.000432 10.281701 -16.827135 0.5227 0.4287 0.0199
v 8.187932 10.281701 -16.327135 0.4817 0.3931 0.0468
v 8.237415 10.281701 -16.327135 0.3784 0.3018 0.0533
v 8.187932 10.281701 -16.467760 0.6477 0.5336 0.0278
v 8.328557 10.281701 -16.327135 0.4788 0.3855 0.0657
v 8.812932 10.281701 -16.327135 0.5051 0.4117 0.0483
v 8.953557 10.281701 -16.327135 0.4181 0.3393 0.0387
v 9.070747 10.531700 -15.709937 0.5665 0.4635 0.0293
v 8.070749 10.531700 -15.709900 0.5670 0.4656 0.0368
v 8.820740 10.531700 -15.709900 0.4557 0.3728 0.0126
v 8.320740 10.531700 -15.709900 0.4263 0.3470 0.0143
v 8.070749 10.656700 -15.709900 0.5698 0.4681 0.0258
v 8.820740 10.656701 -15.709900 0.4218 0.3442 0.0119
v 8.320740 10.656701 -15.709900 0.4852 0.3975 0.0218
v 9.070747 11.031700 -15.709937 0.5079 0.4164 0.0277
v 8.070749 11.031700 -15.709900 0.5300 0.4343 0.0208
v 8.820740 11.031701 -15.709900 0.4972 0.4075 0.0156
v 8.320740 11.031701 -15.709900 0.4076 0.3315 0.0127
v 9.070747 11.531700 -15.709937 0.3839 0.3126 0.0091
v 8.070749 11.531700 -15.709900 0.4096 0.3339 0.0136
v 8.820740 11.531701 -15.709900 0.3583 0.2913 0.0122
v 8.820740 10.781700 -15.709900 0.4723 0.3865 0.0158
v 8.820740 10.906701 -15.709900 0.5254 0.4314 0.0314
v 8.320740 10.906701 -15.709900 0.5180 0.4240 0.0208
v 8.320740 10.781701 -15.709900 0.4988 0.4085 0.0204
v 8.570740 10.906701 -15.709900 0.5182 0.4246 0.0233
v 8.570740 10.781701 -15.709900 0.3866 0.3145 0.0102
v 8.570740 11.031701 -15.709900 0.0000 0.0000 0.0000
v 8.570745 10.281701 -17.709948 0.2889 0.2324 0.0098
v 8.144016 10.656709 -17.709932 0.3009 0.2404 0.0108
v 8.570745 10.656709 -17.709925 0.3657 0.2971 0.0087
v 8.997472 10.656709 -17.709915 0.3409 0.2760 0.0161
v 8.144016 11.031723 -17.709900 0.4151 0.3379 0.0176
v 8.570745 11.031730 -17.709900 0.5143 0.4213 0.0191
v 8.144016 10.281701 -17.709948 0.4564 0.3737 0.0253
v 9.008245 10.281700 -17.206041 0.6307 0.5198 0.0828
v 9.008245 11.039520 -17.206041 0.5527 0.4539 0.0201
v 9.008245 11.039520 -17.706041 0.4133 0.3373 0.0135
v 9.070745 11.039520 -17.206041 0.6444 0.5302 0.0307
v 9.070745 10.281700 -17.206041 0.6426 0.5300 0.0783
v 9.070745 10.281700 -17.706041 0.5210 0.4241 0.0506
v 9.070745 11.039520 -17.706041 0.5958 0.4904 0.0218
v 8.070745 10.281700 -17.706041 0.5019 0.4118 0.0209
v 8.070745 10.281700 -17.206041 0.7059 0.5826 0.0334
v 8.070745 11.039520 -17.206041 0.7052 0.5818 0.0327
v 8.070745 11.039520 -17.706041 0.5391 0.4430 0.0289
v 8.133245 11.039520 -17.206041 0.5450 0.4473 0.0202
v 8.133245 10.281700 -17.206041 0.6484 0.5349 0.0848
v 8.133245 11.039520 -17.706041 0.3993 0.3247 0.0151
v 8.070745 11.039520 -17.456041 0.7167 0.5916 0.0331
v 8.070745 10.281700 -17.456041 0.5738 0.4720 0.0201
v 8.133245 10.281700 -17.455999 0.4347 0.3550 0.0236
v 8.133245 11.039520 -17.456041 0.4903 0.3999 0.0217
v 8.070745 10.664520 -17.206041 0.7091 0.5851 0.0335
v 8.070745 10.664520 -17.706041 0.6566 0.5413 0.0270
v 8.133245 10.664520 -17.206041 0.5787 0.4758 0.0278
v 8.133245 10.664520 -17.706041 0.3140 0.2520 0.0136
v 8.133245 10.664500 -17.455999 0.4321 0.3523 0.0216
v 8.070745 10.664520 -17.456041 0.7247 0.5984 0.0338
v 9.008245 11.039520 -17.456041 0.4792 0.3924 0.0143
v 9.008245 10.281700 -17.456041 0.5143 0.4214 0.0305
v 9.070745 10.281700 -17.456041 0.5921 0.4874 0.0395
v 9.070745 11.039520 -17.456041 0.6431 0.5299 0.0260
v 9.008245 10.664520 -17.206041 0.5103 0.4182 0.0288
v 9.008245 10.664520 -17.706041 0.2795 0.2243 0.0069
v 9.070745 10.664520 -17.206041 0.7007 0.5777 0.0395
v 9.070745 10.664520 -17.706041 0.6100 0.5019 0.0286
v 9.070745 10.664520 -17.456041 0.7615 0.6293 0.0377
v 9.008245 10.664520 -17.456041 0.4629 0.3783 0.0160
v 8.851997 10.281708 -17.616198 0.3190 0.2577 0.0080
v 8.851997 10.281708 -17.491198 0.2867 0.2306 0.0158
v 8.851997 10.531708 -17.491198 0.3739 0.3036 0.0151
v 8.851997 10.531708 -17.616198 0.3222 0.2607 0.0067
v 8.914497 10.531708 -17.491198 0.3756 0.3053 0.0125
v 8.914497 10.281708 -17.491198 0.3616 0.2930 0.0120
v 8.976997 10.281708 -17.553698 0.2495 0.1998 0.0055
v 8.914497 10.281708 -17.616198 0.1444 0.1113 0.0074
v 8.914497 10.531708 -17.616198 0.2563 0.2057 0.0088
v 8.976997 10.531708 -17.553698 0.2458 0.1960 0.0050
v 8.164499 10.531708 -17.553698 0.3462 0.2801 0.0135
v 8.164499 10.281708 -17.553698 0.3105 0.2492 0.0104
v 8.226999 10.281708 -17.491198 0.3466 0.2787 0.0171
v 8.226999 10.531708 -17.491198 0.3725 0.3026 0.0142
v 8.226999 10.281708 -17.616198 0.1979 0.1558 0.0076
v 8.226999 10.531708 -17.616198 0.2487 0.1969 0.0093
v 8.289499 10.531708 -17.491198 0.2683 0.2145 0.0064
v 8.289499 10.281708 -17.491198 0.3018 0.2425 0.0091
v 8.289499 10.281708 -17.616198 0.2406 0.1908 0.0102
v 8.289499 10.531708 -17.616198 0.2759 0.2162 0.0164
v 8.851995 10.531708 -17.584948 0.2112 0.1665 0.0054
v 8.851995 10.531708 -17.522448 0.3700 0.2990 0.0182
v 8.851995 11.031708 -17.522448 0.4864 0.3969 0.0206
v 8.851995 11.031708 -17.584948 0.3766 0.3058 0.0105
v 8.914495 11.031708 -17.522448 0.5201 0.4264 0.0185
v 8.914495 10.531708 -17.522448 0.2854 0.2284 0.0091
v 8.914495 10.531708 -17.584948 0.1979 0.1561 0.0054
v 8.914495 11.031708 -17.584948 0.4435 0.3625 0.0125
v 8.226995 10.531708 -17.584948 0.2159 0.1703 0.0074
v 8.226995 10.531708 -17.522448 0.3622 0.2934 0.0151
v 8.226995 11.031708 -17.522448 0.4881 0.3993 0.0188
v 8.226995 11.031708 -17.584948 0.4326 0.3533 0.0148
v 8.289495 11.031708 -17.522448 0.4695 0.3826 0.0227
v 8.289495 10.531708 -17.522448 0.4275 0.3477 0.0211
v 8.289495 10.531708 -17.584948 0.2215 0.1734 0.0098
v 8.289495 11.031708 -17.584948 0.4656 0.3808 0.0154
v 8.226995 10.781708 -17.522448 0.3948 0.3207 0.0155
v 8.226995 10.781708 -17.584948 0.2294 0.1813 0.0074
v 8.289495 10.781708 -17.522448 0.4877 0.3987 0.0275
v 8.289495 10.781708 -17.584948 0.3056 0.2461 0.0174
v 8.851995 10.781708 -17.522448 0.4274 0.3481 0.0150
v 8.851995 10.781708 -17.584948 0.2623 0.2096 0.0095
v 8.914495 10.781708 -17.522448 0.3500 0.2834 0.0252
v 8.914495 10.781708 -17.584948 0.2302 0.1823 0.0109
v 8.633249 10.812958 -17.553688 0.3237 0.2604 0.0155
v 8.633249 10.750458 -17.553688 0.2653 0.2122 0.0102
v 8.539495 10.281708 -17.397448 0.3986 0.3242 0.0180
v 8.539495 10.406708 -17.397448 0.4836 0.3951 0.0250
v 8.601995 10.406708 -17.397448 0.4701 0.3832 0.0219
v 8.601995 10.281708 -17.397448 0.3361 0.2719 0.0092
v 8.601995 10.281708 -17.459948 0.3297 0.2658 0.0119
v 8.601995 10.406700 -17.459948 0.4662 0.3794 0.0297
v 8.539495 10.750458 -17.584948 0.2966 0.2389 0.0107
v 8.539495 10.719208 -17.553698 0.1687 0.1319 0.0025
v 8.539495 10.812958 -17.584948 0.2540 0.2026 0.0083
v 8.601995 10.844208 -17.553698 0.3881 0.3157 0.0124
v 8.601995 10.719208 -17.553698 0.1547 0.1197 0.0025
v 8.601995 10.750458 -17.584948 0.2462 0.1965 0.0081
v 8.601995 10.812958 -17.584948 0.2747 0.2203 0.0063
v 8.539497 10.812958 -17.459942 0.5634 0.4617 0.0309
v 8.539497 10.750458 -17.459942 0.5212 0.4263 0.0300
v 8.539495 10.406700 -17.459948 0.4863 0.3975 0.0332
v 8.539495 10.406700 -17.584948 0.2508 0.1994 0.0257
v 8.633245 10.281708 -17.491198 0.3488 0.2816 0.0172
v 8.633245 10.281708 -17.553698 0.2522 0.2010 0.0071
v 8.633245 10.719208 -17.553698 0.2224 0.1765 0.0063
v 8.633245 10.719208 -17.491198 0.4752 0.3875 0.0238
v 8.539495 10.844208 -17.491198 0.5005 0.4097 0.0204
v 8.601995 10.844208 -17.491198 0.3994 0.3248 0.0163
v 8.508245 10.406700 -17.553698 0.2660 0.2126 0.0096
v 8.508245 10.406700 -17.491198 0.3332 0.2678 0.0184
v 8.539495 10.719208 -17.459948 0.5310 0.4297 0.0477
v 8.601995 10.406700 -17.584948 0.2329 0.1836 0.0069
v 8.601995 10.719208 -17.459948 0.5166 0.4225 0.0339
v 8.633245 10.406700 -17.491198 0.4052 0.3291 0.0141
v 8.601995 10.281708 -17.584948 0.2139 0.1684 0.0069
v 8.601995 10.719208 -17.584948 0.3155 0.2548 0.0087
v 8.508245 10.750458 -17.553698 0.2884 0.2314 0.0084
v 8.508245 10.750458 -17.491198 0.5205 0.4260 0.0221
v 8.508245 10.812958 -17.491198 0.4784 0.3908 0.0285
v 8.508245 10.812958 -17.553698 0.3299 0.2666 0.0098
v 8.539495 10.719208 -17.491198 0.3431 0.2779 0.0094
v 8.539495 10.844208 -17.553698 0.3717 0.3021 0.0113
v 8.508245 10.719208 -17.553698 0.2746 0.2201 0.0090
v 8.508245 10.281708 -17.553698 0.3067 0.2465 0.0124
v 8.508245 10.281708 -17.491198 0.3054 0.2439 0.0144
v 8.508245 10.719208 -17.491198 0.4333 0.3526 0.0217
v 8.633245 10.406700 -17.553698 0.2574 0.2051 0.0077
v 8.539495 10.281708 -17.459948 0.3468 0.2802 0.0133
v 8.539495 10.281708 -17.584948 0.2087 0.1642 0.0094
v 8.539495 10.719208 -17.584948 0.2734 0.2190 0.0086
v 8.601999 10.812958 -17.459942 0.5353 0.4386 0.0268
v 8.601999 10.719208 -17.491192 0.3205 0.2593 0.0089
v 8.601999 10.750458 -17.459942 0.5194 0.4254 0.0383
v 8.633249 10.750458 -17.491192 0.4359 0.3550 0.0311
v 8.633249 10.812958 -17.491192 0.4391 0.3575 0.0198
v 8.633245 10.562954 -17.553698 0.2249 0.1767 0.0108
v 8.633245 10.562954 -17.491198 0.3628 0.2917 0.0177
v 8.601995 10.562954 -17.584948 0.2236 0.1768 0.0081
v 8.508245 10.562954 -17.491198 0.3740 0.3023 0.0221
v 8.539495 10.562954 -17.584948 0.2671 0.2130 0.0069
v 8.539495 10.562954 -17.459948 0.5380 0.4397 0.0374
v 8.508245 10.562954 -17.553698 0.2770 0.2217 0.0073
v 8.601995 10.562954 -17.459948 0.4641 0.3770 0.0398
v 8.805120 10.628073 -17.506823 0.3787 0.3073 0.0336
v 8.867620 10.664531 -17.569323 0.0000 0.0000 0.0000
v 8.867620 10.664531 -17.538073 0.0000 0.0000 0.0000
v 8.867620 10.641093 -17.569323 0.0026 0.0004 0.0003
v 8.867620 10.641093 -17.538073 0.0012 0.0002 0.0001
v 8.523870 11.156708 -17.459948 0.4532 0.3702 0.0269
v 8.523870 11.156708 -17.475573 0.4153 0.3388 0.0135
v 8.547307 11.156708 -17.459948 0.4365 0.3560 0.0173
v 8.547307 11.156708 -17.475573 0.4059 0.3306 0.0112
v 8.773870 10.758281 -17.538073 0.4069 0.3316 0.0108
v 8.773870 10.734843 -17.538073 0.3856 0.3132 0.0113
v 8.805120 10.729635 -17.538073 0.2773 0.2226 0.0126
v 8.805120 10.753073 -17.538073 0.3621 0.2935 0.0102
v 8.414495 11.156708 -17.538073 0.4868 0.3982 0.0177
v 8.414495 11.156708 -17.553698 0.4204 0.3427 0.0122
v 8.437932 11.156708 -17.538073 0.3616 0.2917 0.0223
v 8.437932 11.156708 -17.553698 0.2630 0.2083 0.0233
v 8.508245 10.814060 -17.538073 0.2452 0.1956 0.0061
v 8.508245 10.814060 -17.506823 0.4000 0.3256 0.0191
v 8.234807 10.934052 -17.538073 0.0000 0.0000 0.0000
v 8.234807 10.934052 -17.569323 0.1748 0.1376 0.0018
v 8.258245 10.934052 -17.538073 0.0000 0.0000 0.0000
v 8.258245 10.934052 -17.569323 0.0000 0.0000 0.0000
v 8.258245 10.672333 -17.569323 0.1748 0.1376 0.0018
v 8.258245 10.672333 -17.538073 0.1172 0.0893 0.0009
v 8.258245 10.695770 -17.538073 0.0000 0.0000 0.0000
v 8.258245 10.695770 -17.569323 0.0000 0.0000 0.0000
v 8.320745 10.664520 -17.506823 0.4245 0.3447 0.0228
v 8.805120 10.729635 -17.506823 0.3477 0.2794 0.0221
v 8.805120 10.753073 -17.506823 0.4655 0.3795 0.0190
v 8.867620 10.789531 -17.569323 0.0000 0.0000 0.0000
v 8.867620 10.789531 -17.538073 0.0000 0.0000 0.0000
v 8.867620 10.766093 -17.569323 0.0000 0.0000 0.0000
v 8.867620 10.766093 -17.538073 0.0007 0.0001 0.0001
v 8.711370 11.156708 -17.303698 0.4429 0.3585 0.0322
v 8.711370 11.156708 -17.319323 0.2934 0.2360 0.0105
v 8.734807 11.156708 -17.303698 0.5304 0.4326 0.0298
v 8.734807 11.156708 -17.319323 0.5269 0.4324 0.0177
v 8.773870 10.734833 -17.506823 0.3778 0.3062 0.0200
v 8.773870 10.758270 -17.506823 0.4220 0.3433 0.0222
v 8.726995 10.664520 -17.506823 0.4243 0.3424 0.0323
v 8.351995 10.703583 -17.506823 0.4191 0.3380 0.0284
v 8.351995 10.703583 -17.538073 0.3386 0.2739 0.0128
v 8.398870 10.742645 -17.538073 0.3338 0.2700 0.0103
v 8.398870 10.742645 -17.506823 0.4803 0.3926 0.0233
v 8.398870 10.719208 -17.506823 0.4815 0.3934 0.0230
v 8.398870 10.719208 -17.538073 0.3294 0.2661 0.0108
v 8.258245 10.789520 -17.569323 0.0000 0.0000 0.0000
v 8.258245 10.766083 -17.569323 0.0000 0.0000 0.0000
v 8.258245 10.766083 -17.538073 0.1042 0.0784 0.0007
v 8.258245 10.789520 -17.538073 0.0285 0.0187 0.0002
v 8.351995 10.727020 -17.506823 0.4555 0.3717 0.0280
v 8.351995 10.727020 -17.538073 0.3737 0.3030 0.0111
v 8.859807 10.922333 -17.538073 0.0000 0.0000 0.0000
v 8.859807 10.922333 -17.569323 0.0000 0.0000 0.0000
v 8.883245 10.922333 -17.538073 0.0000 0.0000 0.0000
v 8.883245 10.922333 -17.569323 0.0000 0.0000 0.0000
v 8.726995 10.664531 -17.538073 0.2649 0.2123 0.0060
v 8.726995 10.641093 -17.538073 0.2800 0.2225 0.0138
v 8.726995 10.641093 -17.506823 0.4278 0.3476 0.0278
v 8.805120 10.604635 -17.506823 0.3825 0.3100 0.0147
v 8.805120 10.604635 -17.538073 0.2907 0.2329 0.0108
v 8.805120 10.628073 -17.538073 0.3266 0.2643 0.0125
v 8.320745 10.641083 -17.506823 0.3929 0.3157 0.0219
v 8.320745 10.664520 -17.538073 0.3368 0.2723 0.0095
v 8.320745 10.641083 -17.538073 0.2804 0.2238 0.0133
v 8.398870 10.680145 -17.538073 0.3278 0.2648 0.0084
v 8.398870 10.680145 -17.506823 0.4284 0.3484 0.0191
v 8.398870 10.656708 -17.506823 0.4389 0.3550 0.0275
v 8.398870 10.656708 -17.538073 0.3610 0.2920 0.0139
v 8.570421 10.844208 -17.537533 0.3302 0.2671 0.0077
v 8.570421 10.844208 -17.553158 0.4086 0.3330 0.0109
v 8.593859 10.844208 -17.537533 0.4121 0.3362 0.0104
v 8.593859 10.844208 -17.553158 0.3280 0.2655 0.0070
v 8.542207 10.844208 -17.507336 0.3640 0.2955 0.0129
v 8.542207 10.844208 -17.522961 0.3783 0.3078 0.0091
v 8.565644 10.844208 -17.507336 0.3801 0.3092 0.0119
v 8.565644 10.844208 -17.522961 0.3137 0.2523 0.0091
v 8.516159 10.820872 -17.508596 0.4399 0.3594 0.0142
v 8.509347 10.814060 -17.506823 0.3907 0.3182 0.0095
v 8.509347 10.814060 -17.538073 0.1645 0.1294 0.0179
v 8.516159 10.820872 -17.539846 0.3283 0.2657 0.0072
v 8.571715 10.844208 -17.491198 0.3911 0.3184 0.0139
v 8.571353 10.843397 -17.490387 0.4968 0.4059 0.0225
v 8.571715 10.844208 -17.505527 0.3639 0.2957 0.0085
v 8.594790 10.843397 -17.490387 0.4346 0.3539 0.0152
v 8.595153 10.844208 -17.491198 0.3452 0.2781 0.0131
v 8.595153 10.844208 -17.505527 0.3851 0.3129 0.0133
v 8.633249 10.766082 -17.506823 0.3911 0.3174 0.0170
v 8.633249 10.766082 -17.538073 0.2201 0.1761 0.0381
v 8.633249 10.789519 -17.506823 0.3837 0.3116 0.0164
v 8.633249 10.789519 -17.538073 0.3646 0.2963 0.0093
v 8.617622 10.734831 -17.506823 0.3576 0.2887 0.0231
v 8.617621 10.734831 -17.538073 0.1206 0.0913 0.0019
v 8.630242 10.747451 -17.506823 0.3969 0.3217 0.0233
v 8.630242 10.747451 -17.538073 0.2669 0.2140 0.0056
v 8.508245 10.788287 -17.538073 0.3446 0.2790 0.0094
v 8.508245 10.788287 -17.506823 0.3840 0.3092 0.0207
v 8.508245 10.764850 -17.506823 0.3388 0.2726 0.0153
v 8.508245 10.764850 -17.538073 0.1612 0.1241 0.0075
v 8.611506 10.834698 -17.508862 0.3950 0.3215 0.0125
v 8.611506 10.834698 -17.540112 0.3894 0.3169 0.0100
v 8.617621 10.828584 -17.506823 0.4482 0.3658 0.0187
v 8.617621 10.828584 -17.538073 0.3288 0.2649 0.0100
v 8.509512 10.749190 -17.538073 0.2464 0.1962 0.0056
v 8.509512 10.749190 -17.506823 0.3650 0.2949 0.0179
v 8.523575 10.735128 -17.506823 0.3596 0.2911 0.0289
v 8.523575 10.735128 -17.538073 0.0857 0.0341 0.0137
v 8.664799 11.000052 -17.397041 0.5176 0.4238 0.0232
v 8.641361 11.000052 -17.397041 0.5140 0.4210 0.0258
v 8.547145 11.000458 -17.498741 0.5043 0.4127 0.0217
v 8.570582 11.000458 -17.498741 0.4704 0.3836 0.0222
v 8.547145 11.000458 -17.514366 0.4134 0.3366 0.0140
v 8.570582 11.000458 -17.514366 0.4942 0.4050 0.0247
v 8.478351 11.000458 -17.522705 0.4713 0.3828 0.0247
v 8.501788 11.000458 -17.522705 0.4165 0.3393 0.0159
v 8.478351 11.000458 -17.538330 0.4514 0.3681 0.0158
v 8.501788 11.000458 -17.538330 0.3658 0.2971 0.0091
v 8.735657 10.878515 -17.523466 0.4851 0.3967 0.0232
v 8.750433 10.875459 -17.522448 0.5005 0.4096 0.0336
v 8.735657 10.878515 -17.554716 0.4669 0.3820 0.0175
v 8.750433 10.875459 -17.553698 0.2789 0.2231 0.0092
v 9.141057 10.281709 -16.827135 0.6266 0.5159 0.0259
v 9.570747 10.281701 -16.209938 0.5318 0.4364 0.0217
v 9.070747 10.281701 -15.709937 0.5069 0.4155 0.0234
v 8.000432 10.281709 -16.967760 0.5991 0.4929 0.0280
v 7.570749 10.281701 -16.209938 0.5298 0.4343 0.0231
v 7.570748 10.281701 -16.509939 0.5572 0.4576 0.0205
v 7.570746 10.281701 -17.109943 0.6414 0.5283 0.0269
v 7.820173 10.281700 -15.960500 0.5126 0.4206 0.0294
v 9.320747 10.281701 -15.959937 0.5103 0.4175 0.0220
v 9.570745 10.281701 -16.809942 0.6022 0.4956 0.0253
v 7.904078 10.281701 -17.709948 0.5657 0.4651 0.0203
v 9.237411 10.281701 -17.709948 0.5524 0.4540 0.0191
v 9.237414 10.281701 -16.209938 0.5428 0.4457 0.0190
v 8.904081 10.281701 -16.209938 0.5247 0.4281 0.0319
v 8.237415 10.281701 -16.209938 0.5334 0.4361 0.0488
v 7.904082 10.281701 -16.209938 0.5680 0.4670 0.0325
v 9.237413 10.281701 -16.509939 0.6300 0.5184 0.0274
v 8.904080 10.281701 -16.509939 0.5494 0.4515 0.0292
v 8.237414 10.281701 -16.509939 0.5300 0.4351 0.0175
v 7.904081 10.281701 -16.509939 0.6496 0.5352 0.0292
v 9.237412 10.281701 -16.809942 0.7274 0.6005 0.0431
v 8.904079 10.281701 -16.809942 0.6026 0.4952 0.0263
v 8.237413 10.281701 -16.809942 0.5470 0.4487 0.0232
v 7.904080 10.281701 -16.809942 0.6281 0.5171 0.0439
v 9.237412 10.281701 -17.109943 0.6943 0.5729 0.0306
v 8.904079 10.281701 -17.109943 0.5019 0.4107 0.0186
v 8.237412 10.281701 -17.109943 0.5984 0.4920 0.0273
v 7.904079 10.281701 -17.109943 0.6843 0.5642 0.0310
v 9.237411 10.281701 -17.456022 0.6782 0.5594 0.0329
v 8.904078 10.281701 -17.456022 0.3401 0.2756 0.0149
v 8.237411 10.281700 -17.456022 0.4203 0.3416 0.0162
v 7.904078 10.281700 -17.456022 0.6709 0.5526 0.0322
v 9.570745 10.281701 -17.109943 0.6657 0.5488 0.0296
v 9.570746 10.281701 -16.509939 0.5831 0.4796 0.0217
v 8.904081 10.281701 -15.960500 0.5168 0.4224 0.0247
v 8.237415 10.281701 -15.960500 0.5233 0.4266 0.0514
v 8.820740 10.281701 -15.709900 0.4183 0.3413 0.0126
v 8.141057 10.281701 -16.967760 0.4952 0.4056 0.0181
v 8.141057 10.281701 -16.827135 0.5479 0.4500 0.0190
v 9.141057 10.281701 -16.967760 0.5630 0.4628 0.0196
v 9.000432 10.281701 -16.967760 0.4782 0.3912 0.0172
v 8.328557 10.281701 -16.467760 0.5430 0.4447 0.0278
v 8.812932 10.281701 -16.467760 0.4976 0.4064 0.0286
v 8.820740 10.281701 -15.772431 0.5104 0.4183 0.0174
v 8.320740 10.281701 -15.772377 0.4999 0.4100 0.0287
v 8.508245 10.281701 -17.109943 0.5546 0.4555 0.0270
v 8.508245 10.281701 -17.456022 0.4232 0.3444 0.0152
v 8.633245 10.281701 -17.109943 0.5598 0.4597 0.0290
v 8.633245 10.281701 -17.456022 0.3651 0.2960 0.0157
v 8.508245 10.281701 -16.809942 0.6187 0.5089 0.0394
v 8.633245 10.281701 -16.809942 0.5753 0.4724 0.0271
v 8.508245 10.281701 -16.509939 0.6380 0.5250 0.0325
v 8.633245 10.281701 -16.509939 0.5852 0.4806 0.0496
v 8.508245 10.281701 -16.209938 0.5877 0.4817 0.0610
v 8.508245 10.281701 -15.960500 0.5130 0.4140 0.0794
v 8.633245 10.281701 -16.209938 0.6134 0.5031 0.0596
v 8.633245 10.281701 -15.960500 0.4851 0.3918 0.0647
v 8.508245 10.281701 -15.772400 0.4733 0.3715 0.1086
v 8.633245 10.281701 -15.772403 0.4556 0.3538 0.1217
v 9.570745 11.531701 -17.709900 0.5514 0.4530 0.0197
v 8.904078 11.531701 -17.709900 0.5406 0.4438 0.0239
v 7.570746 11.531701 -17.109900 0.6538 0.5389 0.0290
v 7.904072 11.531701 -17.109903 0.7295 0.6022 0.0354
v 7.904074 11.531701 -17.455976 0.7289 0.6019 0.0342
v 7.904067 11.531701 -16.509905 0.3875 0.3154 0.0147
v 7.904063 11.531701 -16.209908 0.4050 0.3302 0.0104
v 7.904070 11.531701 -16.809904 0.6829 0.5633 0.0307
v 8.237407 11.531701 -17.109905 0.5746 0.4725 0.0252
v 8.237408 11.531701 -17.455978 0.5313 0.4359 0.0188
v 8.237402 11.531701 -16.509911 0.4657 0.3810 0.0136
v 8.237404 11.531701 -16.209913 0.4071 0.3320 0.0104
v 8.237405 11.531701 -16.809908 0.4074 0.3322 0.0103
v 8.570727 11.531701 -16.209919 0.2817 0.2260 0.0066
v 8.904059 11.531701 -17.109909 0.4873 0.3993 0.0146
v 8.904069 11.531701 -17.455980 0.5677 0.4666 0.0204
v 8.904035 11.531701 -16.209925 0.3232 0.2613 0.0091
v 8.904043 11.531701 -16.509920 0.3536 0.2873 0.0074
v 8.904052 11.531701 -16.809916 0.3896 0.3175 0.0110
v 9.237410 11.531701 -17.455982 0.7312 0.6039 0.0375
v 9.237406 11.531701 -16.509924 0.4976 0.4081 0.0147
v 9.237409 11.531701 -17.109913 0.8025 0.6636 0.0430
v 9.237405 11.531701 -16.209930 0.4683 0.3834 0.0187
v 9.237408 11.531701 -16.809919 0.6494 0.5353 0.0264
v 9.320747 11.531701 -15.959937 0.4131 0.3371 0.0142
v 8.320740 11.531701 -15.709900 0.3689 0.2992 0.0138
v 8.570740 11.531701 -15.709900 0.2996 0.2419 0.0066
v 8.279002 11.531701 -15.960324 0.3816 0.3103 0.0138
v 9.154098 11.531700 -15.959998 0.4210 0.3435 0.0114
v 8.862420 11.531701 -15.960108 0.4074 0.3323 0.0100
v 8.570733 11.531701 -15.960217 0.3043 0.2454 0.0154
v 7.987229 11.531700 -15.960433 0.4221 0.3441 0.0123
v 8.758245 11.531701 -17.455980 0.5471 0.4496 0.0224
v 8.383245 11.531701 -16.809910 0.3955 0.3224 0.0094
v 8.383245 11.531701 -16.509912 0.2381 0.1906 0.0032
v 8.383245 11.531701 -17.455978 0.5311 0.4361 0.0176
v 8.383245 11.531701 -17.109907 0.4997 0.4097 0.0156
v 8.570728 11.531701 -16.334948 0.2052 0.1631 0.0024
v 8.758245 11.531701 -17.109909 0.4396 0.3595 0.0171
v 8.758245 11.531701 -16.509918 0.4106 0.3348 0.0109
v 8.758245 11.531701 -16.334948 0.2623 0.2108 0.0041
v 8.383245 11.531701 -17.709900 0.4401 0.3598 0.0113
v 8.758245 11.531701 -16.809914 0.4255 0.3471 0.0120
v 9.258245 10.969208 -16.397448 0.6191 0.5092 0.0286
v 9.258245 10.969208 -16.334948 0.5327 0.4371 0.0233
v 9.258245 11.344208 -16.334948 0.3605 0.2927 0.0104
v 9.258245 11.344208 -16.397448 0.4423 0.3614 0.0123
v 9.508245 11.344208 -16.334948 0.3348 0.2702 0.0113
v 9.508245 10.969208 -16.334948 0.4648 0.3801 0.0164
v 9.508245 10.969208 -16.397448 0.5622 0.4620 0.0269
v 9.508245 11.344208 -16.397448 0.3652 0.2971 0.0078
v 9.258245 10.969208 -16.834948 0.6119 0.5038 0.0247
v 9.258245 11.344208 -16.834948 0.6693 0.5519 0.0285
v 9.320745 11.344208 -16.397448 0.3728 0.3034 0.0082
v 9.320745 10.969208 -16.397448 0.5045 0.4137 0.0160
v 9.320745 10.969208 -16.834948 0.6869 0.5666 0.0315
v 9.320745 11.344208 -16.834948 0.6228 0.5129 0.0241
v 8.695745 10.906708 -16.147448 0.4505 0.3637 0.0470
v 8.695745 10.906708 -15.772448 0.4297 0.3501 0.0194
v 8.695745 11.281708 -15.772448 0.2841 0.2286 0.0063
v 8.695745 11.281708 -16.147448 0.2474 0.1977 0.0045
v 8.758245 11.281708 -15.772448 0.3519 0.2857 0.0077
v 8.758245 10.906708 -15.772448 0.4634 0.3780 0.0177
v 8.758245 10.906708 -16.147448 0.5224 0.4260 0.0357
v 8.383245 10.906708 -15.709948 0.3715 0.3021 0.0107
v 8.383245 11.281708 -15.709948 0.2690 0.2164 0.0048
v 8.758245 11.281708 -15.709948 0.2472 0.1982 0.0036
v 8.758245 10.906708 -15.709948 0.3755 0.3055 0.0091
v 8.383245 10.906708 -15.772448 0.4609 0.3765 0.0216
v 8.383245 11.281708 -15.772448 0.3343 0.2710 0.0086
v 8.445745 11.281708 -15.772448 0.2574 0.2063 0.0067
v 8.445745 10.906708 -15.772448 0.4259 0.3455 0.0303
v 8.445745 10.906708 -16.147448 0.4354 0.3522 0.0369
v 8.445745 11.281708 -16.147448 0.2768 0.2218 0.0065
v 8.383245 11.156708 -16.334948 0.6418 0.5284 0.0294
v 8.383245 10.906708 -16.147448 0.5136 0.4202 0.0370
v 8.383245 11.281708 -16.147448 0.3620 0.2940 0.0085
v 8.758245 11.281708 -16.147448 0.3544 0.2879 0.0076
v 8.758245 11.156708 -16.334948 0.6418 0.5285 0.0280
v 9.570745 11.344208 -16.334948 0.2991 0.2413 0.0060
v 9.570745 10.969208 -16.334948 0.4101 0.3342 0.0113
v 9.570745 10.969208 -16.834948 0.6009 0.4947 0.0259
v 9.570745 11.344208 -16.834948 0.5125 0.4205 0.0158
v 8.758245 11.531708 -16.647448 0.2673 0.2150 0.0081
v 8.758245 11.156708 -16.647448 0.4445 0.3610 0.0227
v 8.758245 11.156708 -16.522448 0.5896 0.4838 0.0284
v 8.758245 11.531708 -16.522448 0.2341 0.1871 0.0033
v 9.258245 10.969208 -16.522448 0.6090 0.5010 0.0302
v 9.258245 10.969208 -16.647448 0.5561 0.4566 0.0302
v 9.258245 11.344208 -16.522448 0.3577 0.2899 0.0120
v 9.258245 11.344208 -16.647448 0.5142 0.4219 0.0160
v 9.320745 10.969208 -16.772448 0.7077 0.5841 0.0384
v 9.320745 11.344208 -16.772448 0.4165 0.3400 0.0103
v 9.508245 11.344208 -16.772448 0.3921 0.3196 0.0099
v 9.508245 10.969208 -16.772448 0.5966 0.4907 0.0235
v 9.508245 10.969208 -16.834948 0.6731 0.5550 0.0325
v 9.508245 11.344208 -16.834948 0.5125 0.4206 0.0164
v 7.883245 10.969208 -16.522448 0.5403 0.4428 0.0228
v 7.883245 11.344208 -16.522448 0.3068 0.2480 0.0070
v 7.883245 11.344208 -16.647448 0.5763 0.4741 0.0215
v 7.883245 10.969208 -16.647448 0.4897 0.4013 0.0195
v 8.383245 11.531708 -16.647448 0.3417 0.2772 0.0071
v 8.383245 11.531708 -16.522448 0.2358 0.1886 0.0031
v 8.383245 11.156708 -16.522448 0.5859 0.4814 0.0346
v 8.383245 11.156708 -16.647448 0.4894 0.4004 0.0170
v 8.383245 11.156708 -17.709948 0.4544 0.3715 0.0170
v 8.383245 11.531708 -16.334948 0.3254 0.2637 0.0069
v 8.758245 11.156708 -17.709948 0.4231 0.3425 0.0221
v 8.758245 11.531708 -17.709948 0.5757 0.4739 0.0344
v 7.570745 10.969208 -16.334948 0.4441 0.3629 0.0164
v 7.570745 11.344208 -16.334948 0.3007 0.2425 0.0062
v 7.820745 10.969208 -16.397448 0.5062 0.4149 0.0169
v 7.820745 11.344208 -16.397448 0.3251 0.2632 0.0067
v 7.570745 10.969208 -16.834948 0.6296 0.5181 0.0285
v 7.570740 10.969208 -16.397448 0.5345 0.4387 0.0183
v 7.570740 11.344208 -16.397448 0.2358 0.1884 0.0036
v 7.570745 11.344208 -16.834948 0.4990 0.4092 0.0150
v 7.633245 11.344208 -16.397448 0.3494 0.2837 0.0074
v 7.633245 10.969208 -16.397448 0.5591 0.4597 0.0361
v 7.820745 10.969208 -16.334948 0.5172 0.4237 0.0218
v 7.820745 11.344208 -16.334948 0.3418 0.2769 0.0095
v 7.820745 11.344208 -16.834948 0.6034 0.4966 0.0228
v 7.883245 11.344208 -16.334948 0.3799 0.3092 0.0088
v 7.883245 10.969208 -16.334948 0.4532 0.3702 0.0150
v 7.883245 10.969208 -16.834948 0.6536 0.5386 0.0274
v 7.883245 11.344208 -16.834948 0.7270 0.6004 0.0339
v 7.633245 10.969208 -16.834948 0.6776 0.5588 0.0321
v 7.633245 10.969208 -16.772448 0.5700 0.4684 0.0240
v 7.633245 11.344208 -16.772448 0.3707 0.3017 0.0080
v 7.633245 11.344208 -16.834948 0.5446 0.4475 0.0200
v 7.820745 11.344208 -16.772448 0.3741 0.3044 0.0087
v 7.820745 10.969208 -16.772448 0.7078 0.5839 0.0357
v 7.820745 10.969208 -16.834948 0.6645 0.5478 0.0288
v 8.383245 11.531708 -16.793282 0.4730 0.3873 0.0138
v 8.383245 11.531708 -17.251614 0.5032 0.4127 0.0154
v 8.383245 11.156708 -17.251614 0.5400 0.4432 0.0227
v 8.383245 11.156708 -16.793282 0.5155 0.4226 0.0201
v 8.758245 11.156708 -16.793282 0.5795 0.4763 0.0225
v 8.758245 11.156708 -17.251614 0.5169 0.4237 0.0192
v 8.758245 11.531708 -16.793282 0.4358 0.3561 0.0115
v 8.758245 11.531708 -17.251614 0.5075 0.4163 0.0160
v 8.133245 11.437958 -16.647448 0.6877 0.5674 0.0340
v 8.133245 11.437958 -16.522448 0.3381 0.2743 0.0074
v 8.133245 11.062958 -16.647448 0.5285 0.4336 0.0219
v 8.133245 11.062958 -16.522448 0.6383 0.5256 0.0266
v 9.008245 11.062958 -16.522448 0.6424 0.5292 0.0268
v 9.008245 11.062958 -16.647448 0.5699 0.4685 0.0209
v 9.008245 11.437958 -16.647448 0.6673 0.5503 0.0281
v 9.008245 11.437958 -16.522448 0.3769 0.3067 0.0087
v 8.904080 10.281701 -16.327135 0.4090 0.3292 0.0525
v 8.237414 10.281701 -16.467760 0.4684 0.3823 0.0192
v 8.904080 10.281703 -16.467760 0.4929 0.4041 0.0285
vn -0.0001 -0.0000 -1.0000
vn 0.0001 -0.0000 -1.0000
vn -0.0000 1.0000 -0.0000
vn 0.3903 0.4880 0.7807
vn 0.3904 0.4880 0.7807
vn 0.5774 -0.5774 0.5774
vn 0.5773 0.5775 0.5773
vn 0.5774 0.5773 -0.5773
vn -0.5774 0.5774 0.5773
vn 0.5774 -0.5773 -0.5773
vn -0.5774 -0.5774 0.5773
vn -0.5774 0.5774 -0.5774
vn -0.5774 -0.5774 -0.5774
vn -0.0000 0.2520 0.9677
vn -0.9130 0.4080 -0.0000
vn 0.9130 -0.4080 -0.0000
vn -0.0000 -0.0000 1.0000
vn -0.0000 0.3162 0.9487
vn -0.0000 1.0000 0.0001
vn -0.0001 1.0000 -0.0002
vn -0.0002 1.0000 0.0002
vn 0.0001 1.0000 -0.0000
vn -0.0000 1.0000 -0.0002
vn -0.0000 1.0000 -0.0001
vn -0.0001 1.0000 -0.0001
vn -0.0000 -1.0000 -0.0000
vn -1.0000 -0.0000 -0.0000
vn 1.0000 -0.0000 -0.0000
vn -0.0000 -1.0000 -0.0002
vn -0.0000 1.0000 0.0002
vn 0.0001 1.0000 0.0001
vn 0.0002 1.0000 -0.0000
vn 0.0002 1.0000 0.0001
vn -0.0001 1.0000 -0.0000
vn -0.0001 1.0000 0.0001
vn -0.0002 1.0000 0.0001
vn -0.0002 1.0000 -0.0000
vn 0.7071 -0.0001 -0.7071
vn 0.7071 -0.0000 -0.7071
vn 0.7071 0.0001 -0.7071
vn -0.0000 -0.0001 1.0000
vn -0.0000 -0.0002 1.0000
vn -0.7071 -0.0000 -0.7071
vn -0.6507 -0.7593 -0.0000
vn -0.5418 -0.8405 -0.0000
vn -0.0000 -0.0000 -1.0000
vn 1.0000 0.0045 -0.0018
vn 1.0000 -0.0018 0.0088
vn -0.0000 0.0001 1.0000
vn -0.4018 -0.9157 -0.0000
vn -0.2119 -0.9773 -0.0000
vn -0.1982 -0.9802 -0.0000
vn -0.0000 0.7072 0.7070
vn -0.0000 -0.7071 0.7071
vn -0.0000 0.6000 0.8000
vn -0.7071 0.0001 -0.7071
vn 0.7072 -0.0000 -0.7070
vn 0.5418 0.8405 0.0001
vn 0.4228 0.9062 0.0002
vn 0.7071 -0.7071 -0.0000
vn -0.0000 0.0001 -1.0000
vn 0.7071 0.7072 -0.0000
vn 0.9999 0.0112 -0.0014
vn -0.3509 0.9364 -0.0000
vn -0.3162 0.9487 -0.0000
vn 0.7071 -0.0000 0.7071
vn -0.9891 -0.1473 -0.0000
vn -0.9999 0.0069 0.0106
vn -1.0000 -0.0051 0.0065
vn -0.9999 -0.0055 0.0131
vn -0.0000 -0.6000 -0.8000
vn 0.3511 -0.9363 -0.0000
vn 0.3511 0.9363 -0.0000
vn -0.7071 -0.0000 0.7071
vn 0.3851 -0.9229 -0.0000
vn 0.3509 -0.9364 -0.0000
vn -0.3851 0.9229 -0.0000
vn 0.3903 0.4879 0.7808
vn 0.3904 0.4879 0.7807
vn 0.3903 0.4879 0.7807
vn 0.2169 0.9762 0.0002
vn 0.1907 0.9816 0.0003
vn 0.1906 0.9817 0.0002
vn -0.7071 -0.7071 -0.0000
vn -0.7071 0.7071 -0.0000
vn 0.3836 -0.9235 -0.0000
vn 0.5547 -0.8320 -0.0000
vn 0.3703 -0.9288 0.0144
vn -0.5039 0.8638 -0.0000
vn 0.4472 -0.0000 0.8944
vn 0.2489 -0.0000 0.9685
vn 0.2006 -0.0000 0.9797
vn 0.5039 -0.8638 -0.0000
vn 0.9891 0.1473 -0.0000
vn -0.0000 -0.2410 0.9705
vn -0.2434 -0.0000 0.9699
vn -0.2094 -0.0000 0.9778
vn -0.1642 -0.9864 -0.0002
vn -0.1907 -0.9817 -0.0003
vn -0.1906 -0.9817 -0.0003
vn -0.0000 0.0979 0.9952
vn -0.9257 -0.3783 -0.0000
vn 0.4018 0.9157 -0.0000
vn 0.2252 -0.0000 0.9743
vn 0.2323 -0.0000 0.9727
vn -0.4472 -0.0000 0.8944
vn -0.4472 -0.8944 -0.0000
vn 0.4472 0.8944 -0.0000
vn -0.3162 -0.0000 0.9487
vn -0.1430 -0.0000 0.9897
vn -0.1698 -0.0000 0.9855
vn -0.0000 -0.5119 0.8591
vn -0.2169 -0.9762 -0.0002
vn 0.1642 0.9864 0.0002
vn 0.3162 -0.9487 -0.0000
vn 0.5547 0.8321 -0.0000
vn -0.3328 0.9430 -0.0000
vn 0.6508 0.7593 0.0001
vn -0.3622 0.9320 0.0120
vn -0.3799 0.9250 -0.0069
vn -0.1961 0.9806 -0.0000
vn 0.9257 0.3783 -0.0000
vn 0.3328 -0.9430 -0.0000
vn -0.5547 0.8320 -0.0000
vn -0.3511 -0.9363 -0.0000
vn -0.5547 -0.8321 -0.0000
vn 0.1961 -0.9806 -0.0000
vn -0.4229 -0.9062 -0.0000
vn -0.3511 0.9363 -0.0000
vt 0.999945 0.000028
vt 0.999945 1.000000
vt 0.499976 0.999986
vt 0.000001 0.000004
vt 0.999957 -0.000000
vt 0.999957 0.499999
vt 0.000000 0.000000
vt 1.000000 0.000000
vt 1.000000 1.000000
vt 0.000000 1.000000
vt 1.000000 0.477747
vt 0.500000 0.500000
vt 1.000000 0.500000
vt 0.433892 0.391682
vt 0.421687 0.379344
vt 0.423387 0.379344
vt 0.519569 0.433950
vt 0.626975 0.716240
vt 0.663120 0.716240
vt 0.555155 0.432481
vt 0.555715 0.433950
vt 0.759036 0.108472
vt 0.590365 0.235831
vt 0.759036 0.066037
vt 0.795182 0.490557
vt 0.963856 0.575464
vt 0.772395 0.496094
vt 0.590364 0.405649
vt 0.580933 0.416725
vt 0.426549 0.710931
vt 0.000000 0.999997
vt 0.426549 0.289056
vt 0.481563 0.722338
vt 0.963117 0.999998
vt 0.000000 1.000000
vt 0.300978 0.722338
vt 0.710933 0.526059
vt 0.710932 0.057312
vt 0.289057 0.057312
vt 0.868495 0.859404
vt 0.273426 0.390657
vt 0.000000 0.390657
vt 0.726554 0.859404
vt 0.187491 0.963718
vt 0.148429 0.390657
vt 1.000000 0.522036
vt 0.273428 0.859404
vt 0.000000 0.859404
vt 0.851551 0.390657
vt 1.000000 0.390657
vt 0.726553 0.390657
vt 0.187489 0.000000
vt 0.148430 0.859404
vt 0.289058 0.526059
vt 0.900005 0.000003
vt 0.848423 0.289057
vt 0.900005 1.000000
vt 0.848423 0.710931
vt 0.416778 0.437535
vt 0.416767 1.000000
vt 0.416757 0.562588
vt 1.000000 0.562577
vt 1.000000 0.437534
vt 0.416767 0.000000
vt 0.000000 0.000059
vt 0.751256 0.023942
vt 0.980381 0.024016
vt 0.774174 0.154865
vt 0.000000 0.724728
vt 0.275272 0.724728
vt 0.275272 1.000000
vt 0.751255 0.023942
vt 0.636698 0.154866
vt 0.155527 0.023945
vt 0.911650 0.387483
vt 0.956686 0.969028
vt 0.774174 0.620101
vt 0.636698 0.620102
vt 0.018052 0.969032
vt 0.086789 0.503795
vt 0.155527 0.387486
vt 0.155527 0.154867
vt 0.722618 0.288725
vt 0.867862 0.066190
vt 0.876478 0.294954
vt 0.011701 0.945195
vt 0.720520 0.745472
vt 0.863666 0.979683
vt 0.874380 0.751701
vt 0.843160 0.031759
vt 0.364641 0.162683
vt 0.250698 0.031761
vt 0.227919 0.162683
vt 0.022825 0.031680
vt 0.091196 0.395302
vt 0.046391 0.976848
vt 0.227919 0.627920
vt 0.364642 0.627919
vt 0.979883 0.976844
vt 0.911522 0.511608
vt 0.843160 0.395299
vt 0.579654 0.914344
vt 0.463344 0.449108
vt 0.695962 0.449107
vt 0.036144 0.596690
vt 0.000000 0.596690
vt 0.519011 0.432481
vt 0.734939 1.000000
vt 0.771085 1.000000
vt 0.590364 0.235831
vt 0.463087 0.990846
vt 0.237721 0.990846
vt 0.237721 0.740846
vt 0.463087 0.740846
vt 0.121193 0.000000
vt 0.560600 0.000000
vt 0.560600 0.500000
vt 0.121185 0.500000
vt 1.000000 1.000000
vt 1.000000 0.000000
vt 0.000000 0.000000
vt 1.000000 0.437479
vt 0.000000 0.437500
vt 0.362475 0.954489
vt 0.362473 0.024016
vt 0.982791 0.023939
vt 0.982791 0.969026
vt 0.300977 0.000122
vt 0.481561 0.000000
vt 0.500000 1.000000
vt 0.000000 1.000000
vt 0.000000 0.000000
vt 0.000000 0.500000
vt 0.879518 0.042450
vt 0.879518 0.042452
vt 0.759036 0.108491
vt 0.000000 0.437534
vt 1.000000 0.437526
vt 0.000000 0.437526
vt 1.000000 0.437518
vt 1.000000 1.000000
vt 0.560600 1.000000
vt 1.000000 0.500000
vt 0.000000 1.000000
vt 1.000000 1.000000
vt 1.000000 0.000000
vt 0.795138 0.000000
vt 0.795138 1.000000
vt 0.598379 1.000000
vt 0.598379 0.000000
vt 1.000000 0.562559
vt 0.000000 0.562577
vt 1.000000 0.043823
vt 1.000000 0.366080
vt 0.999999 0.000000
vt 0.991897 -0.000000
vt 0.991897 1.000000
vt 0.795138 1.000000
vt 0.562500 1.000000
vt 0.562500 0.750000
vt 0.437500 0.750000
vt 0.437500 1.000000
vt 0.000000 0.648167
vt 0.401621 0.000000
vt 0.401621 1.000000
vt 0.204862 1.000000
vt 0.204862 0.000000
vt 0.253012 0.249984
vt 0.180723 0.221683
vt 0.445783 1.000000
vt 0.481678 0.716975
vt 0.999999 0.000000
vt 0.129855 0.024016
vt 0.089762 0.969028
vt 0.187511 1.000000
vt 0.187511 0.000000
vt 0.437500 0.000000
vt 0.562500 0.000000
vt 0.640583 0.954497
vt 0.640581 0.024024
vt 0.873199 0.023867
vt 0.913294 0.969035
vt 0.000000 0.000000
vt 0.254190 1.000000
vt 0.254190 0.000000
vt 0.500341 0.000000
vt 0.500341 1.000000
vt 0.746491 1.000000
vt 0.746491 0.000000
vt 0.500340 1.000000
vt 0.421687 0.290205
vt 0.253012 0.207532
vt 0.421687 0.332659
vt 0.000000 0.351876
vt 0.008103 0.000000
vt 0.008103 1.000000
vt 0.992642 0.000000
vt 0.992642 1.000000
vt 0.746491 1.000000
vt 0.008040 0.000000
vt 0.008039 1.000000
vt 0.254190 1.000000
vt 0.254190 0.000000
vt 0.823554 0.740846
vt 0.823554 0.990846
vt 0.598189 0.990846
vt 0.598189 0.740846
vt 0.614466 0.334890
vt 0.831326 0.278287
vt 0.831326 0.278306
vt 0.253012 0.094321
vt 0.445329 0.236368
vt 0.463087 0.454124
vt 0.598189 0.454124
vt 0.812491 0.000000
vt 0.812493 1.000000
vt 0.975904 0.334910
vt 0.879518 0.268873
vt 0.879518 0.268871
vt 0.975904 0.292456
vt 0.879518 0.226416
vt 0.879518 0.226418
vt 0.517822 0.716975
vt 0.517822 0.716975
vt 0.481927 1.000000
vt 0.517574 0.433950
vt 0.553718 0.433950
vt 0.253012 0.136775
vt 0.132530 0.108472
vt 0.132530 0.066018
vt 0.831326 0.235835
vt 0.831326 0.235852
vt 0.474062 0.433950
vt 0.510206 0.433950
vt 0.411729 0.716975
vt 0.375585 0.716975
vt 0.375585 0.716975
vt 0.015897 0.031702
vt 0.879518 0.000000
vt 0.036144 0.122624
vt 0.036144 0.165078
vt 0.036144 0.292438
vt 0.180723 0.179229
vt 0.036144 0.334892
vt 0.975904 0.108490
vt 0.975904 0.108491
vt 0.000001 0.000000
vt 0.000000 0.999972
vt 0.614466 0.292436
vt 0.609828 0.258689
vt 0.812489 0.100819
vt 0.812491 0.963716
vt 0.992641 1.000000
vt 0.992642 0.000000
vt 1.000000 0.575464
vt 0.975904 0.066035
vt 1.000000 0.477964
vt 0.250000 0.477889
vt 0.187511 0.000000
vt 0.313253 1.000000
vt 0.277109 1.000000
vt 0.423641 0.261840
vt 0.795182 0.490557
vt 0.187493 0.000000
vt 0.187496 1.000000
vt 1.000000 0.859404
vt 1.000000 0.859404
vt 0.000000 0.437518
vt 1.000000 0.437512
vt 0.812511 0.000000
vt 0.750006 0.477864
vt 0.000000 0.477747
vt 0.187489 0.100810
vt 0.812491 1.000000
vt 0.975904 0.066037
vt 1.000000 0.390657
vt 0.812511 1.000000
vt 0.000000 0.562559
vt 1.000000 0.562541
vt 1.000000 0.562488
vt 0.000000 0.562500
vt 0.121178 1.000000
vt 1.000000 0.562521
vt 0.000000 0.562541
vt 0.724182 0.624086
vt 0.752972 0.625140
vt 0.755298 0.625203
vt 0.720179 0.624150
vt 0.008040 1.000000
vt 0.008040 0.000000
vt 0.187491 0.000000
vt 0.187493 1.000000
vt 0.812493 0.000000
vt 0.812495 1.000000
vt 0.963117 0.000057
vt 0.851552 0.859404
vt 1.000000 0.000000
vt 0.020269 0.023951
vt 0.020268 0.969037
vt 0.843160 0.162681
vt 0.086789 0.038558
vt 0.950262 0.983188
vt 0.999957 0.999996
vt 0.000000 1.000000
vt 1.000000 0.648169
s 1
usemtl red_line
f 1734/371/465 1463/374/465 1471/373/465
f 1547/447/458 1772/448/467 1548/449/469
f 1769/450/439 1544/451/470 1770/452/471
f 1586/453/472 1770/452/471 1544/451/470
f 1305/374/477 1341/371/478 1338/372/477 1303/373/477
f 1443/373/479 1399/374/479 1403/371/479 1272/372/479
f 1360/374/464 1367/371/464 1365/372/464 1357/373/464
f 1286/373/464 1378/374/464 1349/371/464 1256/372/464
f 1378/373/464 1379/374/464 1351/371/464 1349/372/464
f 1424/374/463 1421/371/463 1420/372/463 1425/373/463
f 1357/374/464 1365/371/464 1285/372/464 1276/373/464
f 1445/373/437 1443/374/437 1272/371/437 1451/372/437
f 1282/374/477 1254/371/478 1341/372/478 1305/373/477
f 1297/374/478 1334/371/478 1295/372/478 1280/373/478
f 1383/373/464 1280/374/464 1295/371/464 1355/372/464
f 1254/374/463 1282/371/463 1422/372/463 1423/373/463
f 1288/371/476 1390/372/476 1386/373/476 1444/374/476
f 1440/374/474 1437/371/475 1394/372/475 1391/373/474
f 1278/374/479 1252/371/492 1396/372/479 1404/373/479
f 1265/374/479 1274/371/479 1403/372/479 1399/373/479
f 1361/374/464 1369/371/464 1367/372/464 1360/373/464
f 1391/374/474 1394/371/475 1276/372/474 1285/373/474
f 1256/373/476 1386/374/476 1390/371/476 1286/372/476
f 1444/373/497 1446/374/482 1452/371/438 1288/372/438
f 1379/373/464 1382/374/464 1353/371/464 1351/372/464
f 1410/374/463 1418/371/463 1252/372/463 1278/373/463
f 1456/374/482 1454/371/482 1452/372/438 1446/373/482
f 1300/374/478 1461/371/477 1334/372/478 1297/373/478
f 1382/373/464 1383/374/464 1355/371/464 1353/372/464
f 1425/374/463 1420/371/463 1419/372/463 1426/373/463
f 1769/373/439 1773/374/439 1774/547/439 1771/372/439
f 1445/374/437 1451/371/437 1454/372/482 1456/373/482
f 1363/374/464 1372/371/464 1369/372/464 1361/373/464
f 1408/374/463 1416/371/463 1417/372/463 1409/373/463
f 1404/374/479 1396/371/479 1436/372/479 1271/373/479
f 1407/374/463 1415/371/463 1416/372/463 1408/373/463
f 1423/374/463 1422/371/463 1421/372/463 1424/373/463
f 1769/450/439 1771/602/439 1547/447/458 1544/451/470
f 1409/374/463 1417/371/463 1418/372/463 1410/373/463
f 1440/373/482 1442/374/482 1439/371/482 1437/372/482
f 1777/373/439 1778/374/439 1780/547/439 1779/372/439
f 1779/373/439 1776/374/439 1775/547/439 1777/372/439
f 1775/374/439 1776/371/439 1774/372/439 1773/373/439
f 1778/373/439 1781/374/439 1782/547/439 1780/372/439
f 1277/374/463 1294/371/463 1415/372/463 1407/373/463
f 1268/374/464 1269/371/464 1372/372/464 1363/373/464
f 1441/373/437 1271/374/437 1436/371/437 1438/372/437
f 1294/374/477 1277/371/485 1323/372/485 1333/373/477
f 1327/374/453 1458/371/453 1318/372/453 1325/373/453
f 1426/374/463 1419/371/463 1274/372/463 1265/373/463
f 1333/374/477 1323/371/485 1460/372/485 1330/373/477
f 1325/374/453 1318/371/453 1269/372/453 1268/373/453
f 1547/447/458 1771/602/439 1772/448/467
f 1586/453/472 1583/666/455 1770/452/471
usemtl regular_walls
f 1796/374/462 1889/423/462 1820/424/462
f 1800/373/462 1823/425/462 1822/426/462
f 1807/371/462 1805/373/462 1262/374/462
f 1448/371/462 1388/373/462 1814/372/462
f 1447/371/462 1811/372/462 1807/373/462
f 1388/371/462 1789/373/462 1814/372/462
f 1889/423/462 1793/372/462 1817/427/462
f 1823/425/462 1796/371/462 1820/428/462
f 1276/373/474 1394/374/475 1731/371/475 1728/372/476
f 1436/373/479 1396/374/479 1732/371/479 1726/372/479
f 1790/373/462 1345/374/462 1785/371/462 1786/372/462
f 1349/373/464 1351/374/464 1345/371/464 1343/372/464
f 1413/373/463 1414/374/463 1423/371/463 1424/372/463
f 1734/374/453 1325/371/453 1268/372/453 1283/373/453
f 1789/373/462 1258/374/462 1343/371/462 1788/372/462
f 1411/373/463 1412/374/463 1425/371/463 1426/372/463
f 1798/372/462 1815/486/462 1891/487/462 1784/371/462
f 1802/374/462 1798/371/462 1784/372/462 1316/373/462
f 1735/374/478 1333/371/477 1330/372/477 1308/373/477
f 1794/374/462 1789/371/462 1788/372/462 1793/373/462
f 1463/374/453 1327/371/453 1325/372/453 1734/373/453
f 1254/374/478 1783/371/453 1316/372/453 1341/373/478
f 1462/373/453 1338/374/477 1784/371/453 1314/372/453
f 1462/374/453 1314/371/453 1312/372/453 1461/373/477
f 1461/374/477 1312/371/453 1309/372/453 1334/373/478
f 1416/373/463 1756/374/463 1733/371/463 1417/372/463
f 1309/374/462 1312/371/462 1792/372/462 1787/373/462
f 1295/374/464 1260/371/464 1348/372/464 1355/373/464
f 1355/374/464 1348/371/464 1785/372/464 1353/373/464
f 1351/373/464 1353/374/464 1785/371/464 1345/372/464
f 1415/373/463 1427/374/463 1756/371/463 1416/372/463
f 1262/374/479 1265/371/479 1399/372/479 1807/373/479
f 1805/374/462 1799/371/462 1800/372/462 1803/373/462
f 1294/373/463 1405/374/463 1427/371/463 1415/372/463
f 1817/501/462 1793/371/462 1795/372/462 1816/502/462
f 1816/503/462 1795/371/462 1791/372/462 1819/504/462
f 1412/373/463 1413/374/463 1424/371/463 1425/372/463
f 1729/373/464 1406/374/464 1360/371/464 1357/372/464
f 1804/374/462 1797/371/462 1798/372/462 1802/373/462
f 1728/373/464 1729/374/464 1357/371/464 1276/372/464
f 1825/515/462 1801/373/462 1800/374/462 1822/516/462
f 1448/374/475 1444/371/476 1386/372/476 1388/373/475
f 1448/373/482 1808/374/482 1446/371/482 1444/372/497
f 1795/374/462 1790/371/462 1786/372/462 1791/373/462
f 1411/374/462 1803/371/462 1806/372/462 1412/373/462
f 1437/373/482 1439/374/482 1428/371/482 1291/372/482
f 1436/374/437 1726/371/437 1760/372/437 1438/373/437
f 1456/374/482 1809/371/482 1449/372/437 1445/373/437
f 1446/374/482 1808/371/482 1809/372/482 1456/373/482
f 1793/374/462 1788/371/462 1790/372/462 1795/373/462
f 1449/373/462 1809/374/462 1813/371/462 1812/372/462
f 1730/373/464 1376/374/464 1363/371/464 1361/372/464
f 1417/373/463 1733/374/463 1757/371/463 1418/372/463
f 1252/374/492 1725/371/479 1732/372/479 1396/373/479
f 1406/373/464 1730/374/464 1361/371/464 1360/372/464
f 1811/373/462 1812/374/462 1799/371/462 1805/372/462
f 1338/373/477 1341/374/478 1316/371/453 1784/372/453
f 1262/373/463 1411/374/463 1426/371/463 1265/372/463
f 1447/374/437 1443/371/437 1445/372/437 1449/373/437
f 1819/632/462 1791/371/462 1792/372/462 1818/633/462
f 1412/374/462 1806/371/462 1804/372/462 1413/373/462
f 1388/374/475 1386/371/476 1256/372/476 1258/373/475
f 1414/373/463 1783/374/463 1254/371/463 1423/372/463
f 1801/374/462 1825/642/462 1821/643/462 1797/373/462
f 1818/644/462 1792/373/462 1312/374/462 1824/645/462
f 1788/373/462 1343/374/462 1345/371/462 1790/372/462
f 1260/372/453 1295/373/478 1334/374/478 1309/371/453
f 1806/374/462 1801/371/462 1797/372/462 1804/373/462
f 1405/374/478 1294/371/477 1333/372/477 1735/373/478
f 1376/373/464 1283/374/464 1268/371/464 1363/372/464
f 1786/373/462 1785/374/462 1348/371/462 1787/372/462
f 1796/374/462 1794/371/462 1889/423/462
f 1262/374/462 1805/371/462 1803/372/462 1411/373/462
f 1447/373/479 1807/374/479 1399/371/479 1443/372/479
f 1418/373/463 1757/374/463 1725/371/463 1252/372/463
f 1800/373/462 1799/374/462 1823/425/462
f 1260/374/462 1309/371/462 1787/372/462 1348/373/462
f 1803/374/462 1800/371/462 1801/372/462 1806/373/462
f 1437/374/475 1291/371/475 1731/372/475 1394/373/475
f 1791/374/462 1786/371/462 1787/372/462 1792/373/462
f 1815/647/462 1798/373/462 1797/374/462 1821/648/462
f 1414/374/462 1802/371/462 1316/372/462 1783/373/462
f 1807/371/462 1811/372/462 1805/373/462
f 1808/374/462 1810/371/462 1813/372/462 1809/373/462
f 1810/374/462 1794/371/462 1796/372/462 1813/373/462
f 1447/373/462 1449/374/462 1812/371/462 1811/372/462
f 1448/374/462 1814/371/462 1810/372/462 1808/373/462
f 1812/373/462 1813/374/462 1796/371/462 1799/372/462
f 1814/374/462 1789/371/462 1794/372/462 1810/373/462
f 1388/371/462 1258/374/462 1789/373/462
f 1889/423/462 1794/371/462 1793/372/462
f 1823/425/462 1799/374/462 1796/371/462
f 1349/374/464 1343/371/464 1258/372/464 1256/373/464
f 1413/374/462 1804/371/462 1802/372/462 1414/373/462
usemtl grid_wall
f 1271/365/437 1441/366/437 1450/367/437
f 1288/368/438 1452/369/438 1453/370/438
f 1422/373/463 1282/374/463 1277/371/463 1407/372/463
f 1403/373/479 1274/374/479 1278/371/479 1404/372/479
f 1419/373/463 1420/374/463 1409/371/463 1410/372/463
f 1323/372/485 1305/373/477 1303/374/477 1460/371/485
f 1274/373/463 1419/374/463 1410/371/463 1278/372/463
f 1367/372/464 1379/373/464 1378/374/464 1365/371/464
f 1288/374/476 1440/371/474 1391/372/474 1390/373/476
f 1272/373/479 1403/374/479 1404/371/479 1271/372/479
f 1372/371/464 1269/372/464 1280/373/464 1383/374/464
f 1420/373/463 1421/374/463 1408/371/463 1409/372/463
f 1455/374/482 1454/371/482 1451/372/437 1450/373/437
f 1458/372/453 1300/373/478 1297/374/478 1318/371/453
f 1421/373/463 1422/374/463 1407/371/463 1408/372/463
f 1272/611/437 1271/365/437 1450/367/437 1451/612/437
f 1318/372/453 1297/373/478 1280/374/478 1269/371/453
f 1390/374/476 1391/371/474 1285/372/474 1286/373/476
f 1277/372/485 1282/373/477 1305/374/477 1323/371/485
f 1453/374/438 1452/371/438 1454/372/482 1455/373/482
f 1369/371/464 1372/372/464 1383/373/464 1382/374/464
f 1285/371/464 1365/372/464 1378/373/464 1286/374/464
f 1367/371/464 1369/372/464 1382/373/464 1379/374/464
f 1453/370/438 1442/667/482 1440/668/482 1288/368/438
usemtl green_line
f 1324/373/464 1435/495/464 1261/496/464 1326/372/464
f 1289/373/482 1402/495/482 1381/496/482 1255/372/482
f 1253/373/482 1298/495/482 1311/496/482 1275/372/482
f 1270/373/482 1359/495/482 1374/496/482 1290/372/482
f 1354/373/482 1761/495/482 1727/496/482 1370/372/482
f 1257/373/464 1320/495/464 1331/496/464 1263/372/464
f 1313/371/453 1430/517/453 1431/518/453
f 1346/374/463 1370/371/463 1727/372/463 1264/373/463
f 1263/373/482 1331/495/482 1344/496/482 1287/372/482
f 1267/373/464 1299/495/464 1298/496/464 1253/372/464
f 1259/373/464 1384/495/464 1402/496/464 1289/372/464
f 1281/374/453 1266/371/453 1352/372/453 1362/373/453
f 1292/372/464 1304/373/464 1433/495/464 1765/496/464
f 1430/373/463 1313/374/463 1306/371/463 1432/519/463
f 1319/374/463 1311/371/463 1310/372/463 1317/373/463
f 1317/374/463 1310/371/463 1307/372/463 1315/373/463
f 1315/374/463 1307/371/463 1306/372/463 1313/373/463
f 1358/373/482 1356/495/482 1371/496/482 1373/372/482
f 1301/373/464 1302/495/464 1293/496/464 1296/372/464
f 1299/373/464 1301/495/464 1296/496/464 1298/372/464
f 1267/374/453 1279/371/453 1319/372/453 1299/373/453
f 1299/374/453 1319/371/453 1317/372/453 1301/373/453
f 1301/374/453 1317/371/453 1315/372/453 1302/373/453
f 1302/374/453 1315/371/453 1313/372/453 1304/373/453
f 1304/374/453 1313/371/453 1431/518/453 1433/373/453
f 1293/373/482 1292/495/482 1306/496/482 1307/372/482
f 1296/373/482 1293/495/482 1307/496/482 1310/372/482
f 1298/373/482 1296/495/482 1310/496/482 1311/372/482
f 1273/374/463 1287/371/463 1344/372/463 1337/373/463
f 1337/374/463 1344/371/463 1342/372/463 1336/373/463
f 1336/374/463 1342/371/463 1340/372/463 1335/373/463
f 1335/374/463 1340/371/463 1339/372/463 1332/373/463
f 1724/373/453 1389/374/453 1392/371/453 1429/372/453
f 1329/373/482 1328/495/482 1340/496/482 1342/372/482
f 1331/373/482 1329/495/482 1342/496/482 1344/372/482
f 1326/373/482 1261/495/482 1934/527/482
f 1321/373/464 1322/495/464 1328/496/464 1329/372/464
f 1320/373/464 1321/495/464 1329/496/464 1331/372/464
f 1257/374/453 1273/371/453 1337/372/453 1320/373/453
f 1320/374/453 1337/371/453 1336/372/453 1321/373/453
f 1321/374/453 1336/371/453 1335/372/453 1322/373/453
f 1322/374/453 1335/371/453 1332/372/453 1324/373/453
f 1266/374/463 1290/371/463 1374/372/463 1352/373/463
f 1352/374/463 1374/371/463 1373/372/463 1350/373/463
f 1350/374/463 1373/371/463 1371/372/463 1347/373/463
f 1347/374/463 1371/371/463 1370/372/463 1346/373/463
f 1368/373/464 1762/495/464 1761/496/464 1354/372/464
f 1366/373/464 1368/495/464 1354/496/464 1356/372/464
f 1364/373/464 1366/495/464 1356/496/464 1358/372/464
f 1362/373/464 1364/495/464 1358/496/464 1359/372/464
f 1398/372/464 1389/373/464 1724/495/464 1763/496/464
f 1302/373/464 1304/495/464 1292/496/464 1293/372/464
f 1279/374/463 1275/371/463 1311/372/463 1319/373/463
f 1359/373/482 1358/495/482 1373/496/482 1374/372/482
f 1362/374/453 1352/371/453 1350/372/453 1364/373/453
f 1364/374/453 1350/371/453 1347/372/453 1366/373/453
f 1368/374/453 1346/371/453 1264/372/453 1762/373/453
f 1387/373/464 1389/495/464 1398/496/464 1400/372/464
f 1385/373/464 1387/495/464 1400/496/464 1401/372/464
f 1384/373/464 1385/495/464 1401/496/464 1402/372/464
f 1387/374/453 1393/371/453 1392/372/453 1389/373/453
f 1397/374/463 1381/371/463 1380/372/463 1395/373/463
f 1395/374/463 1380/371/463 1377/372/463 1393/373/463
f 1393/374/463 1377/371/463 1375/372/463 1392/373/463
f 1398/373/482 1763/495/482 1764/496/482 1375/372/482
f 1400/373/482 1398/495/482 1375/496/482 1377/372/482
f 1366/374/453 1347/371/453 1346/372/453 1368/373/453
f 1356/373/482 1354/495/482 1370/496/482 1371/372/482
f 1322/373/464 1324/495/464 1326/496/464 1328/372/464
f 1328/373/482 1326/495/482 1339/496/482 1340/372/482
f 1281/373/464 1362/495/464 1359/496/464 1270/372/464
f 1392/374/463 1375/371/463 1764/372/463 1429/373/463
f 1306/372/482 1292/373/482 1765/495/482 1933/558/482
f 1259/374/453 1284/371/453 1397/372/453 1384/373/453
f 1384/374/453 1397/371/453 1395/372/453 1385/373/453
f 1385/374/453 1395/371/453 1393/372/453 1387/373/453
f 1402/373/482 1401/495/482 1380/496/482 1381/372/482
f 1401/373/482 1400/495/482 1377/496/482 1380/372/482
f 1284/374/463 1255/371/463 1381/372/463 1397/373/463
f 1434/373/463 1332/374/463 1339/371/463 1766/372/463
f 1339/372/482 1326/373/482 1934/527/482 1766/496/482
f 1933/558/482 1432/496/482 1306/372/482
f 1435/373/453 1324/374/453 1932/669/453
f 1324/374/453 1332/371/453 1434/372/453 1932/669/453
usemtl soft_ground
f 1726/374/439 1767/375/439 1760/373/439
f 1753/372/455 1464/374/439 1489/371/439
f 1749/371/439 1468/373/439 1464/374/439
f 1761/394/439 1750/395/439 1751/371/439 1727/396/439
f 1472/397/439 1751/398/439 1750/399/439 1476/400/439
f 1744/372/456 1763/401/439 1724/402/457
f 1745/371/458 1724/402/457 1429/403/459
f 1432/404/439 1742/373/439 1743/374/439
f 1738/371/439 1433/405/439 1431/406/439
f 1766/407/439 1741/373/439 1776/408/439
f 1737/371/439 1435/409/439 1932/406/439
f 1728/371/439 1731/372/439 1739/373/439
f 1732/371/439 1725/372/439 1736/373/439
f 1758/372/439 1726/374/439 1732/371/439
f 1428/372/439 1768/410/439 1291/371/439
f 1765/411/439 1742/374/439 1933/412/439
f 1430/413/439 1738/372/439 1431/414/439
f 1737/372/439 1434/415/439 1779/416/439
f 1261/417/460 1741/374/439 1934/412/461
f 1764/418/439 1745/371/458 1429/403/459
f 1763/401/439 1749/374/439 1764/418/439
f 1727/396/439 1751/371/439 1747/419/439 1264/420/455
f 1747/419/439 1746/421/439 1762/422/455 1264/420/455
f 1291/371/439 1759/373/439 1731/374/439
f 1754/429/455 1476/400/439 1750/399/439
f 1753/430/455 1489/431/439 1503/432/466
f 1503/433/466 1499/434/455 1753/435/455
f 1753/436/455 1499/437/455 1772/438/467
f 1503/432/466 1489/431/439 1504/439/468
f 1308/440/460 1504/439/468 1489/431/439
f 1504/439/468 1308/440/460 1505/441/460
f 1498/442/460 1308/440/460 1457/443/460
f 1573/444/439 1498/442/460 1457/443/460
f 1562/445/439 1498/442/460 1573/444/439
f 1561/446/455 1772/438/467 1499/437/455
f 1770/454/471 1515/455/466 1754/456/455
f 1515/455/466 1510/457/466 1754/456/455
f 1510/457/466 1480/458/439 1754/456/455
f 1509/459/473 1463/460/460 1480/458/439
f 1512/461/460 1463/460/460 1509/459/473
f 1463/460/460 1516/462/439 1457/463/460
f 1587/464/439 1516/462/439 1582/465/439
f 1457/466/460 1587/467/439 1573/468/439
f 1469/488/439 1490/489/439 1752/490/439 1735/491/439
f 1472/397/439 1476/400/439 1480/492/439 1479/493/439
f 1489/537/439 1490/489/439 1469/488/439 1308/538/439
f 1778/539/439 1777/540/439 1738/372/439 1759/373/439
f 1471/543/439 1479/544/439 1480/545/439 1463/546/439
f 1743/373/439 1729/374/439 1728/371/439 1739/372/439
f 1771/374/439 1749/371/439 1753/372/455 1772/373/467
f 1742/371/439 1775/579/439 1773/580/439 1746/374/439
f 1433/405/439 1777/615/439 1775/616/439 1765/411/439
f 1763/401/439 1748/372/439 1468/373/439 1749/374/439
f 1499/437/455 1498/442/460 1562/445/439 1561/446/455
f 1768/621/439 1781/622/439 1778/623/439 1759/372/439
f 1751/373/439 1730/374/439 1406/371/439 1747/372/439
f 1736/374/439 1737/371/439 1758/372/439 1732/373/439
f 1427/373/439 1752/374/439 1748/371/439 1756/372/439
f 1733/373/439 1744/374/456 1740/371/439 1757/372/439
f 1744/373/456 1745/374/458 1741/371/439 1740/372/439
f 1753/372/455 1749/373/439 1464/374/439
f 1747/373/439 1406/374/439 1729/371/439 1743/372/439
f 1744/372/456 1748/373/439 1763/401/439
f 1745/371/458 1744/372/456 1724/402/457
f 1750/373/439 1769/374/439 1770/371/471 1754/372/455
f 1757/373/439 1740/374/439 1736/371/439 1725/372/439
f 1774/628/439 1745/372/458 1749/373/439 1771/629/439
f 1756/373/439 1748/374/439 1744/371/456 1733/372/439
f 1746/373/439 1747/374/439 1743/371/439 1742/372/439
f 1432/404/439 1933/630/439 1742/373/439
f 1738/371/439 1777/615/439 1433/405/439
f 1766/407/439 1934/631/461 1741/373/439
f 1737/371/439 1736/372/439 1435/409/439
f 1759/374/439 1738/371/439 1739/372/439 1731/373/439
f 1758/372/439 1767/375/439 1726/374/439
f 1780/634/439 1782/635/439 1767/636/439 1758/371/439
f 1776/408/439 1779/637/439 1434/415/439 1766/407/439
f 1765/411/439 1775/638/439 1742/374/439
f 1740/373/439 1261/417/460 1435/409/439 1736/372/439
f 1430/413/439 1739/371/439 1738/372/439
f 1737/372/439 1932/640/439 1434/415/439
f 1261/417/460 1740/373/439 1741/374/439
f 1764/418/439 1749/374/439 1745/371/458
f 1780/641/439 1758/374/439 1737/371/439 1779/634/439
f 1291/371/439 1768/410/439 1759/373/439
f 1734/373/439 1283/374/439 1376/371/439 1755/372/439
f 1752/373/439 1490/374/439 1468/371/439 1748/372/439
f 1776/655/439 1741/372/439 1745/373/458 1774/656/439
f 1746/371/439 1773/657/439 1769/658/439 1750/374/439
f 1405/373/439 1735/374/439 1752/371/439 1427/372/439
f 1755/373/439 1376/374/439 1730/371/439 1751/372/439
f 1464/372/439 1468/371/439 1490/374/439 1489/373/439
f 1472/397/439 1479/493/439 1755/659/439 1751/398/439
f 1754/429/455 1480/492/439 1476/400/439
f 1430/413/439 1432/660/439 1743/374/439 1739/371/439
f 1755/662/439 1479/544/439 1471/543/439 1734/663/439
f 1498/442/460 1505/441/460 1308/440/460
f 1582/465/439 1516/462/439 1515/455/466 1583/664/455
f 1561/446/455 1548/665/469 1772/438/467
f 1770/454/471 1583/664/455 1515/455/466
f 1510/457/466 1509/459/473 1480/458/439
f 1463/460/460 1512/461/460 1516/462/439
f 1587/464/439 1457/463/460 1516/462/439
f 1746/421/439 1750/395/439 1761/394/439 1762/422/455
usemtl red_tech
f 1461/479/477 1458/480/477 1459/481/477 1462/482/453
f 1308/505/477 1460/506/477 1459/481/477 1457/507/477
f 1463/536/477 1457/507/477 1459/481/477 1458/480/477
f 1460/506/477 1338/646/477 1462/482/453 1459/481/477
usemtl cage
f 1476/374/464 1480/483/483 1486/484/484 1484/485/464
f 1486/372/484 1481/373/464 1475/374/464 1484/371/464
f 1485/371/499 1477/508/464 1481/509/464 1486/510/484
f 1495/371/464 1470/374/464 1491/373/464 1496/372/464
f 1488/373/463 1497/372/504 1492/371/463 1465/374/463
f 1467/374/439 1491/371/439 1488/372/439 1465/373/439
f 1490/373/464 1496/372/464 1494/371/464 1468/374/464
f 1478/373/463 1487/372/463 1482/371/463 1473/374/463
f 1493/371/505 1308/374/463 1489/373/506 1497/372/504
f 1497/372/504 1489/373/506 1464/374/463 1492/371/463
f 1474/374/463 1483/371/463 1487/372/463 1478/373/463
f 1484/526/453 1475/541/453 1473/542/453 1482/523/453
f 1469/374/464 1495/371/464 1496/372/464 1490/373/464
f 1483/371/463 1471/374/463 1479/373/463 1487/372/463
f 1481/374/439 1477/371/439 1474/372/439 1478/373/439
f 1475/374/439 1481/371/439 1478/372/439 1473/373/439
f 1468/526/453 1494/541/453 1492/542/453 1464/523/453
f 1496/372/464 1491/373/464 1467/374/464 1494/371/464
f 1476/526/453 1484/541/453 1482/542/453 1472/523/453
f 1494/526/453 1467/541/453 1465/542/453 1492/523/453
f 1487/372/463 1479/373/463 1472/374/463 1482/371/463
f 1491/374/439 1470/371/439 1466/372/439 1488/373/439
f 1466/374/463 1493/371/505 1497/372/504 1488/373/463
f 1480/373/483 1463/374/464 1485/547/499 1486/661/484
usemtl blue_concrete
f 1507/371/439 1523/372/439 1502/373/439
f 1511/371/439 1527/372/439 1508/373/439
f 1527/371/439 1526/372/439 1508/373/439
f 1508/371/439 1526/372/439 1513/373/439
f 1523/371/439 1507/372/439 1524/373/439
f 1507/371/439 1506/372/439 1524/373/439
f 1506/372/440 1518/374/440 1503/371/441
f 1554/371/446 1555/372/446 1543/373/446
f 1551/371/449 1575/372/449 1550/373/449
f 1579/371/439 1584/372/439 1569/373/439
f 1564/371/439 1590/372/439 1571/373/439
f 1588/371/439 1581/372/439 1551/373/439
f 1554/371/439 1563/372/439 1574/373/439
f 1532/374/439 1517/371/439 1513/372/439 1526/373/439
f 1500/374/439 1502/371/439 1523/372/439 1519/373/439
f 1584/374/439 1579/371/439 1551/372/439 1581/373/439
f 1585/374/475 1562/371/475 1573/372/475 1570/373/475
f 1594/374/475 1585/371/475 1570/372/475 1596/373/475
f 1572/374/464 1585/371/464 1594/372/464 1595/373/464
f 1572/374/502 1549/371/502 1548/372/502 1561/373/502
f 1595/374/502 1601/371/502 1549/372/502 1572/373/502
f 1515/374/464 1516/371/464 1517/372/464 1514/373/464
f 1504/374/502 1507/371/502 1502/372/502 1503/373/502
f 1511/374/510 1508/371/510 1509/372/510 1510/373/510
f 1515/374/453 1514/371/453 1511/372/453 1510/373/453
f 1517/374/482 1516/371/482 1512/372/482 1513/373/482
f 1511/374/439 1514/371/439 1531/372/439 1527/373/439
f 1506/372/514 1501/373/515 1518/374/516
f 1571/374/439 1590/371/439 1579/372/439 1569/373/439
f 1549/373/453 1601/374/453 1599/371/453 1559/372/453
f 1595/374/464 1594/371/464 1563/372/464 1564/373/464
f 1568/374/463 1567/371/463 1582/372/463 1583/373/463
f 1561/374/464 1562/371/464 1585/372/464 1572/373/464
f 1588/374/479 1598/371/479 1600/372/479 1581/373/479
f 1597/374/463 1600/371/463 1567/372/463 1568/373/463
f 1554/373/439 1590/374/439 1564/371/439 1563/372/439
f 1588/374/439 1551/371/439 1554/372/439 1574/373/439
f 1599/374/510 1597/371/510 1568/372/510 1559/373/510
f 1560/374/479 1587/371/479 1582/372/479 1567/373/479
f 1563/374/475 1594/371/475 1596/372/475 1574/373/475
f 1559/374/510 1568/371/510 1583/372/510 1586/373/510
f 1569/374/510 1584/371/510 1597/372/510 1599/373/510
f 1584/374/463 1581/371/463 1600/372/463 1597/373/463
f 1598/374/479 1560/371/479 1567/372/479 1600/373/479
f 1564/374/502 1571/371/502 1601/372/502 1595/373/502
f 1506/374/475 1507/371/475 1504/372/475 1505/373/475
f 1506/374/482 1505/371/482 1498/372/482 1501/373/482
f 1503/374/453 1502/371/453 1500/372/453 1499/373/453
f 1501/374/463 1498/371/463 1499/372/463 1500/373/463
f 1601/373/453 1571/374/453 1569/371/453 1599/372/453
f 1513/374/479 1512/371/479 1509/372/479 1508/373/479
usemtl pipes
f 1537/511/464 1533/512/464 1530/513/464 1536/514/464
f 1532/512/464 1537/511/464 1536/514/464 1531/513/464
f 1533/520/482 1537/521/482 1535/522/482 1529/511/482
f 1530/523/439 1533/524/439 1529/525/439 1528/526/439
f 1531/513/453 1536/514/453 1534/528/453 1527/529/453
f 1529/530/463 1535/531/463 1534/528/463 1528/529/463
f 1521/548/463 1539/549/463 1538/550/463 1520/551/463
f 1523/552/453 1540/553/453 1538/550/453 1519/554/453
f 1537/559/482 1532/560/482 1526/530/482 1535/531/482
f 1536/514/453 1530/513/453 1528/529/453 1534/528/453
f 1535/531/463 1526/530/463 1527/529/463 1534/528/463
f 1541/561/464 1525/562/464 1522/563/464 1540/553/464
f 1541/564/482 1524/565/482 1518/566/482 1539/567/482
f 1540/553/453 1522/563/453 1520/551/453 1538/550/453
f 1539/567/463 1518/566/463 1519/554/463 1538/550/463
f 1524/617/464 1541/618/464 1540/553/464 1523/552/464
f 1522/649/439 1525/650/439 1521/651/439 1520/652/439
f 1525/653/482 1541/654/482 1539/549/482 1521/548/482
usemtl yellow_wall
f 1547/475/464 1548/476/464 1549/477/464 1546/478/464
f 1559/568/463 1586/569/463 1544/570/463 1545/571/463
f 1547/475/453 1546/478/453 1545/571/453 1544/570/453
f 1546/478/460 1549/577/460 1559/578/460 1545/571/460
usemtl collection16
f 1591/376/442 1590/377/442 1592/373/442
f 1593/376/443 1566/377/443 1589/373/443
f 1556/376/444 1553/377/444 1542/373/444
f 1565/376/445 1577/377/445 1557/373/445
f 1576/376/447 1579/377/447 1558/373/447
f 1578/376/448 1580/377/448 1552/373/448
f 1557/494/489 1589/376/489 1566/377/489 1565/373/489
f 1558/373/490 1579/494/490 1590/376/490 1591/377/490
f 1555/374/493 1556/497/493 1542/376/493 1543/494/493
f 1590/373/496 1554/494/496 1543/376/496 1592/377/496
f 1542/373/498 1553/494/498 1566/376/498 1593/377/498
f 1578/374/463 1575/497/463 1576/376/463 1577/494/463
f 1592/374/502 1593/497/502 1589/376/502 1591/494/502
f 1575/374/479 1578/497/479 1552/376/479 1550/494/479
f 1558/374/453 1591/497/453 1589/376/453 1557/494/453
f 1543/374/464 1542/497/464 1593/376/464 1592/494/464
f 1580/494/439 1565/376/439 1566/377/439 1553/373/439
f 1575/494/520 1551/376/520 1579/377/520 1576/373/520
f 1576/374/510 1558/497/510 1557/376/510 1577/494/510
f 1580/494/521 1578/376/521 1577/377/521 1565/373/521
usemtl yellow_tech
f 1680/378/450 1620/379/450 1681/380/450
f 1686/381/451 1684/381/451 1711/382/451
f 1710/383/452 1687/384/452 1688/385/452
f 1642/386/453 1694/387/453 1661/388/453
f 1721/389/454 1655/390/454 1720/391/454
f 1704/392/454 1720/391/454 1702/393/454
f 1857/371/463 1859/373/463 1889/374/463
f 1860/371/464 1861/373/464 1823/374/464
f 1680/378/450 1623/469/450 1620/379/450
f 1623/469/450 1621/470/450 1620/379/450
f 1684/381/451 1685/471/451 1711/382/451
f 1711/382/451 1636/472/451 1637/472/451
f 1637/472/451 1686/381/451 1711/382/451
f 1688/385/452 1689/385/452 1710/383/452
f 1689/385/452 1639/473/452 1710/383/452
f 1639/473/452 1638/473/452 1710/383/452
f 1694/387/480 1695/474/480 1660/388/481 1661/388/481
f 1904/374/482 1915/371/482 1909/372/482 1912/373/482
f 1900/374/482 1895/371/482 1894/372/482 1901/373/482
f 1892/373/453 1902/374/453 1903/371/453 1893/372/453
f 1846/374/464 1860/371/464 1844/372/464 1845/373/464
f 1850/373/464 1845/374/464 1844/371/464 1849/372/464
f 1621/470/486 1622/470/486 1619/379/487 1620/379/488
f 1893/373/439 1903/374/439 1895/371/439 1898/372/439
f 1855/374/462 1854/371/462 1851/372/462 1858/373/462
f 1917/374/463 1918/371/463 1919/372/463 1916/373/463
f 1860/374/491 1823/371/491 1889/372/491 1859/373/491
f 1879/374/482 1878/371/482 1838/372/482 1839/373/482
f 1642/386/494 1602/498/495 1664/499/495 1659/500/494
f 1682/380/462 1681/380/462 1620/379/488 1619/379/487
f 1646/532/500 1645/532/500 1654/533/501 1653/533/501
f 1608/534/503 1714/535/503 1712/535/503 1607/534/503
f 1840/374/453 1843/371/453 1856/372/453 1855/373/453
f 1878/374/462 1877/371/462 1874/372/462 1838/373/462
f 1861/373/464 1920/374/464 1922/371/464 1823/372/464
f 1915/374/462 1914/371/462 1910/372/462 1909/373/462
f 1890/374/464 1891/371/464 1923/372/464 1921/373/464
f 1824/374/463 1888/371/463 1918/372/463 1917/373/463
f 1857/373/507 1861/374/507 1846/371/507 1858/372/507
f 1906/374/464 1880/371/464 1881/372/464 1905/373/464
f 1926/374/508 1927/371/508 1880/372/508 1883/373/508
f 1931/374/509 1930/371/509 1866/372/509 1869/373/509
f 1829/374/463 1826/371/463 1827/372/463 1828/373/463
f 1831/374/453 1830/371/453 1828/372/453 1827/373/453
f 1701/555/511 1700/555/511 1647/556/512 1648/556/512
f 1699/557/513 1698/557/513 1645/532/500 1646/532/500
f 1692/572/517 1641/573/518 1611/574/519 1693/572/517
f 1671/575/522 1709/576/523 1708/576/523 1670/575/524
f 1633/581/525 1632/581/525 1614/582/525 1631/583/525
f 1635/584/526 1633/581/526 1631/583/527 1630/585/528
f 1613/586/529 1634/584/529 1635/584/529 1630/585/529
f 1713/587/530 1715/588/530 1610/589/530 1609/589/530
f 1672/590/531 1674/591/531 1713/587/531 1712/535/531
f 1670/575/453 1669/592/453 1629/593/532 1665/594/533
f 1613/586/534 1630/585/534 1640/595/535 1612/596/536
f 1676/597/537 1678/598/537 1717/599/537 1716/600/537
f 1677/597/538 1676/597/538 1716/600/538 1718/601/538
f 1623/469/539 1680/378/539 1683/378/539 1624/469/539
f 1850/374/453 1849/371/453 1848/372/453 1847/373/453
f 1661/388/453 1662/603/540 1602/498/541 1642/386/453
f 1626/604/542 1665/594/533 1629/593/532 1627/605/542
f 1667/594/543 1665/594/543 1626/604/543 1625/604/543
f 1627/605/544 1629/593/544 1666/593/544 1628/605/544
f 1651/606/545 1643/607/546 1653/533/547 1652/608/545
f 1604/609/525 1603/610/525 1664/499/525 1602/498/525
f 1711/382/548 1685/471/548 1687/384/548 1710/383/548
f 1690/613/549 1691/613/549 1612/596/536 1640/595/535
f 1642/386/453 1696/614/453 1694/387/453
f 1641/573/518 1631/583/550 1614/582/550 1611/574/519
f 1839/374/482 1838/371/482 1834/372/482 1835/373/482
f 1868/373/453 1928/374/453 1931/371/453 1869/372/453
f 1648/556/512 1647/556/512 1643/607/551 1644/607/551
f 1652/608/552 1653/533/552 1654/533/552 1649/608/552
f 1721/389/454 1657/619/454 1655/390/454
f 1703/393/553 1702/393/553 1720/391/553 1722/391/553
f 1830/374/439 1833/371/439 1829/372/439 1828/373/439
f 1606/620/526 1604/609/526 1602/498/541 1662/603/540
f 1659/500/494 1697/614/554 1696/614/554 1642/386/494
f 1832/374/462 1831/371/462 1827/372/462 1826/373/462
f 1669/592/555 1668/592/556 1666/593/557 1629/593/557
f 1896/373/462 1909/374/462 1901/371/462 1897/372/462
f 1700/555/453 1699/557/453 1646/532/453 1647/556/453
f 1716/600/537 1717/599/537 1617/624/537 1615/625/537
f 1714/535/503 1673/590/503 1672/590/503 1712/535/503
f 1674/591/530 1675/591/530 1715/588/530 1713/587/530
f 1718/601/538 1716/600/538 1615/625/538 1616/625/538
f 1708/576/453 1707/626/453 1669/592/453 1670/575/453
f 1719/599/558 1618/624/558 1617/624/558 1717/599/558
f 1722/391/553 1720/391/553 1655/390/553 1656/390/553
f 1704/392/454 1721/389/454 1720/391/454
f 1723/627/559 1658/619/559 1657/619/559 1721/389/559
f 1863/374/453 1862/371/453 1830/372/453 1831/373/453
f 1900/374/439 1912/371/439 1899/372/439 1898/373/439
f 1862/374/439 1865/371/439 1879/372/439 1830/373/439
f 1707/626/560 1706/626/560 1668/592/556 1669/592/555
f 1836/374/439 1839/371/439 1835/372/439 1829/373/439
f 1871/374/561 1870/371/561 1928/372/561 1929/373/561
f 1640/595/453 1630/585/528 1631/583/527 1641/573/453
f 1690/613/453 1640/595/453 1641/573/453 1692/572/453
f 1663/603/529 1605/639/529 1606/620/529 1662/603/529
f 1644/607/562 1643/607/562 1651/606/562 1650/606/562
f 1647/556/453 1646/532/453 1653/533/547 1643/607/546
f 1679/598/558 1719/599/558 1717/599/558 1678/598/558
f 1671/575/522 1670/575/524 1665/594/563 1667/594/563
f 1663/603/564 1662/603/564 1661/388/481 1660/388/481
f 1876/374/453 1875/373/453 1874/372/453 1877/371/453
f 1912/374/482 1909/371/482 1896/372/482 1899/373/482
f 1874/374/464 1875/373/464 1836/372/464 1837/371/464
f 1843/374/463 1840/371/463 1841/372/463 1842/373/463
f 1846/374/462 1845/371/462 1841/372/462 1840/373/462
f 1853/374/439 1856/371/439 1859/372/439 1852/373/439
f 1913/373/463 1914/374/463 1894/371/463 1895/372/463
f 1876/374/439 1879/371/439 1839/372/439 1875/373/439
f 1845/374/462 1850/371/462 1847/372/462 1851/373/462
f 1849/374/439 1844/371/439 1852/372/439 1848/373/439
f 1842/374/482 1841/371/482 1854/372/482 1853/373/482
f 1852/374/463 1851/371/463 1847/372/463 1848/373/463
f 1844/374/439 1860/371/439 1843/372/439 1842/373/439
f 1837/374/482 1836/373/482 1833/372/482 1832/371/482
f 1857/371/463 1858/372/463 1859/373/463
f 1855/374/464 1856/371/464 1853/372/464 1854/373/464
f 1829/373/463 1835/374/463 1834/371/463 1826/372/463
f 1860/371/464 1846/372/464 1861/373/464
f 1838/374/462 1837/371/462 1826/372/462 1834/373/462
f 1864/374/462 1863/371/462 1831/372/462 1878/373/462
f 1913/374/439 1904/371/439 1912/372/439 1911/373/439
f 1873/374/482 1871/371/482 1929/372/482 1930/373/482
f 1924/373/482 1884/374/482 1887/371/482 1926/372/482
f 1929/374/561 1928/371/561 1868/372/561 1867/373/561
f 1879/373/482 1865/374/482 1864/371/482 1878/372/482
f 1882/373/482 1924/374/482 1926/371/482 1883/372/482
f 1636/472/548 1711/382/548 1710/383/548 1638/473/548
f 1925/374/565 1924/371/565 1882/372/565 1881/373/565
f 1890/374/462 1921/371/462 1918/372/462 1888/373/462
f 1916/374/463 1919/371/463 1857/372/463 1889/373/463
f 1894/374/462 1902/371/462 1892/372/462 1897/373/462
f 1877/373/463 1832/372/463 1833/371/463 1876/374/463
f 1921/374/464 1923/371/464 1922/372/464 1920/373/464
f 1906/374/453 1905/371/453 1903/372/453 1902/373/453
f 1907/374/462 1906/371/462 1902/372/462 1915/373/462
f 1905/374/439 1908/371/439 1904/372/439 1903/373/439
f 1908/374/482 1907/371/482 1915/372/482 1904/373/482
f 1908/374/464 1882/371/464 1883/372/464 1907/373/464
f 1914/374/453 1913/371/453 1911/372/453 1910/373/453
f 1901/374/464 1910/371/464 1911/372/464 1900/373/464
f 1859/374/463 1858/371/463 1851/372/463 1852/373/463
f 1919/373/462 1920/374/462 1861/371/462 1857/372/462
f 1921/374/462 1920/371/462 1919/372/462 1918/373/462
f 1927/374/453 1925/371/453 1881/372/453 1880/373/453
f 1928/373/453 1870/374/453 1872/371/453 1931/372/453
f 1887/374/508 1886/371/508 1927/372/508 1926/373/508
f 1885/374/565 1884/371/565 1924/372/565 1925/373/565
f 1886/374/453 1885/371/453 1925/372/453 1927/373/453
f 1930/374/482 1929/371/482 1867/372/482 1866/373/482
f 1872/374/509 1873/371/509 1930/372/509 1931/373/509
f 1705/392/559 1723/627/559 1721/389/559 1704/392/559
f 1712/535/531 1713/587/531 1609/589/531 1607/534/531
o first_drop
v 8.133240 10.719208 -13.409947 0.2280 0.1684 0.2071
v 8.133240 10.719208 -13.059948 0.2327 0.1614 0.2005
v 8.133240 10.719208 -13.234947 0.2532 0.1760 0.2184
v 8.195745 11.281708 -12.709948 0.1454 0.1169 0.1481
v 8.195745 11.281708 -12.928698 0.1698 0.1447 0.1819
v 8.195740 11.031708 -13.584948 0.3167 0.1963 0.2345
v 8.195740 11.031708 -13.497400 0.3115 0.1851 0.2227
v 8.195740 11.031708 -12.834900 0.3097 0.2045 0.2493
v 8.195740 11.031708 -12.709948 0.2966 0.1860 0.2240
v 8.133245 10.719208 -12.709948 0.2569 0.1626 0.1987
v 8.133245 10.656708 -12.709948 0.1974 0.1761 0.2201
v 8.133245 9.094210 -12.522448 0.2110 0.2200 0.2753
v 7.258242 9.906708 -13.459948 0.2446 0.2515 0.3146
v 7.258240 9.094208 -13.772448 0.1800 0.1805 0.2318
v 7.195740 9.406708 -12.959948 0.4306 0.4944 0.5858
v 7.258245 9.094210 -12.522448 0.1888 0.1927 0.2450
v 7.258244 9.906708 -12.834948 0.2662 0.2712 0.3390
v 7.258240 9.906708 -13.772448 0.2111 0.2135 0.2708
v 8.133245 9.094210 -13.772448 0.2063 0.2121 0.2637
v 8.133245 9.906708 -12.522448 0.2360 0.2415 0.3028
v 8.133245 9.906708 -13.772448 0.2236 0.2307 0.2900
v 7.258245 9.406708 -12.959948 0.3888 0.4363 0.5222
v 7.258245 9.406710 -13.334948 0.4196 0.4724 0.5633
v 7.258245 9.906708 -12.522448 0.2085 0.2119 0.2679
v 7.195740 9.094208 -12.959948 0.3832 0.4421 0.5243
v 7.258245 9.094210 -12.959948 0.4101 0.4602 0.5496
v 7.195745 9.406710 -13.334948 0.4713 0.5412 0.6403
v 7.258245 9.094208 -13.334948 0.4431 0.4993 0.5946
v 7.424911 10.156708 -12.584948 0.2454 0.2545 0.3163
v 8.133245 10.406708 -12.647448 0.1971 0.1950 0.2451
v 8.133245 10.406708 -13.647448 0.2201 0.2172 0.2714
v 7.258243 9.906708 -13.147448 0.2521 0.2614 0.3251
v 7.424911 10.156708 -12.866198 0.2396 0.2505 0.3121
v 7.424909 10.156708 -13.428698 0.2424 0.2462 0.3072
v 7.695743 9.906708 -13.772448 0.2553 0.2658 0.3313
v 7.695743 9.094210 -13.772448 0.2576 0.2638 0.3275
v 7.779077 10.156708 -13.709948 0.2480 0.2538 0.3164
v 7.695745 9.906708 -12.522448 0.2379 0.2456 0.3073
v 7.779078 10.156708 -12.584948 0.2326 0.2359 0.2950
v 8.133245 9.906708 -13.022448 0.2617 0.2737 0.3384
v 8.133245 9.906708 -13.272448 0.2637 0.2737 0.3412
v 8.133245 9.906708 -13.522448 0.2435 0.2532 0.3153
v 8.133245 9.094210 -13.522448 0.2416 0.2523 0.3143
v 8.133245 9.094210 -13.272448 0.2275 0.2425 0.3002
v 8.133245 9.094210 -13.022448 0.2421 0.2544 0.3161
v 8.133245 9.094210 -12.772448 0.2332 0.2453 0.3045
v 8.133245 10.406708 -12.847447 0.2452 0.2357 0.2941
v 8.133245 10.406708 -13.047447 0.2208 0.2138 0.2682
v 8.133245 10.406708 -13.247447 0.2160 0.2076 0.2602
v 8.133245 10.406708 -13.447447 0.2105 0.2078 0.2607
v 8.133245 10.156708 -12.809948 0.2372 0.2416 0.3018
v 8.133245 10.156708 -13.034948 0.2437 0.2463 0.3086
v 8.133245 10.156708 -13.259948 0.2453 0.2444 0.3070
v 8.133245 10.156708 -13.484947 0.2161 0.2212 0.2779
v 8.133245 9.906708 -12.772448 0.2503 0.2613 0.3246
v 7.695745 9.094210 -12.522448 0.2588 0.2760 0.3402
v 7.258240 9.500458 -13.772448 0.2074 0.2108 0.2670
v 8.133245 9.437958 -13.772448 0.2390 0.2505 0.3121
v 8.133245 9.437958 -12.522448 0.2278 0.2397 0.2983
v 7.695743 9.437958 -13.772448 0.2771 0.2979 0.3657
v 8.133245 9.437958 -13.522448 0.2842 0.2959 0.3675
v 8.133245 9.437958 -13.272448 0.3188 0.3330 0.4111
v 8.133245 9.437958 -13.022448 0.2838 0.2990 0.3698
v 8.133245 9.437958 -12.772448 0.2769 0.2871 0.3572
v 7.258245 9.500460 -12.522448 0.2355 0.2434 0.3049
v 7.695745 9.469208 -12.522448 0.2771 0.2922 0.3610
v 7.258245 9.500460 -12.959948 0.2761 0.2824 0.3534
v 7.258245 9.500458 -13.334948 0.2626 0.2698 0.3375
v 7.258240 9.703583 -13.772448 0.2207 0.2238 0.2839
v 7.695745 9.094210 -12.756823 0.2710 0.2835 0.3520
v 7.695745 9.094210 -12.991198 0.2751 0.2889 0.3578
v 7.695745 9.094209 -13.303698 0.2729 0.2881 0.3558
v 7.695744 9.094210 -13.538073 0.2557 0.2644 0.3292
v 7.258245 9.094210 -12.741198 0.2277 0.2378 0.2972
v 7.258245 9.500460 -12.741200 0.2695 0.2786 0.3470
v 7.258243 9.094208 -13.553698 0.2159 0.2193 0.2771
v 7.258243 9.500458 -13.553698 0.2531 0.2640 0.3290
v 8.133245 9.672333 -13.772448 0.2376 0.2486 0.3097
v 8.133245 9.672333 -12.522448 0.2411 0.2510 0.3129
v 7.258243 9.703583 -13.319323 0.2752 0.2825 0.3519
v 7.258242 9.703583 -13.506823 0.2687 0.2728 0.3416
v 8.133245 9.672333 -13.522448 0.2585 0.2648 0.3280
v 8.133245 9.672333 -13.272448 0.2834 0.2956 0.3661
v 8.133245 9.672333 -13.022448 0.2487 0.2596 0.3237
v 8.133245 9.672333 -12.772448 0.2702 0.2789 0.3484
v 7.695743 9.672333 -13.772448 0.2743 0.2803 0.3464
v 7.258245 9.703584 -12.522448 0.2279 0.2304 0.2916
v 7.695745 9.687958 -12.522448 0.2583 0.2661 0.3318
v 7.258244 9.703584 -12.788073 0.2665 0.2674 0.3344
v 7.258244 9.703583 -12.975573 0.2629 0.2673 0.3350
v 7.258242 9.906708 -13.303698 0.2446 0.2502 0.3140
v 7.258243 9.906708 -12.991198 0.2367 0.2402 0.3020
v 7.424910 10.156708 -13.006823 0.2409 0.2547 0.3147
v 7.424909 10.156708 -13.288073 0.2219 0.2294 0.2878
v 7.341575 10.031708 -13.444323 0.2521 0.2579 0.3231
v 7.341576 10.031708 -13.147448 0.2538 0.2658 0.3300
v 7.258244 9.703583 -13.147448 0.2580 0.2629 0.3301
v 7.258245 9.500459 -13.147448 0.2523 0.2615 0.3265
v 7.341577 10.031708 -12.850573 0.2566 0.2666 0.3326
v 7.195745 9.406709 -13.147448 0.6879 0.7880 0.9275
v 7.258245 9.406709 -13.147448 0.5124 0.5805 0.6887
v 7.195740 9.094208 -13.334948 0.4874 0.5576 0.6599
v 8.320740 10.719200 -13.497400 0.3096 0.1732 0.2090
v 8.320740 10.719200 -13.284901 0.2928 0.1728 0.2116
v 8.320740 10.719234 -12.834900 0.3105 0.1761 0.2102
v 8.320740 10.719200 -13.072400 0.3157 0.1908 0.2325
v 8.320740 10.906700 -13.584948 0.4378 0.2316 0.2687
v 8.320740 11.031708 -13.584948 0.3555 0.1960 0.2309
v 8.320740 11.031708 -13.497400 0.4787 0.2652 0.3110
v 8.320740 10.719212 -12.709948 0.3351 0.1868 0.2238
v 8.320740 10.906712 -12.709948 0.4040 0.2216 0.2571
v 8.320740 11.031708 -12.834900 0.4384 0.2469 0.2905
v 8.320740 11.031708 -12.709948 0.3969 0.2163 0.2565
v 8.320740 11.031708 -13.072399 0.4328 0.2374 0.2794
v 8.320740 11.031708 -13.284900 0.3850 0.2182 0.2580
v 8.320740 10.719200 -13.584950 0.2592 0.1474 0.1803
v 8.133240 10.719208 -12.884948 0.2136 0.1572 0.1972
v 8.133239 10.719200 -13.584950 0.2728 0.1902 0.2344
v 8.195740 11.000458 -12.709948 0.3201 0.1844 0.2203
v 7.758245 11.000458 -12.709948 0.2484 0.1439 0.1756
v 7.758245 10.719208 -13.584948 0.2539 0.1750 0.2152
v 7.758245 11.281708 -13.584948 0.1359 0.0972 0.1261
v 8.195745 11.281708 -13.584948 0.1811 0.1461 0.1805
v 7.758245 11.281708 -12.709948 0.1493 0.1024 0.1315
v 7.758245 10.719208 -12.709948 0.2357 0.1472 0.1810
v 8.195745 11.000458 -13.584948 0.3023 0.1575 0.1864
v 7.758245 11.000458 -13.584948 0.2492 0.1650 0.1988
v 7.758245 11.000458 -12.928698 0.2700 0.1461 0.1735
v 7.758245 11.000458 -13.147448 0.2591 0.1500 0.1808
v 7.758245 11.000458 -13.366198 0.2844 0.1700 0.2030
v 7.758245 10.719208 -12.928698 0.2716 0.1821 0.2232
v 7.758245 10.719208 -13.366198 0.2943 0.1827 0.2197
v 7.758245 11.281708 -12.928698 0.1791 0.1150 0.1436
v 7.758245 11.281708 -13.147448 0.2095 0.1328 0.1646
v 7.758245 11.281708 -13.366198 0.1978 0.1401 0.1738
v 7.976990 11.000458 -12.709948 0.2503 0.1531 0.1843
v 7.976995 10.719208 -12.709948 0.2631 0.1861 0.2313
v 7.976995 11.000458 -13.584948 0.2628 0.1571 0.1891
v 7.976995 11.281708 -13.584948 0.1816 0.1295 0.1626
v 7.976995 10.719208 -13.584948 0.2388 0.1744 0.2167
v 7.976990 11.281708 -12.709948 0.1859 0.1417 0.1772
v 8.195745 11.281708 -13.147448 0.2137 0.1723 0.2154
v 8.195745 11.281708 -13.366198 0.1899 0.1547 0.1956
v 7.976990 11.281708 -12.928698 0.2088 0.1508 0.1875
v 7.976990 11.281708 -13.147448 0.2346 0.1780 0.2210
v 7.976990 11.281708 -13.366198 0.2183 0.1607 0.2017
v 8.195740 10.906700 -13.584948 0.3058 0.1773 0.2141
v 8.195740 10.719208 -13.584948 0.2840 0.1472 0.1762
v 8.195740 10.719212 -12.709948 0.3044 0.1750 0.2128
v 8.195740 10.906712 -12.709948 0.3247 0.1910 0.2307
v 8.195740 11.031708 -13.072399 0.3330 0.2182 0.2637
v 8.195740 11.031708 -13.284900 0.3190 0.2044 0.2474
v 7.758245 10.656708 -12.709948 0.1992 0.1795 0.2260
v 7.758245 10.656708 -13.584948 0.2227 0.2019 0.2523
v 8.133245 10.656708 -13.584948 0.1884 0.1709 0.2137
v 7.591578 10.406708 -12.647448 0.2148 0.2111 0.2660
v 8.133245 10.156708 -12.584948 0.2034 0.2103 0.2632
v 7.424908 10.156708 -13.709948 0.2424 0.2487 0.3120
v 7.591577 10.406708 -13.647448 0.2193 0.2219 0.2781
v 8.133245 10.156708 -13.709948 0.2235 0.2321 0.2885
v 7.758245 10.719208 -13.147448 0.2897 0.1978 0.2404
v 7.758245 10.656708 -12.928698 0.2228 0.1843 0.2307
v 7.758245 10.656708 -13.147448 0.2286 0.1977 0.2455
v 7.758245 10.656708 -13.366198 0.2212 0.1772 0.2200
v 7.591578 10.406708 -12.897448 0.2274 0.2255 0.2814
v 7.591577 10.406708 -13.147448 0.2070 0.2051 0.2586
v 7.591577 10.406708 -13.397448 0.2116 0.2144 0.2678
v 7.424910 10.156708 -13.147448 0.2479 0.2552 0.3167
v 7.945745 10.656708 -13.584948 0.2109 0.1793 0.2258
v 7.945745 10.656708 -12.709948 0.2275 0.2019 0.2527
v 7.862411 10.406708 -13.647448 0.2433 0.2288 0.2857
v 7.862411 10.406708 -12.647448 0.2217 0.2191 0.2752
vn 0.8320 -0.5547 -0.0000
vn 0.8321 -0.5547 -0.0000
vn -1.0000 -0.0000 -0.0000
vn -0.0000 -0.1410 -0.9900
vn -0.0000 -0.1222 -0.9925
vn -0.0000 -0.2425 -0.9701
vn -1.0000 -0.0001 -0.0000
vn -0.0000 -0.0000 1.0000
vn -0.0000 -0.0000 -1.0000
vn -0.0000 -0.0948 -0.9955
vn -0.0000 1.0000 -0.0000
vn 1.0000 -0.0000 -0.0000
vn -0.0000 -0.2425 0.9701
vn -0.0000 -0.1222 0.9925
vn -0.0000 -1.0000 -0.0000
vn -0.0000 -0.0948 0.9955
vn -0.0001 1.0000 -0.0000
vn -0.0000 -0.1410 0.9900
vn -0.0001 1.0000 0.0001
vt 0.500000 0.500000
vt 0.500000 1.000000
vt 0.250000 1.000000
vt 0.000000 0.500000
vt 0.000000 1.000000
vt 1.000000 1.000000
vt 1.000000 0.500000
vt 0.358095 0.500000
vt 0.500000 0.587648
vt 0.500000 0.250000
vt 0.250000 0.000000
vt 0.500000 0.000000
vt 0.250000 0.500000
vt 0.500000 0.500000
vt 0.500000 0.750000
vt 0.250000 0.500000
vt 0.999503 0.333324
vt 0.856782 0.000000
vt 0.999503 0.000014
vt 0.000000 0.000000
vt 0.999514 0.500000
vt 0.000000 0.500002
vt 0.000000 0.333341
vt 0.497798 0.500002
vt 0.000002 0.000008
vt 0.142218 0.000002
vt 0.500000 0.000000
vt 1.000000 0.000000
vt 0.497789 0.000002
vt 0.000000 0.500000
vt 0.000000 0.000000
vt 0.000000 0.750000
vt 0.125000 0.500000
vt 0.125000 1.000000
vt 0.000000 0.937500
vt 0.500000 0.937500
vt 0.000000 0.250000
vt 0.405438 0.500000
vt 0.495349 0.572859
vt 0.500000 0.000014
s 1
usemtl busy_wall
f 1958/670/566 1951/671/567 2033/672/566 1963/673/566
f 2077/673/568 1941/671/568 2086/674/568
f 2087/675/569 2104/671/570 2106/670/571 2090/676/571
f 1945/677/568 1944/670/568 2051/671/568
f 1935/673/568 2052/670/572 2089/678/568
f 2026/679/566 2033/680/566 1951/681/567
f 2030/682/566 2026/679/566 1966/683/567
f 2029/672/566 2025/684/567 1947/671/566
f 2025/684/567 2030/685/566 1966/670/567
f 2081/686/573 2052/687/573 2082/688/573
f 2060/689/573 2042/681/573 1940/683/573
f 2047/689/574 2053/681/574 1943/683/574
f 2072/670/573 2081/686/573 2060/690/573
f 2053/691/574 2084/692/574 2070/693/574
f 2084/692/574 2083/694/574 1944/695/574
f 1963/696/571 1973/697/571 1972/676/570 1958/670/575
f 2071/698/574 2070/693/574 2084/692/574 1944/695/574
f 1988/699/568 1984/689/568 1965/681/568 2094/683/568
f 1985/683/568 2091/699/568 1964/689/568 1981/681/568
f 1939/674/568 2076/673/568 2085/670/568 1942/671/568
f 2016/671/568 1995/670/568 1996/676/568 2017/675/568
f 1957/674/577 2002/701/577 2032/684/577 2035/671/577
f 2095/670/577 2063/696/577 2062/697/577 2065/676/577
f 2060/671/573 2057/670/573 2073/676/573 2072/675/573
f 1962/674/573 1957/673/573 1961/702/573 2036/703/573
f 2092/699/566 1968/689/566 2029/680/566
f 2076/674/568 2077/673/568 2086/670/568 2085/671/568
f 2093/689/578 2092/681/578 1971/683/578 2105/699/578
f 1959/674/576 1960/704/576 1962/705/576 2036/671/576
f 2070/670/574 2071/696/574 2059/697/574 2054/676/574
f 1973/696/571 1963/697/571 2090/676/571 2106/670/571
f 1967/674/566 1963/673/566 2033/672/566
f 1952/683/566 2092/699/566 2029/680/566 1947/681/566
f 2027/706/566 1967/689/566 2033/680/566
f 2022/699/574 1972/689/570 1954/681/570 2013/683/574
f 2030/682/566 2102/699/566 2027/706/566
f 2028/701/567 2102/673/566 2030/685/566
f 2030/682/566 2027/706/566 2033/680/566 2026/679/566
f 2029/672/566 1968/674/566 2028/701/567
f 1965/671/578 2089/670/579 2103/676/579 2105/675/578
f 2012/670/573 1955/696/579 1969/697/579 2020/676/573
f 1955/699/579 2094/689/578 1971/681/578 1969/683/579
f 1948/674/577 1991/673/577 2011/670/577 2010/671/577
f 2065/699/577 2062/689/577 2054/681/577 2059/683/577
f 2072/674/573 2073/673/573 2056/670/573 2061/671/573
f 1960/670/577 2001/696/577 2009/697/577 2008/676/577
f 1976/674/568 1988/673/568 2094/670/568 1955/671/568
f 2102/676/566 2100/670/566 2099/696/566 1967/697/566
f 1987/670/568 1983/696/568 1984/697/568 1988/676/568
f 1989/671/568 1954/674/568 2091/673/568 1985/670/568
f 1975/671/568 1987/670/568 1988/676/568 1976/675/568
f 1975/671/568 1974/674/568 1986/673/568 1987/670/568
f 1974/671/568 1989/670/568 1985/676/568 1986/675/568
f 1981/674/568 1964/673/568 1945/707/568 2051/671/568
f 1982/675/568 1981/671/568 2051/670/568 1936/676/568
f 1986/699/568 1982/689/568 1983/681/568 1987/683/568
f 1986/676/568 1985/670/568 1981/696/568 1982/697/568
f 1955/699/568 2012/689/568 2016/681/568 1976/683/568
f 1995/670/568 1977/696/568 1978/697/568 1996/676/568
f 1998/699/568 1980/689/568 1946/681/568 1993/683/568
f 2085/699/580 2048/689/580 2046/681/580 1942/683/580
f 2019/674/568 1998/673/568 1993/670/568 2013/671/568
f 1953/670/573 1992/696/573 1994/697/573 1970/676/573
f 2009/674/577 2023/673/577 2021/670/577 1999/671/577
f 2023/699/577 1951/689/577 1958/681/577 2021/683/577
f 1950/670/574 1999/696/574 2000/697/574 1990/676/574
f 2025/671/577 1966/674/577 2031/673/577 2014/670/577
f 1948/683/573 1970/699/573 1994/689/573 1991/681/573
f 2021/670/574 1958/696/575 1972/697/570 2022/676/574
f 1999/699/574 2021/689/574 2022/681/574 2000/683/574
f 1983/671/568 1937/670/568 1935/676/568 1984/675/568
f 2032/674/577 2031/673/577 2024/670/577 2001/671/577
f 2008/699/577 2009/689/577 1999/681/577 1950/683/577
f 2053/683/574 2047/699/574 2045/689/574 2084/681/574
f 1996/699/568 1978/689/568 1979/681/568 1997/683/568
f 1967/683/566 2099/699/566 2090/689/567 1963/681/566
f 2003/683/573 2020/699/573 1969/689/579 1952/681/581
f 1991/671/573 1994/674/573 2020/673/573 2003/670/573
f 2032/675/577 2002/671/577 2014/670/577 2031/676/577
f 2011/683/577 1991/699/577 2003/689/577 2015/681/577
f 2015/671/577 2003/674/577 1952/673/577 1947/670/577
f 1993/683/574 1946/699/574 1990/689/574 2000/681/574
f 2066/671/577 2098/670/577 2088/676/577 2055/675/577
f 1942/699/580 2046/689/580 2047/681/580 1943/683/580
f 2058/699/580 2067/689/580 2078/681/580 2075/683/580
f 2012/674/568 1992/673/568 1995/670/568 2016/671/568
f 1992/699/573 2012/689/573 2020/681/573 1994/683/573
f 1974/670/568 2018/696/568 2019/697/568 1989/676/568
f 1951/671/577 2023/674/577 2024/673/577 2026/670/577
f 2026/699/577 2024/689/577 2031/681/577 1966/683/577
f 1983/671/568 1982/674/568 1936/673/568 1937/670/568
f 2002/671/577 2011/674/577 2015/673/577 2014/670/577
f 2035/699/577 2032/706/577 2001/679/577 1956/683/577
f 1949/703/574 1956/674/574 1960/673/574 1959/702/574
f 2014/683/577 2015/699/577 1947/689/577 2025/681/577
f 2082/699/573 2050/689/573 2041/681/573 2081/683/573
f 2001/671/577 2024/670/577 2023/676/577 2009/675/577
f 1942/671/568 1943/674/568 1938/673/568 1939/670/568
f 1984/674/568 1935/673/568 2089/708/568 1965/671/568
f 2103/674/579 2074/673/573 2055/670/573 2088/671/583
f 2073/675/580 2057/671/580 2077/670/580 2080/676/580
f 2010/699/577 2011/689/577 2002/681/577 1962/683/577
f 2075/671/574 2070/670/574 2054/676/574 2058/675/574
f 2074/699/573 2072/689/573 2061/681/573 2055/683/573
f 2095/674/577 2097/673/577 2098/670/577 2066/671/577
f 1976/670/568 2016/696/568 2017/697/568 1975/676/568
f 2075/671/574 1938/674/574 2053/673/574 2070/670/574
f 1975/699/568 2017/689/568 2018/681/568 1974/683/568
f 2061/671/577 2056/670/577 2069/676/577 2064/675/577
f 2064/674/577 2069/673/577 2068/670/577 2063/671/577
f 2063/671/577 2068/670/577 2067/676/577 2062/675/577
f 2055/670/577 2061/696/577 2064/697/577 2066/676/577
f 2066/699/577 2064/689/577 2063/681/577 2095/683/577
f 2080/676/580 2069/670/580 2056/696/580 2073/697/580
f 1989/699/568 2019/689/568 2013/681/568 1954/683/568
f 2034/703/580 2035/674/580 1956/673/580 1949/702/580
f 1957/674/580 2035/673/580 2034/702/580 1961/703/580
f 1939/674/580 1938/673/580 2075/670/580 2078/671/580
f 2076/671/580 1939/670/580 2078/676/580 2079/675/580
f 2077/674/580 2076/673/580 2079/670/580 2080/671/580
f 2068/699/580 2069/689/580 2080/681/580 2079/683/580
f 2067/670/580 2068/696/580 2079/697/580 2078/676/580
f 2029/672/566 2028/701/567 2030/685/566 2025/684/567
f 2017/674/568 1996/673/568 1997/670/568 2018/671/568
f 2060/683/573 2081/699/573 2041/689/573 2042/681/573
f 1992/699/568 1953/689/568 1977/681/568 1995/683/568
f 1940/699/580 2042/689/580 2043/681/580 1941/683/580
f 1941/699/580 2043/689/580 2049/681/580 2086/683/580
f 2086/699/580 2049/689/580 2048/681/580 2085/683/580
f 2084/699/574 2045/689/574 2044/681/574 2083/683/574
f 2074/709/573 2052/687/573 2081/686/573 2072/670/573
f 2105/674/578 2103/673/579 2088/670/583 2093/671/578
f 2071/671/574 1944/674/574 1945/673/570 2104/670/570
f 2018/671/568 1997/670/568 1998/676/568 2019/675/568
f 2059/675/574 2071/671/574 2104/670/570 2087/676/569
f 2099/671/566 2096/674/567 2087/673/567 2090/670/567
f 2104/671/570 1945/674/570 1964/673/571 2106/670/571
f 2088/671/566 2098/670/566 2101/676/566 2093/675/566
f 2100/675/566 2097/671/566 2096/670/567 2099/676/566
f 2000/674/574 2022/673/574 2013/670/574 1993/671/574
f 2093/670/566 2101/696/566 1968/697/566 2092/676/566
f 2098/674/566 2097/673/566 2100/670/566 2101/671/566
f 2101/699/566 2100/689/566 2102/681/566 1968/683/566
f 1997/670/568 1979/696/568 1980/697/568 1998/676/568
f 2059/674/577 2087/673/577 2096/670/577 2065/671/577
f 2065/671/577 2096/670/577 2097/676/577 2095/675/577
f 2094/670/578 1965/696/578 2105/697/578 1971/676/578
f 2077/673/568 2057/673/568 1940/670/568 1941/671/568
f 1973/671/571 2091/674/571 1954/673/570 1972/670/570
f 2089/671/579 2052/670/573 2074/676/573 2103/675/579
f 2106/683/571 1964/699/571 2091/689/571 1973/681/571
f 2062/674/577 2067/673/577 2058/670/577 2054/671/577
f 1971/689/578 2092/681/578 1952/683/581 1969/699/579
usemtl platform
f 2038/675/576 2037/674/576 1935/700/576 1937/697/576
f 2051/675/582 2039/674/582 2040/700/576 1936/697/576
f 1944/675/584 2044/674/584 2039/700/582 2051/697/582
f 2037/674/576 2050/700/576 2052/697/576 1935/675/576
f 2040/674/576 2038/700/576 1937/697/576 1936/675/576
usemtl floor
f 2005/674/576 2006/700/576 1962/697/576 1960/675/576
f 2004/675/576 2005/674/576 1960/700/576 2008/697/576
f 2006/674/576 1978/700/576 1977/697/576 2007/675/576
f 1979/674/576 1978/700/576 2006/697/576 2005/675/576
f 1980/674/576 1979/700/576 2005/697/576 2004/675/576
f 2007/675/576 2010/674/576 1962/700/576 2006/697/576
f 1970/674/576 1948/700/576 2010/697/576 2007/675/576
f 1946/674/576 1980/700/576 2004/697/576 1990/675/576
f 1953/674/576 1970/700/576 2007/697/576 1977/675/576
f 1990/674/576 2004/700/576 2008/697/576 1950/675/576
o explosive_tunnel
v 5.256814 9.875458 -13.116198 0.3103 0.3599 0.4280
v 5.256814 9.875458 -13.084948 0.3053 0.3543 0.4214
v 5.256814 9.915838 -13.084948 0.1288 0.0986 0.1177
v 5.256814 9.915838 -13.116198 0.1621 0.1333 0.1401
v 6.289490 9.875460 -13.084948 0.2942 0.3418 0.4071
v 6.289490 9.875460 -13.116198 0.2702 0.3148 0.3757
v 6.289490 9.915838 -13.116198 0.1404 0.1122 0.1258
v 6.195745 9.071877 -13.334948 0.2838 0.1291 0.1119
v 6.195745 9.071877 -12.959948 0.1498 0.0634 0.0575
v 6.195745 9.281708 -12.959948 0.3213 0.3724 0.4427
v 6.195745 9.281708 -13.334948 0.3532 0.4086 0.4848
v 6.445745 9.281708 -12.959948 0.2487 0.2893 0.3462
v 6.445745 9.071877 -12.959948 0.0946 0.0214 0.0188
v 6.445745 9.071877 -13.334948 0.2529 0.1096 0.0946
v 6.445745 9.281708 -13.334948 0.2408 0.2799 0.3354
v 6.258245 9.281708 -13.022448 0.2441 0.2848 0.3406
v 6.258245 9.281708 -12.959948 0.2622 0.3054 0.3648
v 6.258245 9.844208 -12.959948 0.1122 0.0894 0.1030
v 6.258245 9.917243 -13.022448 0.1670 0.1405 0.1578
v 6.320745 9.844208 -12.959948 0.1830 0.1480 0.1770
v 6.320745 9.281708 -12.959948 0.2290 0.2675 0.3208
v 6.320745 9.917243 -13.022448 0.2076 0.1735 0.2074
v 6.320745 9.281708 -13.022448 0.1998 0.2328 0.2809
v 6.289490 9.281708 -13.116198 0.2606 0.3034 0.3623
v 6.289495 9.281708 -13.084948 0.2630 0.3060 0.3652
v 6.289495 9.915838 -13.084948 0.1511 0.1297 0.1505
v 6.320745 9.915838 -13.084948 0.1898 0.1646 0.1957
v 6.320745 9.281708 -13.084948 0.2047 0.2394 0.2882
v 6.320745 9.281708 -13.116198 0.2133 0.2498 0.3001
v 6.320745 9.915838 -13.116198 0.2075 0.1760 0.2075
v 5.256814 9.875458 -13.209948 0.3080 0.3567 0.4241
v 5.256814 9.875458 -13.178698 0.2899 0.3364 0.4007
v 5.256814 9.915838 -13.178698 0.1123 0.0924 0.1075
v 5.256814 9.915838 -13.209948 0.1878 0.1449 0.1501
v 6.289490 9.915838 -13.178698 0.1155 0.0997 0.1237
v 6.289490 9.875458 -13.178698 0.2666 0.3094 0.3693
v 6.289490 9.875458 -13.209948 0.2308 0.2692 0.3226
v 6.289490 9.915838 -13.209948 0.1309 0.1004 0.1154
v 6.289495 9.281708 -13.209948 0.2350 0.2744 0.3284
v 6.289495 9.281708 -13.178698 0.2522 0.2941 0.3516
v 6.320745 9.915838 -13.178698 0.1978 0.1723 0.2041
v 6.320745 9.281708 -13.178698 0.2183 0.2557 0.3069
v 6.320745 9.281708 -13.209948 0.2070 0.2427 0.2915
v 6.320745 9.915838 -13.209948 0.1915 0.1568 0.1827
v 6.258245 9.281708 -13.334948 0.2791 0.3243 0.3868
v 6.258245 9.281708 -13.272448 0.2466 0.2882 0.3446
v 6.258245 9.916286 -13.272448 0.1900 0.1508 0.1624
v 6.258245 9.844208 -13.334948 0.2590 0.1696 0.1681
v 6.320745 9.916286 -13.272448 0.1966 0.1573 0.1816
v 6.320745 9.281708 -13.272448 0.2227 0.2590 0.3113
v 6.320745 9.281708 -13.334948 0.2408 0.2798 0.3355
v 6.320745 9.844208 -13.334948 0.2541 0.1583 0.1712
v 5.258245 9.687958 -12.866198 0.3279 0.3793 0.4505
v 5.258245 9.687958 -12.834948 0.0920 0.0660 0.0732
v 5.258245 9.790823 -12.866198 0.1596 0.1406 0.1492
v 7.195745 9.687958 -12.834948 0.0374 0.0308 0.0433
v 7.195745 9.790823 -12.866198 0.0973 0.0870 0.1153
v 5.258245 9.687958 -13.459948 0.2152 0.1783 0.1812
v 5.258245 9.687958 -13.428698 0.3318 0.3845 0.4567
v 5.258245 9.743171 -13.428698 0.1969 0.1738 0.1798
v 7.195745 9.743171 -13.428698 0.1816 0.1148 0.1284
v 7.195745 9.687958 -13.459948 0.2376 0.1201 0.1096
v 6.289495 9.875899 -13.084948 0.2795 0.3252 0.3877
v 6.289490 9.875899 -13.116198 0.2565 0.2988 0.3568
v 6.320745 9.875899 -13.084948 0.2271 0.2644 0.3175
v 6.320745 9.875900 -13.116198 0.2354 0.2749 0.3293
v 6.320745 9.875461 -13.178698 0.2311 0.2687 0.3226
v 6.320745 9.875461 -13.209948 0.2287 0.2657 0.3191
v 6.195745 9.281708 -13.147467 0.5345 0.6158 0.7259
v 6.195745 9.071877 -13.147467 0.2027 0.0991 0.0902
v 6.445745 9.071877 -13.147467 0.1022 0.0315 0.0272
v 6.445745 9.281708 -13.147467 0.2589 0.3002 0.3594
v 6.258245 9.440352 -13.272448 0.4122 0.4758 0.5630
v 6.258245 9.598996 -13.272448 0.3250 0.3766 0.4473
v 6.258245 9.757641 -13.272448 0.3010 0.3493 0.4156
v 6.258245 9.422333 -13.334948 0.3654 0.4225 0.5011
v 6.258245 9.562958 -13.334948 0.3293 0.3820 0.4539
v 6.258245 9.703583 -13.334948 0.3051 0.3536 0.4209
v 6.320745 9.757641 -13.272448 0.2312 0.2695 0.3232
v 6.320745 9.598996 -13.272448 0.2487 0.2881 0.3453
v 6.320745 9.440352 -13.272448 0.3007 0.3481 0.4150
v 6.320745 9.422333 -13.334948 0.2569 0.2980 0.3566
v 6.320745 9.562958 -13.334948 0.2437 0.2827 0.3391
v 6.320745 9.703583 -13.334948 0.2314 0.2697 0.3235
v 6.320745 9.727022 -13.178698 0.2288 0.2673 0.3204
v 6.320745 9.578584 -13.178698 0.2303 0.2670 0.3208
v 6.320745 9.430146 -13.178698 0.2509 0.2912 0.3485
v 6.320745 9.430146 -13.209948 0.2443 0.2839 0.3402
v 6.320745 9.578585 -13.209948 0.2468 0.2868 0.3434
v 6.320745 9.727022 -13.209948 0.2335 0.2717 0.3257
v 6.289494 9.430145 -13.178698 0.3819 0.4415 0.5231
v 6.289493 9.578583 -13.178698 0.3235 0.3749 0.4456
v 6.289491 9.727020 -13.178698 0.2939 0.3409 0.4060
v 6.289494 9.430145 -13.209948 0.3847 0.4450 0.5271
v 6.289493 9.578583 -13.209948 0.3161 0.3670 0.4363
v 6.289491 9.727020 -13.209948 0.2983 0.3461 0.4118
v 6.320745 9.727351 -13.084948 0.2496 0.2909 0.3481
v 6.320745 9.578803 -13.084948 0.2371 0.2756 0.3304
v 6.320745 9.430256 -13.084948 0.2535 0.2950 0.3529
v 6.289495 9.430256 -13.084948 0.3738 0.4324 0.5123
v 6.289495 9.578803 -13.084948 0.3140 0.3640 0.4329
v 6.289495 9.727351 -13.084948 0.2802 0.3261 0.3887
v 6.289490 9.430256 -13.116198 0.3904 0.4513 0.5345
v 6.289490 9.578803 -13.116198 0.3295 0.3819 0.4536
v 6.289490 9.727351 -13.116198 0.2808 0.3260 0.3885
v 6.320745 9.430256 -13.116198 0.2732 0.3174 0.3790
v 6.320745 9.578804 -13.116198 0.2577 0.3000 0.3585
v 6.320745 9.727352 -13.116198 0.2585 0.3007 0.3595
v 6.258245 9.422333 -12.959948 0.3514 0.4071 0.4829
v 6.258245 9.562958 -12.959948 0.3013 0.3491 0.4157
v 6.258245 9.703583 -12.959948 0.2991 0.3474 0.4135
v 6.258245 9.440592 -13.022448 0.4114 0.4750 0.5621
v 6.258245 9.599476 -13.022448 0.3445 0.3986 0.4731
v 6.258245 9.758359 -13.022448 0.2907 0.3370 0.4013
v 6.320745 9.703583 -12.959948 0.2357 0.2737 0.3284
v 6.320745 9.562958 -12.959948 0.2536 0.2952 0.3531
v 6.320745 9.422333 -12.959948 0.2542 0.2954 0.3534
v 6.320745 9.758359 -13.022448 0.2479 0.2889 0.3456
v 6.320745 9.599476 -13.022448 0.2610 0.3037 0.3628
v 6.320745 9.440592 -13.022448 0.2902 0.3366 0.4014
v 5.581161 9.687958 -12.834948 0.0847 0.0596 0.0711
v 5.904078 9.687958 -12.834948 0.0863 0.0623 0.0733
v 6.226995 9.687958 -12.834948 0.1002 0.0619 0.0728
v 6.549911 9.687958 -12.834948 0.0995 0.0683 0.0825
v 6.872828 9.687958 -12.834948 0.1187 0.0810 0.0863
v 5.581161 9.790823 -12.866198 0.1269 0.1079 0.1256
v 5.904078 9.790823 -12.866198 0.1229 0.1010 0.1258
v 6.226995 9.790823 -12.866198 0.1417 0.1233 0.1540
v 6.549911 9.790823 -12.866198 0.1304 0.1112 0.1406
v 6.872828 9.790823 -12.866198 0.1318 0.1180 0.1487
v 5.581161 9.687958 -12.866198 0.3301 0.3821 0.4538
v 5.904078 9.687958 -12.866198 0.3369 0.3903 0.4633
v 6.226995 9.687958 -12.866198 0.3222 0.3741 0.4447
v 6.549911 9.687958 -12.866198 0.2623 0.3051 0.3643
v 6.872828 9.687958 -12.866198 0.2663 0.3094 0.3697
v 5.428926 9.915838 -13.178698 0.1082 0.0876 0.1014
v 5.601039 9.915838 -13.178698 0.1222 0.1072 0.1261
v 5.773152 9.915838 -13.178698 0.1421 0.1242 0.1420
v 5.945265 9.915838 -13.178698 0.1562 0.1387 0.1665
v 6.117377 9.915838 -13.178698 0.1407 0.1253 0.1534
v 5.428926 9.875458 -13.178698 0.3005 0.3479 0.4137
v 5.601039 9.875458 -13.178698 0.3133 0.3628 0.4313
v 5.773152 9.875458 -13.178698 0.3061 0.3543 0.4213
v 5.945265 9.875458 -13.178698 0.3253 0.3776 0.4487
v 6.117377 9.875458 -13.178698 0.3018 0.3508 0.4174
v 5.428926 9.915838 -13.209948 0.1774 0.1322 0.1406
v 5.601039 9.915838 -13.209948 0.1733 0.1266 0.1319
v 5.773152 9.915838 -13.209948 0.1905 0.1360 0.1415
v 5.945265 9.915838 -13.209948 0.1828 0.1383 0.1346
v 6.117377 9.915838 -13.209948 0.1815 0.1419 0.1514
v 5.428926 9.875458 -13.209948 0.3262 0.3761 0.4464
v 5.601039 9.875458 -13.209948 0.3082 0.3563 0.4233
v 5.773152 9.875458 -13.209948 0.3253 0.3766 0.4472
v 5.945265 9.875458 -13.209948 0.3088 0.3583 0.4261
v 6.117377 9.875458 -13.209948 0.3158 0.3662 0.4355
v 5.428926 9.875458 -13.084948 0.3131 0.3615 0.4294
v 5.601039 9.875459 -13.084948 0.3202 0.3704 0.4400
v 5.773152 9.875459 -13.084948 0.3103 0.3596 0.4275
v 5.945265 9.875459 -13.084948 0.3175 0.3682 0.4376
v 6.117377 9.875460 -13.084948 0.3032 0.3514 0.4181
v 5.428926 9.915838 -13.116198 0.1493 0.1152 0.1235
v 5.601039 9.915838 -13.116198 0.1567 0.1216 0.1297
v 5.773152 9.915838 -13.116198 0.1611 0.1179 0.1237
v 5.945265 9.915838 -13.116198 0.1704 0.1334 0.1511
v 6.117377 9.915838 -13.116198 0.1692 0.1240 0.1371
v 5.428926 9.875458 -13.116198 0.3153 0.3640 0.4325
v 5.601039 9.875459 -13.116198 0.3155 0.3651 0.4339
v 5.773152 9.875459 -13.116198 0.3173 0.3676 0.4369
v 5.945265 9.875459 -13.116198 0.3233 0.3746 0.4454
v 6.117377 9.875460 -13.116198 0.3111 0.3600 0.4283
v 5.428927 9.915838 -13.084948 0.1358 0.1099 0.1239
v 5.601040 9.915838 -13.084948 0.1291 0.1052 0.1231
v 5.773154 9.915838 -13.084948 0.1301 0.0940 0.1086
v 5.945268 9.915838 -13.084948 0.1474 0.1193 0.1409
v 6.117381 9.915838 -13.084948 0.1454 0.1142 0.1356
v 5.581161 9.743171 -13.428698 0.1247 0.0869 0.0932
v 5.904078 9.743171 -13.428698 0.1448 0.1103 0.1275
v 6.226995 9.743171 -13.428698 0.1438 0.1095 0.1296
v 6.549911 9.743171 -13.428698 0.1553 0.1179 0.1440
v 6.872828 9.743171 -13.428698 0.1525 0.1276 0.1537
v 5.581161 9.687958 -13.428698 0.3289 0.3805 0.4518
v 5.904078 9.687958 -13.428698 0.3415 0.3956 0.4696
v 6.226995 9.687958 -13.428698 0.3189 0.3693 0.4389
v 6.549911 9.687958 -13.428698 0.2252 0.2623 0.3150
v 6.872828 9.687958 -13.428698 0.2663 0.3081 0.3688
v 5.581161 9.687958 -13.459948 0.2336 0.1443 0.1442
v 5.904078 9.687958 -13.459948 0.2588 0.1296 0.1172
v 6.226995 9.687958 -13.459948 0.2856 0.1382 0.1252
v 6.549911 9.687958 -13.459948 0.2902 0.1403 0.1279
v 6.872828 9.687958 -13.459948 0.2814 0.1310 0.1214
v 7.195740 9.094210 -12.709948 0.1936 0.2273 0.2738
v 7.195740 9.094210 -13.584948 0.1891 0.2209 0.2667
v 5.195750 9.906708 -13.022448 0.3170 0.3678 0.4373
v 7.195745 9.906708 -13.022448 0.2069 0.2427 0.2916
v 5.195750 9.906707 -13.272448 0.3090 0.3584 0.4261
v 7.195745 9.906707 -13.272448 0.2017 0.2352 0.2834
v 7.195745 9.531710 -13.584948 0.1982 0.2324 0.2797
v 7.195745 9.531710 -12.709948 0.2009 0.2352 0.2832
v 7.195740 9.406708 -12.959948 0.4261 0.4890 0.5795
v 7.195740 9.094208 -12.959948 0.3540 0.4084 0.4854
v 7.195745 9.094208 -13.334948 0.4123 0.4720 0.5603
v 7.195745 9.406710 -13.334948 0.4709 0.5410 0.6399
v 7.195745 9.531711 -13.319323 0.2448 0.2852 0.3412
v 7.195741 9.531711 -12.975573 0.2560 0.2975 0.3560
v 5.445749 9.094210 -12.709948 0.3414 0.3949 0.4686
v 5.695748 9.094210 -12.709948 0.3275 0.3793 0.4505
v 5.945746 9.094210 -12.709948 0.3515 0.4068 0.4826
v 6.195745 9.094210 -12.709948 0.3146 0.3652 0.4344
v 6.445744 9.094210 -12.709948 0.2258 0.2630 0.3155
v 6.695743 9.094210 -12.709948 0.2380 0.2757 0.3310
v 6.945742 9.094210 -12.709948 0.2852 0.3301 0.3942
v 5.445749 9.094210 -13.584948 0.3292 0.3807 0.4521
v 5.695748 9.094210 -13.584948 0.3207 0.3716 0.4416
v 5.945746 9.094210 -13.584948 0.3636 0.4201 0.4983
v 6.195745 9.094210 -13.584948 0.3550 0.4107 0.4873
v 6.445744 9.094210 -13.584948 0.2146 0.2501 0.3005
v 6.695743 9.094210 -13.584948 0.2440 0.2836 0.3399
v 6.945742 9.094210 -13.584948 0.2745 0.3191 0.3808
v 5.445749 9.906708 -13.022448 0.3231 0.3722 0.4421
v 5.695749 9.906708 -13.022448 0.3175 0.3678 0.4371
v 5.945748 9.906708 -13.022448 0.3258 0.3775 0.4485
v 6.195747 9.906708 -13.022448 0.3167 0.3669 0.4362
v 6.445746 9.906708 -13.022448 0.2518 0.2928 0.3503
v 6.695746 9.906708 -13.022448 0.2632 0.3056 0.3654
v 6.945745 9.906708 -13.022448 0.2742 0.3182 0.3801
v 5.445749 9.906707 -13.272448 0.3262 0.3764 0.4469
v 5.695749 9.906707 -13.272448 0.3295 0.3806 0.4520
v 5.945748 9.906707 -13.272448 0.3333 0.3855 0.4579
v 6.195747 9.906707 -13.272448 0.3158 0.3664 0.4357
v 6.445746 9.906707 -13.272448 0.2874 0.3335 0.3978
v 6.695746 9.906707 -13.272448 0.2551 0.2970 0.3551
v 6.945745 9.906707 -13.272448 0.2822 0.3269 0.3904
v 5.445749 9.531710 -12.709948 0.3510 0.4051 0.4803
v 5.695749 9.531710 -12.709948 0.3569 0.4130 0.4898
v 5.945748 9.531710 -12.709948 0.3762 0.4350 0.5154
v 6.195747 9.531710 -12.709948 0.3384 0.3918 0.4654
v 6.445746 9.531710 -12.709948 0.2503 0.2913 0.3486
v 6.695746 9.531710 -12.709948 0.2535 0.2939 0.3519
v 6.945745 9.531710 -12.709948 0.2876 0.3338 0.3979
v 5.445749 9.531708 -13.584948 0.3659 0.4209 0.4983
v 5.695749 9.531708 -13.584948 0.3495 0.4037 0.4789
v 5.945748 9.531708 -13.584948 0.3612 0.4177 0.4954
v 6.195747 9.531709 -13.584948 0.3582 0.4144 0.4916
v 6.445746 9.531709 -13.584948 0.3216 0.3713 0.4421
v 6.695746 9.531709 -13.584948 0.2765 0.3204 0.3828
v 6.945745 9.531709 -13.584948 0.2892 0.3347 0.3995
v 5.195750 9.719208 -12.866198 0.3325 0.3856 0.4579
v 7.195745 9.687958 -13.428698 0.2078 0.2310 0.2773
v 7.195745 9.731143 -13.418752 0.2093 0.2450 0.2943
v 5.195750 9.731142 -13.418752 0.3254 0.3777 0.4489
v 6.945745 9.731143 -13.418752 0.2946 0.3402 0.4060
v 6.695746 9.731143 -13.418752 0.2738 0.3180 0.3796
v 6.445746 9.731142 -13.418752 0.2551 0.2948 0.3531
v 6.195747 9.731142 -13.418752 0.3411 0.3946 0.4688
v 5.945748 9.731142 -13.418752 0.3515 0.4065 0.4824
v 5.695749 9.731142 -13.418752 0.3450 0.3996 0.4743
v 5.445749 9.731142 -13.418752 0.3471 0.4006 0.4750
v 7.195743 9.722084 -12.999370 0.2578 0.2983 0.3574
v 7.195745 9.728464 -13.294728 0.2382 0.2773 0.3321
v 7.195745 9.250459 -13.334948 0.2604 0.3018 0.3611
v 5.195750 9.728624 -13.302128 0.3147 0.3641 0.4327
v 5.195750 9.721919 -12.991650 0.3017 0.3504 0.4170
v 7.195743 9.312960 -13.584948 0.2193 0.2562 0.3076
v 6.945744 9.312959 -13.584948 0.3018 0.3500 0.4170
v 6.695745 9.312959 -13.584948 0.2466 0.2874 0.3440
v 6.445745 9.312959 -13.584948 0.2536 0.2955 0.3534
v 6.195746 9.312959 -13.584948 0.3735 0.4321 0.5121
v 5.945747 9.312959 -13.584948 0.3773 0.4362 0.5168
v 5.695748 9.312959 -13.584948 0.3618 0.4187 0.4963
v 5.445749 9.312959 -13.584948 0.3779 0.4346 0.5143
v 6.945742 9.094210 -13.293281 0.3008 0.3458 0.4134
v 6.945742 9.094210 -13.001615 0.3236 0.3710 0.4430
v 6.695743 9.094210 -13.293281 0.2690 0.3122 0.3729
v 6.695743 9.094210 -13.001615 0.2484 0.2882 0.3454
v 5.945746 9.094210 -13.293281 0.4214 0.4861 0.5750
v 5.945746 9.094210 -13.001615 0.3931 0.4541 0.5378
v 5.695748 9.094210 -13.293281 0.3529 0.4065 0.4821
v 5.695748 9.094210 -13.001615 0.3318 0.3846 0.4568
v 5.445749 9.094210 -13.293281 0.4073 0.4694 0.5554
v 5.445749 9.094210 -13.001615 0.3908 0.4497 0.5322
v 7.195740 9.250458 -12.959948 0.2460 0.2851 0.3418
v 7.195743 9.312960 -12.709948 0.2134 0.2491 0.2996
v 6.945744 9.312960 -12.709948 0.2969 0.3445 0.4106
v 6.695745 9.312960 -12.709948 0.2364 0.2741 0.3291
v 6.445745 9.312960 -12.709948 0.2552 0.2969 0.3551
v 6.195746 9.312960 -12.709948 0.3556 0.4113 0.4881
v 5.945747 9.312960 -12.709948 0.3915 0.4527 0.5360
v 5.695748 9.312960 -12.709948 0.3435 0.3967 0.4707
v 5.445749 9.312960 -12.709948 0.3714 0.4286 0.5077
v 5.256814 9.906707 -13.209948 0.2940 0.3418 0.4070
v 5.256814 9.906707 -13.178698 0.3399 0.3935 0.4672
v 5.256814 9.906707 -13.116198 0.2876 0.3345 0.3984
v 5.256814 9.906708 -13.084948 0.2625 0.3036 0.3625
v 5.445749 9.906707 -13.209948 0.0000 0.0000 0.0000
v 5.445749 9.906707 -13.178698 0.3055 0.3534 0.4204
v 5.445749 9.906707 -13.116198 0.0122 0.0167 0.0240
v 5.445749 9.906708 -13.084948 0.2524 0.2927 0.3494
v 5.258245 9.687958 -13.454740 0.3752 0.4327 0.5129
v 5.258245 9.719208 -13.428698 0.3431 0.3958 0.4693
v 5.445749 9.687958 -13.454740 0.3524 0.4065 0.4822
v 5.445749 9.719208 -13.428698 0.3539 0.4088 0.4846
v 5.258245 9.719208 -12.866198 0.3170 0.3663 0.4353
v 5.445749 9.719208 -12.866198 0.3413 0.3945 0.4682
v 7.195745 9.719208 -12.866198 0.2000 0.2331 0.2809
v 6.945745 9.719208 -12.866198 0.2704 0.3144 0.3753
v 6.695746 9.719208 -12.866198 0.3075 0.3551 0.4235
v 6.445746 9.719208 -12.866198 0.2379 0.2769 0.3316
v 6.258245 9.831708 -12.959948 0.2966 0.3449 0.4106
v 6.195747 9.719208 -12.866198 0.3525 0.4079 0.4840
v 6.258245 9.906708 -13.022448 0.3071 0.3559 0.4235
v 6.320745 9.831708 -12.959948 0.2189 0.2566 0.3078
v 6.320745 9.906708 -13.022448 0.2935 0.3404 0.4058
v 5.945748 9.719208 -12.866198 0.3470 0.4022 0.4772
v 5.695749 9.719208 -12.866198 0.3518 0.4067 0.4823
v 6.945745 9.719208 -13.428698 0.2893 0.3340 0.3989
v 6.945745 9.687958 -13.454741 0.3071 0.3533 0.4220
v 7.195745 9.687958 -13.454741 0.1982 0.2321 0.2797
v 7.195745 9.719209 -13.428698 0.1858 0.2183 0.2633
v 6.695746 9.719208 -13.428698 0.2595 0.3006 0.3598
v 6.695746 9.687958 -13.454740 0.2959 0.3427 0.4088
v 6.445746 9.719208 -13.428698 0.2449 0.2837 0.3395
v 6.445746 9.687958 -13.454740 0.2469 0.2883 0.3447
v 6.195747 9.687958 -13.454740 0.3428 0.3974 0.4719
v 6.195747 9.719208 -13.428698 0.3642 0.4214 0.4999
v 5.945748 9.687958 -13.454740 0.3696 0.4271 0.5061
v 5.945748 9.719208 -13.428698 0.3474 0.4023 0.4773
v 5.695749 9.687958 -13.454740 0.3499 0.4042 0.4794
v 5.695749 9.719208 -13.428698 0.3394 0.3914 0.4642
v 6.289490 9.906707 -13.178698 0.2944 0.3424 0.4076
v 6.195747 9.906707 -13.209948 0.0000 0.0000 0.0000
v 6.195747 9.906707 -13.178698 0.3153 0.3663 0.4355
v 6.289490 9.906707 -13.116198 0.0000 0.0000 0.0000
v 6.195747 9.906707 -13.116198 0.0000 0.0000 0.0000
v 6.195747 9.906708 -13.084948 0.2320 0.2711 0.3245
v 6.289495 9.906708 -13.084948 0.2169 0.2533 0.3043
v 6.320745 9.906708 -13.084948 0.2493 0.2894 0.3464
v 6.320745 9.906707 -13.116198 0.2290 0.2655 0.3187
v 6.289490 9.906707 -13.209948 0.0000 0.0000 0.0000
v 6.258245 9.906707 -13.272448 0.3033 0.3528 0.4198
v 6.320745 9.906707 -13.272448 0.2703 0.3144 0.3753
v 6.320745 9.906707 -13.209948 0.2326 0.2713 0.3253
v 6.320745 9.906707 -13.178698 0.3096 0.3595 0.4277
v 5.945748 9.906707 -13.209948 0.0000 0.0000 0.0000
v 5.945748 9.906707 -13.178698 0.2897 0.3369 0.4012
v 5.945748 9.906707 -13.116198 0.0000 0.0000 0.0000
v 5.945748 9.906708 -13.084948 0.2436 0.2837 0.3392
v 5.695749 9.906707 -13.209948 0.0000 0.0000 0.0000
v 5.695749 9.906707 -13.178698 0.3127 0.3614 0.4295
v 5.695749 9.906707 -13.116198 0.0000 0.0000 0.0000
v 5.695749 9.906708 -13.084948 0.2430 0.2822 0.3373
v 6.445745 9.094210 -13.001615 0.2171 0.2522 0.3037
v 6.445744 9.094210 -12.959948 0.2202 0.2580 0.3096
v 6.195745 9.094210 -13.001615 0.4668 0.5386 0.6362
v 6.195745 9.094210 -12.959948 0.3961 0.4582 0.5425
v 5.445749 9.687958 -12.840155 0.3521 0.4055 0.4810
v 5.695749 9.687958 -12.840155 0.3513 0.4055 0.4811
v 5.945748 9.687958 -12.840155 0.3607 0.4171 0.4945
v 6.195747 9.687958 -12.840155 0.3612 0.4181 0.4956
v 6.445746 9.687958 -12.840155 0.2598 0.3007 0.3602
v 6.695746 9.687958 -12.840155 0.2918 0.3389 0.4040
v 6.945745 9.687958 -12.840155 0.2920 0.3386 0.4039
v 7.195745 9.687958 -12.840155 0.1803 0.2109 0.2551
v 5.258245 9.687958 -12.840155 0.3530 0.4053 0.4803
v 6.258245 9.831708 -13.334948 0.3181 0.3686 0.4381
v 6.320745 9.831708 -13.334948 0.1771 0.2079 0.2516
v 7.195744 9.687958 -12.866198 0.1918 0.2233 0.2695
v 6.195745 9.094210 -13.334948 0.4875 0.5621 0.6635
v 6.195745 9.094210 -13.293281 0.5325 0.6137 0.7236
v 6.445744 9.094210 -13.334948 0.2348 0.2731 0.3277
v 6.445745 9.094210 -13.293281 0.2130 0.2474 0.2982
v 5.195750 9.094210 -12.709948 0.3432 0.3940 0.4670
v 5.195750 9.531710 -12.709948 0.3352 0.3883 0.4610
v 5.195750 9.094210 -13.584948 0.3567 0.4096 0.4851
v 5.195750 9.531708 -13.584948 0.3547 0.4109 0.4875
v 5.195750 9.531707 -13.334948 0.3303 0.3820 0.4539
v 5.195750 9.531707 -12.959948 0.3168 0.3665 0.4356
v 5.195750 9.312958 -13.584948 0.3947 0.4484 0.5293
v 5.195750 9.094210 -13.001615 0.4818 0.5536 0.6531
v 5.195750 9.094210 -13.293281 0.5676 0.6512 0.7666
v 5.195750 9.312960 -12.709948 0.3825 0.4373 0.5169
vn -0.0000 -1.0000 -0.0000
vn -1.0000 -0.0000 -0.0000
vn 1.0000 -0.0000 -0.0000
vn -0.0000 1.0000 -0.0000
vn -0.0000 -0.6402 0.7682
vn -0.0000 -0.6402 -0.7682
vn -0.0000 -0.0000 1.0000
vn -0.0000 -0.0000 -1.0000
vn -1.0000 -0.0000 0.0001
vt 0.500000 0.000000
vt 0.750005 0.187500
vt 0.750005 0.312500
vt 0.500000 0.500000
vt 0.000000 0.000000
vt 0.250000 1.000000
vt 0.000000 1.000000
vt 0.250000 0.000000
vt 1.000000 0.000000
vt 0.750000 1.000000
vt 0.750000 0.000000
vt 0.250000 0.000000
vt 0.375000 0.000000
vt 0.625000 1.000000
vt 0.625000 0.000000
vt 0.750000 0.000000
vt 1.000000 1.000000
vt 0.333333 0.583333
vt 0.333333 0.666667
vt 0.000000 0.499948
vt 0.666667 0.499948
vt 0.416678 0.583333
vt 0.416667 0.666667
vt 0.500000 0.833333
vt 0.666667 1.000000
vt 0.500000 1.000000
vt 0.416667 0.333333
vt 0.500000 0.166667
vt 0.666667 0.000000
vt 0.333333 0.416667
vt 0.000000 0.000000
vt 0.333333 0.000000
vt 0.333333 0.166667
vt 0.333333 0.833333
vt 0.877873 0.125000
vt 0.500000 0.125000
vt 0.875011 0.029921
vt 0.500000 0.029921
vt 1.000000 0.500000
vt 0.875011 0.500000
vt 0.000000 0.500000
vt 0.449227 0.086156
vt 0.015385 0.276920
vt 0.000000 0.000000
vt 0.015385 0.223077
vt 0.449228 0.413846
vt 0.000000 0.500000
vt 0.470766 0.026156
vt 0.750005 0.800000
vt 0.750005 1.000000
vt 0.000003 0.000000
vt 0.000003 0.142857
vt 0.875005 0.713596
vt 0.875005 0.500000
vt 0.069026 0.083941
vt 0.999998 0.857143
vt 0.875011 0.108268
vt 0.431997 0.107785
vt 0.500000 0.029921
vt 0.877873 0.187500
vt 0.875005 0.800000
vt 0.875005 1.000000
vt 0.500000 0.108270
vt 0.750005 0.375000
vt 0.750005 0.500000
vt 0.750005 0.125000
vt 0.750005 0.000000
vt 0.875011 0.416664
vt 0.999998 0.142857
vt 0.999998 0.000000
vt 0.000003 0.857143
vt 0.000003 1.000000
vt 0.750005 0.713596
vt 0.877873 0.312500
vt 0.877873 0.375000
vt 0.500000 0.375000
vt 0.000000 0.125000
vt 0.000000 0.750000
vt 1.000000 0.750000
vt 0.000000 0.312500
vt 0.500000 0.312500
vt 0.000000 0.375000
vt 0.000000 0.916664
vt 0.500000 0.916664
vt 0.375000 1.000000
vt 0.500000 0.187500
vt 0.812514 0.187500
vt 1.000000 0.187500
vt 1.000000 0.312500
vt 0.812514 0.312500
vt 0.333333 1.000000
vt 0.500000 0.108269
vt 1.000000 0.108268
vt 0.500000 0.529921
vt 0.000000 0.529921
vt 1.000000 0.029921
vt 0.500000 0.029921
vt 0.000000 0.608270
vt 0.500000 0.608270
vt 0.500000 0.108268
vt 1.000000 0.857143
vt 0.812514 0.187500
vt 0.812505 0.125000
vt 1.000000 0.125000
vt 0.333333 0.333333
vt 0.416667 0.416667
vt 0.470765 0.473844
vt 0.000000 0.500000
vt 0.000000 0.608268
vt 0.500000 0.608268
vt 0.000000 0.608269
vt 0.500000 0.608269
vt 0.000000 0.529921
vt 0.500000 0.108270
vt 1.000000 0.108270
vt 1.000000 0.029921
vt 0.500000 0.029921
vt 0.500000 0.108269
vt 1.000000 0.108269
vt 0.500000 0.529921
vt 0.812514 0.375000
vt 1.000000 0.375000
vt 0.000000 0.187500
vt 0.500000 0.416664
vt 1.000000 0.416664
vt 0.000000 0.916664
vt 0.000000 0.608270
vt 0.500000 0.608269
vt 0.000000 0.083336
vt 0.000000 0.857143
vt 0.000000 0.142857
vt 1.000000 0.142857
vt 0.875005 0.000000
vt 1.000000 0.029921
s 0
usemtl floor
f 2459/760/588 2382/718/588 2460/761/588
f 2379/716/588 2475/765/588 2476/726/588
f 2458/778/588 2380/714/588 2457/779/588
f 2473/780/588 2381/726/588 2474/781/588
f 2477/726/588 2311/716/588 2386/714/588 2484/718/588
f 2485/726/588 2385/716/588 2318/714/588 2479/718/588
f 2323/714/588 2322/718/588 2475/810/588 2379/716/588
f 2378/716/588 2377/714/588 2379/718/588 2380/726/588
f 2313/726/588 2314/716/588 2460/761/588 2382/718/588
f 2317/716/588 2378/714/588 2380/718/588 2316/726/588
f 2313/716/588 2382/714/588 2384/718/588 2312/726/588
f 2484/726/588 2386/716/588 2385/714/588 2485/718/588
f 2306/716/588 2307/714/588 2377/718/588 2378/726/588
f 2475/839/588 2322/714/588 2321/718/588 2473/810/588
f 2312/716/588 2384/714/588 2386/718/588 2311/726/588
f 2383/716/588 2319/714/588 2318/718/588 2385/726/588
f 2384/716/588 2383/714/588 2385/718/588 2386/726/588
f 2381/716/588 2320/714/588 2319/718/588 2383/726/588
f 2307/716/588 2298/714/588 2324/718/588 2377/726/588
f 2382/716/588 2381/714/588 2383/718/588 2384/726/588
f 2458/840/588 2460/841/588 2314/726/588 2315/716/588
f 2459/781/588 2474/760/588 2381/718/588 2382/726/588
f 2457/726/588 2380/716/588 2379/714/588 2476/779/588
f 2377/716/588 2324/714/588 2323/718/588 2379/726/588
f 2317/726/588 2297/716/588 2306/714/588 2378/718/588
f 2473/839/588 2321/714/588 2320/718/588 2381/726/588
f 2458/841/588 2315/726/588 2316/716/588 2380/714/588
usemtl busy_wall
f 2329/710/585 2443/711/585 2448/712/585 2336/713/585
f 2325/710/585 2399/744/585 2403/745/585
f 2363/710/589 2405/746/589 2407/747/589
f 2353/748/590 2299/726/590 2408/749/590
f 2482/710/587 2353/750/587 2478/714/587
f 2388/751/586 2305/752/586 2387/753/586
f 2410/735/586 2300/750/586 2364/713/586
f 2302/750/586 2355/713/586 2365/735/586
f 2308/754/586 2369/755/586 2366/756/586
f 2303/757/586 2369/755/586 2308/754/586 2309/714/586
f 2329/735/590 2417/758/590 2418/759/590
f 2335/748/589 2470/762/589 2445/763/589
f 2364/710/586 2472/764/586 2410/714/586
f 2367/750/587 2356/713/587 2301/735/587
f 2353/750/587 2368/713/587 2299/735/587
f 2356/718/589 2404/766/589 2405/746/589
f 2354/767/586 2365/714/586 2424/768/586
f 2399/744/585 2299/718/585 2398/769/585
f 2417/758/590 2415/748/590 2414/770/590
f 2414/770/590 2328/726/590 2416/771/590
f 2423/772/586 2303/713/586 2309/750/586 2354/767/586
f 2336/713/585 2447/773/585 2446/774/585
f 2442/775/585 2329/710/585 2418/776/585
f 2469/777/590 2353/748/590 2408/749/590
f 2424/768/586 2365/714/586 2355/710/586
f 2360/726/589 2471/782/589 2470/762/589
f 2471/782/589 2336/713/589 2446/774/589
f 2299/718/585 2397/783/585 2398/769/585
f 2397/783/585 2301/748/585 2396/784/585
f 2396/784/585 2332/713/585 2400/785/585
f 2369/716/591 2303/750/591 2352/713/591 2370/735/591
f 2452/745/585 2440/786/585 2328/714/585 2327/710/585
f 2437/789/585 2450/790/585 2449/785/585 2436/791/585
f 2341/735/592 2342/716/592 2392/750/592 2393/713/592
f 2363/735/589 2332/713/589 2301/748/589 2356/726/589
f 2374/735/591 2348/713/591 2347/748/591 2375/726/591
f 2337/750/585 2330/714/585 2329/710/585 2336/713/585
f 2466/792/590 2344/750/590 2343/713/590 2465/793/590
f 2420/750/590 2409/713/590 2325/735/590 2326/716/590
f 2419/713/590 2420/748/590 2326/726/590 2327/735/590
f 2413/713/590 2329/735/590 2330/716/590 2412/750/590
f 2376/735/591 2346/713/591 2480/748/591 2483/726/591
f 2398/769/585 2402/795/585 2403/745/585 2399/744/585
f 2438/796/585 2439/797/585 2437/798/585 2435/799/585
f 2396/784/585 2400/785/585 2401/790/585 2397/783/585
f 2355/716/589 2302/750/589 2338/713/589 2357/735/589
f 2431/801/589 2433/802/589 2347/748/589 2348/713/589
f 2427/803/589 2425/804/589 2358/750/589 2359/713/589
f 2430/805/589 2427/806/589 2359/710/589 2360/718/589
f 2303/716/589 2423/807/589 2422/808/589 2352/735/589
f 2318/713/591 2376/710/591 2483/718/591 2479/748/591
f 2346/713/589 2406/809/589 2404/766/589 2480/748/589
f 2481/750/587 2480/714/587 2356/710/587 2367/713/587
f 2438/811/585 2441/812/585 2440/813/585 2439/797/585
f 2398/769/585 2397/783/585 2401/790/585 2402/795/585
f 2388/751/586 2304/816/586 2310/817/586 2305/752/586
f 2340/726/592 2341/735/592 2393/713/592 2394/748/592
f 2325/710/585 2299/718/585 2399/744/585
f 2363/710/589 2356/718/589 2405/746/589
f 2482/710/587 2368/713/587 2353/750/587
f 2481/713/587 2367/710/587 2368/718/587 2482/748/587
f 2364/748/586 2365/713/586 2309/710/586 2310/718/586
f 2300/726/586 2302/735/586 2365/713/586 2364/748/586
f 2410/750/590 2411/713/590 2331/735/590 2300/716/590
f 2411/713/590 2412/748/590 2330/726/590 2331/735/590
f 2329/735/590 2413/713/590 2417/758/590
f 2415/750/590 2419/713/590 2327/735/590 2328/716/590
f 2347/716/589 2433/818/589 2406/819/589 2346/735/589
f 2395/726/592 2486/735/592 2478/713/592 2339/748/592
f 2358/716/589 2337/750/589 2336/713/589 2359/735/589
f 2429/820/589 2431/821/589 2348/735/589 2349/716/589
f 2363/713/589 2407/803/589 2434/822/589 2362/750/589
f 2352/713/589 2422/823/589 2426/824/589 2351/748/589
f 2425/825/589 2421/826/589 2357/710/589 2358/718/589
f 2350/713/589 2428/827/589 2429/828/589 2349/748/589
f 2432/829/589 2430/804/589 2360/750/589 2361/713/589
f 2302/750/585 2300/714/585 2331/710/585 2338/713/585
f 2338/713/585 2331/710/585 2330/718/585 2337/748/585
f 2444/830/585 2435/799/585 2437/798/585 2436/831/585
f 2439/832/585 2451/795/585 2450/790/585 2437/789/585
f 2436/791/585 2449/785/585 2334/713/585 2335/750/585
f 2451/795/585 2439/832/585 2440/786/585 2452/745/585
f 2451/795/585 2455/797/585 2454/798/585 2450/790/585
f 2449/785/585 2453/831/585 2333/748/585 2334/713/585
f 2450/790/585 2454/798/585 2453/831/585 2449/785/585
f 2456/813/585 2452/745/585 2327/710/585 2326/718/585
f 2452/745/585 2456/813/585 2455/797/585 2451/795/585
f 2455/832/585 2402/795/585 2401/790/585 2454/789/585
f 2453/791/585 2400/785/585 2332/713/585 2333/750/585
f 2400/785/585 2453/791/585 2454/789/585 2401/790/585
f 2403/745/585 2456/786/585 2326/714/585 2325/710/585
f 2370/735/591 2352/713/591 2351/748/591 2371/726/591
f 2371/716/591 2351/750/591 2350/713/591 2372/735/591
f 2349/748/591 2373/726/591 2372/735/591 2350/713/591
f 2373/716/591 2349/750/591 2348/713/591 2374/735/591
f 2375/716/591 2347/750/591 2346/713/591 2376/735/591
f 2298/716/591 2369/750/591 2370/713/591 2324/735/591
f 2390/748/592 2389/713/592 2317/710/592 2316/718/592
f 2323/716/591 2371/750/591 2372/713/591 2322/735/591
f 2392/748/592 2391/713/592 2315/710/592 2314/718/592
f 2393/735/592 2392/716/592 2314/750/592 2313/713/592
f 2394/748/592 2393/713/592 2313/710/592 2312/718/592
f 2319/716/591 2375/750/591 2376/713/591 2318/735/591
f 2298/716/586 2307/750/586 2366/713/586 2369/735/586
f 2456/786/585 2403/745/585 2402/795/585 2455/832/585
f 2395/735/592 2394/716/592 2312/750/592 2311/713/592
f 2463/833/590 2341/710/590 2340/718/590 2462/834/590
f 2464/792/590 2342/750/590 2341/713/590 2463/793/590
f 2465/833/590 2343/710/590 2342/718/590 2464/834/590
f 2462/835/590 2340/750/590 2339/713/590 2461/793/590
f 2468/792/590 2304/750/590 2345/713/590 2467/793/590
f 2443/711/585 2438/811/585 2435/799/585 2448/712/585
f 2361/735/589 2334/713/589 2333/748/589 2362/726/589
f 2421/829/589 2424/804/589 2355/750/589 2357/713/589
f 2335/748/589 2360/726/589 2470/762/589
f 2360/716/589 2335/750/589 2334/713/589 2361/735/589
f 2357/735/589 2338/713/589 2337/748/589 2358/726/589
f 2362/716/589 2333/750/589 2332/713/589 2363/735/589
f 2426/836/589 2428/837/589 2350/735/589 2351/716/589
f 2364/710/586 2310/713/586 2472/764/586
f 2325/735/590 2409/713/590 2408/749/590 2299/726/590
f 2468/838/586 2472/764/586 2310/713/586 2304/750/586
f 2436/831/585 2335/748/585 2445/763/585 2444/830/585
f 2342/726/592 2343/735/592 2391/713/592 2392/748/592
f 2344/726/592 2345/735/592 2389/713/592 2390/748/592
f 2389/735/592 2388/716/592 2297/750/592 2317/713/592
f 2387/735/586 2306/716/586 2297/750/586 2388/713/586
f 2367/735/587 2301/713/587 2299/748/587 2368/726/587
f 2467/833/590 2345/710/590 2344/718/590 2466/834/590
f 2311/748/592 2477/713/592 2486/710/592 2395/718/592
f 2339/735/592 2340/716/592 2394/750/592 2395/713/592
f 2320/713/591 2374/710/591 2375/718/591 2319/748/591
f 2321/716/591 2373/750/591 2374/713/591 2320/735/591
f 2322/713/591 2372/710/591 2373/718/591 2321/748/591
f 2343/735/592 2344/716/592 2390/750/592 2391/713/592
f 2324/713/591 2370/710/591 2371/718/591 2323/748/591
f 2345/735/592 2304/716/592 2388/750/592 2389/713/592
f 2310/726/586 2309/735/586 2308/713/586 2305/748/586
f 2356/718/589 2480/748/589 2404/766/589
f 2469/777/590 2461/833/590 2339/710/590 2478/718/590
f 2354/767/586 2309/750/586 2365/714/586
f 2417/758/590 2413/713/590 2415/748/590
f 2414/770/590 2415/748/590 2328/726/590
f 2440/813/585 2441/812/585 2416/842/585 2328/718/585
f 2434/843/589 2432/806/589 2361/710/589 2362/718/589
f 2336/713/585 2448/712/585 2447/773/585
f 2441/812/585 2442/775/585 2418/776/585 2416/842/585
f 2329/710/585 2442/775/585 2443/711/585
f 2444/830/585 2445/763/585 2446/774/585 2447/773/585
f 2469/777/590 2478/718/590 2353/748/590
f 2391/735/592 2390/716/592 2316/750/592 2315/713/592
f 2360/726/589 2359/735/589 2471/782/589
f 2471/782/589 2359/735/589 2336/713/589
f 2299/718/585 2301/748/585 2397/783/585
f 2396/784/585 2301/748/585 2332/713/585
usemtl brown_black
f 2220/714/586 2124/715/586 2125/716/586
f 2224/717/587 2126/716/587 2221/714/587
f 2181/718/586 2154/719/586 2184/720/586
f 2160/715/586 2161/721/586 2159/722/586
f 2472/715/587 2163/721/587 2162/722/587
f 2354/723/587 2168/724/587 2167/725/587
f 2164/723/586 2165/724/586 2166/725/586
f 2158/720/587 2185/726/587 2190/719/587
f 2190/720/587 2186/726/587 2189/719/587
f 2180/718/586 2184/719/586 2183/720/586
f 2225/717/587 2221/716/587 2222/714/587
f 2219/714/586 2217/715/586 2220/716/586
f 2135/727/588 2134/728/588 2178/729/588
f 2135/727/588 2175/730/588 2130/731/588
f 2131/732/588 2175/730/588 2122/733/588
f 2122/733/588 2116/734/588 2123/735/588
f 2175/730/588 2145/736/588 2152/737/588
f 2152/737/588 2117/738/588 2175/730/588
f 2148/739/588 2175/730/588 2178/729/588
f 2121/740/588 2157/741/588 2156/742/588
f 2129/743/588 2118/716/588 2178/729/588 2134/728/588
f 2183/719/586 2182/720/586 2179/718/586 2180/726/586
f 2271/726/592 2113/716/592 2112/787/592 2276/788/592
f 2177/716/587 2178/750/587 2118/713/587 2119/735/587
f 2128/716/592 2224/714/592 2220/717/592 2125/715/592
f 2220/714/586 2217/717/586 2124/715/586
f 2224/717/587 2128/715/587 2126/716/587
f 2170/735/592 2172/715/592 2214/717/592 2211/710/592
f 2257/716/585 2247/787/585 2138/788/585 2137/726/585
f 2252/716/592 2257/787/592 2137/788/592 2140/726/592
f 2144/735/586 2143/710/586 2142/720/586 2141/719/586
f 2172/715/587 2136/717/587 2133/710/587 2171/735/587
f 2173/735/591 2147/710/591 2141/720/591 2142/719/591
f 2181/718/586 2153/726/586 2154/719/586
f 2158/719/592 2190/720/592 2184/718/592 2154/726/592
f 2182/719/586 2151/720/586 2152/718/586 2179/726/586
f 2232/794/592 2237/715/592 2159/721/592 2161/722/592
f 2287/719/591 2282/723/591 2166/724/591 2165/725/591
f 2292/719/585 2287/723/585 2165/724/585 2164/725/585
f 2114/716/592 2117/714/592 2121/718/592 2120/726/592
f 2116/716/591 2115/714/591 2119/718/591 2118/726/591
f 2211/735/592 2214/715/592 2213/717/592 2210/710/592
f 2214/715/587 2172/717/587 2171/710/587 2203/735/587
f 2170/715/593 2211/717/593 2208/710/593 2169/735/593
f 2111/716/591 2132/787/591 2281/788/591 2266/726/591
f 2192/735/591 2191/710/591 2199/720/591 2198/719/591
f 2120/735/587 2121/713/587 2178/748/587 2177/726/587
f 2117/750/586 2114/714/586 2176/710/586 2175/713/586
f 2129/743/588 2127/800/588 2118/716/588
f 2158/720/587 2155/718/587 2185/726/587
f 2190/720/587 2185/718/587 2186/726/587
f 2222/716/587 2223/714/587 2226/717/587 2225/715/587
f 2189/719/592 2188/720/592 2182/718/592 2183/726/592
f 2190/719/592 2189/720/592 2183/718/592 2184/726/592
f 2185/719/591 2155/720/591 2153/718/591 2181/726/591
f 2186/719/591 2185/720/591 2181/718/591 2180/726/591
f 2187/719/591 2186/720/591 2180/718/591 2179/726/591
f 2288/719/591 2283/723/591 2282/724/591 2287/725/591
f 2215/715/586 2218/716/586 2122/714/586 2123/717/586
f 2187/726/587 2188/719/587 2189/720/587 2186/718/587
f 2180/718/586 2181/726/586 2184/719/586
f 2201/735/586 2200/710/586 2197/720/586 2198/719/586
f 2202/735/586 2201/710/586 2198/720/586 2199/719/586
f 2290/719/591 2285/723/591 2284/724/591 2289/725/591
f 2148/735/591 2193/710/591 2197/720/591 2146/719/591
f 2264/716/591 2279/787/591 2278/788/591 2263/726/591
f 2265/716/591 2280/787/591 2279/788/591 2264/726/591
f 2143/719/592 2174/735/592 2196/710/592 2202/720/592
f 2202/719/592 2196/735/592 2195/710/592 2201/720/592
f 2201/719/592 2195/735/592 2194/710/592 2200/720/592
f 2210/715/593 2209/717/593 2206/710/593 2207/735/593
f 2211/715/593 2210/717/593 2207/710/593 2208/735/593
f 2135/715/587 2212/717/587 2205/710/587 2134/735/587
f 2212/715/587 2213/717/587 2204/710/587 2205/735/587
f 2213/715/587 2214/717/587 2203/710/587 2204/735/587
f 2263/716/591 2278/787/591 2277/788/591 2262/726/591
f 2113/735/592 2136/715/592 2172/717/592 2170/710/592
f 2200/719/592 2194/735/592 2149/710/592 2145/720/592
f 2216/716/591 2215/714/591 2223/717/591 2222/715/591
f 2248/716/591 2243/787/591 2242/788/591 2247/726/591
f 2216/715/586 2219/716/586 2218/714/586 2215/717/586
f 2225/717/587 2224/715/587 2221/716/587
f 2225/716/592 2226/714/592 2218/717/592 2219/715/592
f 2224/716/592 2225/714/592 2219/717/592 2220/715/592
f 2251/716/591 2246/787/591 2245/788/591 2250/726/591
f 2223/716/587 2127/714/587 2129/717/587 2226/715/587
f 2219/714/586 2216/717/586 2217/715/586
f 2163/794/592 2472/715/592 2241/721/592 2236/722/592
f 2236/794/592 2241/715/592 2240/721/592 2235/722/592
f 2235/794/592 2240/715/592 2239/721/592 2234/722/592
f 2234/794/592 2239/715/592 2238/721/592 2233/722/592
f 2233/794/592 2238/715/592 2237/721/592 2232/722/592
f 2472/794/585 2162/715/585 2231/721/585 2241/722/585
f 2241/794/585 2231/715/585 2230/721/585 2240/722/585
f 2240/794/585 2230/715/585 2229/721/585 2239/722/585
f 2239/794/585 2229/715/585 2228/721/585 2238/722/585
f 2238/794/585 2228/715/585 2227/721/585 2237/722/585
f 2144/716/592 2143/787/592 2261/788/592 2256/726/592
f 2256/716/592 2261/787/592 2260/788/592 2255/726/592
f 2255/716/592 2260/787/592 2259/788/592 2254/726/592
f 2254/716/592 2259/787/592 2258/788/592 2253/726/592
f 2253/716/592 2258/787/592 2257/788/592 2252/726/592
f 2143/716/585 2142/787/585 2251/788/585 2261/726/585
f 2261/716/585 2251/787/585 2250/788/585 2260/726/585
f 2260/716/585 2250/787/585 2249/788/585 2259/726/585
f 2259/716/585 2249/787/585 2248/788/585 2258/726/585
f 2258/716/585 2248/787/585 2247/788/585 2257/726/585
f 2142/716/591 2141/787/591 2246/788/591 2251/726/591
f 2226/716/592 2129/714/592 2122/717/592 2218/715/592
f 2250/716/591 2245/787/591 2244/788/591 2249/726/591
f 2249/716/591 2244/787/591 2243/788/591 2248/726/591
f 2270/726/592 2271/716/592 2276/787/592 2275/788/592
f 2268/726/592 2269/716/592 2274/787/592 2273/788/592
f 2173/719/587 2174/735/587 2150/710/587 2147/720/587
f 2270/716/592 2275/787/592 2274/788/592 2269/726/592
f 2267/716/592 2272/787/592 2107/788/592 2110/726/592
f 2215/716/591 2123/714/591 2127/717/591 2223/715/591
f 2112/716/585 2111/787/585 2266/788/585 2276/726/585
f 2276/716/585 2266/787/585 2265/788/585 2275/726/585
f 2275/716/585 2265/787/585 2264/788/585 2274/726/585
f 2274/716/585 2264/787/585 2263/788/585 2273/726/585
f 2191/735/591 2173/710/591 2142/720/591 2199/719/591
f 2144/719/592 2150/735/592 2174/710/592 2143/720/592
f 2193/735/591 2192/710/591 2198/720/591 2197/719/591
f 2209/715/593 2130/717/593 2131/710/593 2206/735/593
f 2168/719/585 2354/723/585 2291/724/585 2296/725/585
f 2296/719/585 2291/723/585 2290/724/585 2295/725/585
f 2295/719/585 2290/723/585 2289/724/585 2294/725/585
f 2294/719/585 2289/723/585 2288/724/585 2293/725/585
f 2293/719/585 2288/723/585 2287/724/585 2292/725/585
f 2354/719/591 2167/723/591 2286/724/591 2291/725/591
f 2291/719/591 2286/723/591 2285/724/591 2290/725/591
f 2200/735/586 2145/710/586 2146/720/586 2197/719/586
f 2289/719/591 2284/723/591 2283/724/591 2288/725/591
f 2135/727/588 2178/729/588 2175/730/588
f 2145/736/588 2149/814/588 2156/742/588 2152/737/588
f 2131/732/588 2130/731/588 2175/730/588
f 2122/733/588 2175/730/588 2116/734/588
f 2175/730/588 2146/815/588 2145/736/588
f 2152/737/588 2151/710/588 2117/738/588
f 2148/739/588 2146/815/588 2175/730/588
f 2149/814/588 2148/739/588 2178/729/588
f 2149/735/587 2194/710/587 2193/720/587 2148/719/587
f 2267/726/592 2268/716/592 2273/787/592 2272/788/592
f 2188/719/592 2157/720/592 2151/718/592 2182/726/592
f 2149/814/588 2178/729/588 2121/740/588 2156/742/588
f 2143/735/586 2202/710/586 2199/720/586 2142/719/586
f 2171/715/591 2133/717/591 2132/710/591 2169/735/591
f 2237/794/585 2227/715/585 2160/721/585 2159/722/585
f 2194/735/587 2195/710/587 2192/720/587 2193/719/587
f 2207/735/591 2204/715/591 2203/717/591 2208/710/591
f 2203/715/591 2171/717/591 2169/710/591 2208/735/591
f 2206/735/591 2205/715/591 2204/717/591 2207/710/591
f 2195/735/587 2196/710/587 2191/720/587 2192/719/587
f 2156/719/591 2187/720/591 2179/718/591 2152/726/591
f 2266/716/591 2281/787/591 2280/788/591 2265/726/591
f 2217/716/591 2216/714/591 2222/717/591 2221/715/591
f 2247/716/591 2242/787/591 2139/788/591 2138/726/591
f 2175/713/586 2176/710/586 2115/718/586 2116/748/586
f 2272/716/585 2262/787/585 2108/788/585 2107/726/585
f 2262/716/591 2277/787/591 2109/788/591 2108/726/591
f 2209/735/592 2212/715/592 2135/717/592 2130/710/592
f 2196/735/587 2174/710/587 2173/720/587 2191/719/587
f 2131/735/591 2134/715/591 2205/717/591 2206/710/591
f 2132/735/593 2113/715/593 2170/717/593 2169/710/593
f 2210/735/592 2213/715/592 2212/717/592 2209/710/592
f 2124/716/591 2217/714/591 2221/717/591 2126/715/591
f 2131/732/588 2122/733/588 2129/743/588 2134/728/588
f 2156/726/587 2157/719/587 2188/720/587 2187/718/587
f 2273/716/585 2263/787/585 2262/788/585 2272/726/585
o second_drop
v 5.195750 9.094209 -13.584949 0.3887 0.4459 0.5274
v 5.195147 9.093730 -12.709921 0.3429 0.3808 0.4491
v 4.632641 7.924901 -14.221000 0.7903 0.5351 0.5258
v 5.132641 7.924901 -14.221000 0.8548 0.6658 0.6700
v 4.570137 9.093730 -12.709924 0.2647 0.2916 0.3446
v 4.570137 9.406225 -12.709878 0.2481 0.2736 0.3237
v 4.632641 8.531225 -12.836860 0.3207 0.2790 0.3062
v 4.570140 9.093730 -13.584890 0.2730 0.3070 0.3632
v 5.132641 8.531225 -14.118100 0.3337 0.2660 0.2657
v 4.632640 8.531222 -14.086700 0.5861 0.3867 0.3794
v 4.570137 9.406227 -13.584910 0.2472 0.2761 0.3277
v 5.195141 9.406225 -13.584901 0.3464 0.3936 0.4660
v 5.195141 9.406225 -12.709878 0.3249 0.3700 0.4380
v 4.632641 8.531225 -13.455600 0.3009 0.2411 0.2582
v 5.132643 8.531230 -13.455600 0.2853 0.2351 0.2539
v 4.632641 7.924902 -12.836859 0.3264 0.2802 0.3024
v 5.132643 8.531225 -12.836860 0.3113 0.2676 0.2922
v 4.632641 7.924898 -14.086700 0.7192 0.5486 0.5490
v 5.132640 7.924898 -14.086700 0.7744 0.6075 0.6116
v 5.132641 7.924901 -13.455600 0.4001 0.3166 0.3256
v 4.632641 7.924901 -13.455600 0.3915 0.3129 0.3278
v 5.132641 7.924902 -12.836859 0.3110 0.2565 0.2687
v 5.195750 9.531709 -12.709949 0.2867 0.3328 0.3964
v 5.195750 9.531707 -13.584949 0.3208 0.3717 0.4417
v 4.633245 8.469208 -13.991198 0.6174 0.4645 0.4646
v 4.633245 8.469208 -13.928698 0.4748 0.3541 0.3562
v 4.633245 8.531708 -13.928698 0.3729 0.2944 0.2939
v 4.633245 8.531708 -13.991198 0.4560 0.3460 0.3441
v 5.133245 8.531708 -13.928698 0.3009 0.2268 0.2238
v 5.133245 8.469208 -13.928698 0.5400 0.4101 0.4121
v 5.133245 8.469208 -13.991198 0.6517 0.4974 0.4975
v 5.133245 8.531708 -13.991198 0.4457 0.3289 0.3275
v 4.633245 8.469207 -13.803698 0.5477 0.4096 0.4095
v 4.633245 8.469207 -13.741198 0.4155 0.3123 0.3141
v 4.633245 8.531707 -13.741198 0.3643 0.2916 0.2864
v 4.633245 8.531707 -13.803698 0.4645 0.3607 0.3586
v 5.133245 8.531707 -13.741198 0.2775 0.2106 0.2135
v 5.133245 8.469207 -13.741198 0.4595 0.3508 0.3521
v 5.133245 8.469207 -13.803698 0.5725 0.4414 0.4437
v 5.133245 8.531707 -13.803698 0.4229 0.3170 0.3183
v 4.633245 8.469207 -13.616198 0.4860 0.3697 0.3715
v 4.633245 8.469207 -13.553698 0.4027 0.3021 0.3066
v 4.633245 8.531707 -13.553698 0.2623 0.2079 0.2130
v 4.633245 8.531707 -13.616198 0.4293 0.3342 0.3278
v 5.133245 8.531707 -13.553698 0.2070 0.1614 0.1704
v 5.133245 8.469207 -13.553698 0.4035 0.3110 0.3203
v 5.133245 8.469207 -13.616198 0.4902 0.3751 0.3761
v 5.133245 8.531707 -13.616198 0.3690 0.2759 0.2738
v 5.195549 9.094049 -13.293273 0.2666 0.2903 0.3421
v 5.195348 9.093889 -13.001596 0.2693 0.2936 0.3466
v 5.195141 9.406225 -13.293226 0.4700 0.5373 0.6334
v 5.195141 9.406225 -13.001553 0.4290 0.4900 0.5784
v 4.570137 9.406227 -13.293233 0.2906 0.3212 0.3791
v 4.570137 9.406226 -13.001555 0.2766 0.3042 0.3589
v 5.132643 8.531228 -13.249353 0.2926 0.2543 0.2776
v 5.132643 8.531227 -13.043106 0.3187 0.2977 0.3351
v 5.132641 7.924902 -13.043106 0.3079 0.2506 0.2647
v 5.132641 7.924902 -13.249353 0.3449 0.2824 0.2983
v 4.570138 9.093730 -13.001579 0.3379 0.3748 0.4411
v 4.570139 9.093730 -13.293235 0.3077 0.3419 0.4034
v 4.632641 7.924902 -13.043106 0.3162 0.2727 0.2970
v 4.632641 7.924901 -13.249353 0.3490 0.2938 0.3127
v 4.632641 8.531225 -13.043106 0.3026 0.2762 0.3109
v 4.632641 8.531225 -13.249353 0.3274 0.2927 0.3248
v 5.195750 9.531708 -13.293282 0.3732 0.4314 0.5112
v 5.195750 9.531709 -13.001616 0.3391 0.3934 0.4671
v 4.882641 7.924901 -14.221000 0.9165 0.6863 0.6867
v 4.882639 9.406226 -13.584906 0.2918 0.3258 0.3852
v 4.882640 7.924898 -14.086700 0.7769 0.5980 0.5992
v 4.882642 9.093730 -12.709922 0.3212 0.3532 0.4159
v 4.882642 8.531228 -13.455600 0.3263 0.2766 0.2989
v 4.882641 7.924902 -12.836859 0.3606 0.3110 0.3328
v 4.882641 7.924901 -13.455600 0.4300 0.3487 0.3680
v 4.882642 8.531225 -12.836860 0.3546 0.3058 0.3321
v 4.882945 9.093969 -13.584919 0.3253 0.3620 0.4264
v 4.882639 9.406225 -12.709878 0.2783 0.3060 0.3599
v 4.882641 7.924902 -13.249353 0.3732 0.3204 0.3436
v 4.882641 7.924902 -13.043106 0.3394 0.2967 0.3227
v 4.882639 9.406225 -13.001554 0.3048 0.3326 0.3916
v 4.882639 9.406226 -13.293230 0.3153 0.3467 0.4078
v 4.632641 8.531225 -13.676434 0.3741 0.2798 0.2792
v 4.632641 8.531225 -13.897266 0.4134 0.3286 0.3381
v 5.132642 8.531228 -13.676434 0.3789 0.2893 0.2834
v 5.132641 8.531227 -13.897266 0.3951 0.3049 0.3048
v 5.132640 7.924901 -13.676434 0.4903 0.3856 0.3937
v 5.132640 7.924901 -13.897266 0.6083 0.4716 0.4739
v 4.632641 7.924901 -13.676434 0.4727 0.3729 0.3834
v 4.632641 7.924901 -13.897266 0.5728 0.4377 0.4420
v 4.882641 7.924901 -13.676434 0.5018 0.3892 0.3961
v 4.882640 7.924901 -13.897266 0.6396 0.4968 0.5027
v 4.632641 8.249975 -13.455600 0.4295 0.3492 0.3692
v 5.132642 8.249977 -13.455600 0.4090 0.3186 0.3272
v 5.132642 8.249975 -12.836860 0.3394 0.2856 0.3052
v 4.632641 8.249975 -12.836860 0.3436 0.2847 0.3009
v 4.632641 8.249975 -13.043106 0.3182 0.2673 0.2879
v 4.632641 8.249975 -13.249353 0.3390 0.2727 0.2864
v 5.132642 8.249976 -13.043106 0.3361 0.2910 0.3175
v 5.132642 8.249977 -13.249353 0.3468 0.2862 0.3025
v 4.882641 8.249975 -12.836860 0.3933 0.3379 0.3638
v 5.132641 8.249978 -13.676434 0.5160 0.3972 0.4036
v 5.132640 8.249975 -14.086700 0.8699 0.6800 0.6847
v 5.132641 8.249979 -13.897266 0.6557 0.5043 0.5081
v 4.632641 8.249967 -13.676434 0.4907 0.3773 0.3836
v 4.632640 8.249942 -14.086700 0.6706 0.5120 0.5129
v 4.632641 8.249956 -13.897266 0.6170 0.4650 0.4689
v 4.883245 8.531708 -13.928698 0.3680 0.2770 0.2762
v 4.883245 8.469208 -13.928698 0.5664 0.4291 0.4300
v 4.883245 8.531708 -13.991198 0.4714 0.3558 0.3521
v 4.883245 8.469208 -13.991198 0.7345 0.5566 0.5559
v 4.883229 8.531707 -13.741198 0.3354 0.2528 0.2529
v 4.883229 8.469207 -13.741198 0.4614 0.3526 0.3563
v 4.883229 8.531707 -13.803698 0.4603 0.3480 0.3455
v 4.883229 8.469207 -13.803698 0.6279 0.4746 0.4743
v 4.882627 8.531707 -13.553698 0.2675 0.2107 0.2179
v 4.882627 8.469207 -13.553698 0.3924 0.3094 0.3214
v 4.882627 8.531707 -13.616198 0.3987 0.3069 0.3074
v 4.882627 8.469207 -13.616198 0.5509 0.4259 0.4307
v 5.163895 8.812478 -12.773391 0.2489 0.2401 0.2761
v 4.601389 8.812478 -12.773392 0.2723 0.2794 0.3253
v 4.601391 8.812478 -13.520245 0.2614 0.2848 0.3359
v 5.164196 8.812719 -13.520274 0.2237 0.2396 0.2826
v 4.601389 8.812478 -13.022343 0.2890 0.3038 0.3557
v 4.601390 8.812478 -13.271294 0.3091 0.3328 0.3898
v 5.164096 8.812639 -13.271313 0.2523 0.2593 0.3025
v 5.163995 8.812558 -13.022351 0.2619 0.2612 0.3027
v 4.882642 8.812478 -12.773391 0.3288 0.3348 0.3878
v 4.882793 8.812598 -13.520260 0.2777 0.2941 0.3439
v 5.132641 8.468575 -14.086700 0.6267 0.4910 0.4930
v 5.189784 8.467671 -14.084642 0.7660 0.6005 0.6048
v 5.190440 7.924746 -14.086700 0.8057 0.6431 0.6513
v 5.190444 8.229853 -14.086700 0.9335 0.7352 0.7411
v 5.190440 7.924901 -14.221000 0.8191 0.6486 0.6563
v 4.307428 8.703659 -13.461432 0.5678 0.5074 0.4004
v 4.307428 8.703659 -14.079599 0.8074 0.6910 0.6564
v 5.830110 8.703659 -13.461432 0.1962 0.0824 0.0709
v 5.830110 8.703659 -14.079599 0.2826 0.1206 0.1028
vn -0.9992 0.0405 -0.0020
vn -1.0000 0.0012 -0.0035
vn -1.0000 0.0005 -0.0004
vn -1.0000 0.0011 0.0061
vn -1.0000 -0.0000 0.0004
vn -1.0000 0.0011 -0.0000
vn -1.0000 0.0011 -0.0056
vn -1.0000 0.0012 0.0037
vn -1.0000 -0.0000 -0.0064
vn -0.9999 0.0010 -0.0122
vn -1.0000 0.0014 0.0033
vn -1.0000 0.0004 0.0057
vn -1.0000 0.0007 0.0063
vn -1.0000 0.0011 0.0008
vn 1.0000 -0.0012 0.0036
vn 0.9992 0.0402 0.0020
vn 1.0000 -0.0005 0.0004
vn 1.0000 -0.0011 -0.0061
vn 1.0000 -0.0000 -0.0004
vn 0.9999 -0.0000 -0.0100
vn 1.0000 -0.0011 0.0056
vn 1.0000 -0.0011 -0.0000
vn 1.0000 -0.0012 -0.0037
vn 1.0000 -0.0000 0.0064
vn 1.0000 -0.0000 -0.0065
vn 0.9999 -0.0010 0.0122
vn 1.0000 -0.0000 -0.0063
vn -1.0000 -0.0000 -0.0000
vn -0.9985 0.0556 -0.0001
vn -0.0000 0.2240 0.9746
vn -0.0000 -1.0000 -0.0000
vn 1.0000 -0.0049 -0.0000
vn -0.0000 0.1127 0.9936
vn -0.0000 0.1086 0.9941
vn -0.0000 -0.0001 1.0000
vn -0.0000 -0.0000 1.0000
vn -0.0000 0.1144 -0.9934
vn -0.0000 0.2201 -0.9755
vn -0.0000 0.1107 -0.9938
vn 0.9985 0.0553 -0.0000
vn 0.9987 0.0511 -0.0000
vn 0.9939 0.1104 -0.0000
vn 1.0000 -0.0000 -0.0000
vn 0.0004 1.0000 0.0002
vn -0.0000 1.0000 -0.0000
vn -0.0000 -0.0000 -1.0000
vn -0.0000 0.1088 0.9941
vn 0.9983 0.0589 -0.0000
vn 1.0000 -0.0010 -0.0008
vn -0.9938 0.1108 -0.0004
vn -0.9938 0.1111 -0.0004
vn -0.9985 0.0555 -0.0001
vn -0.0000 -1.0000 -0.0049
vn -0.0000 0.0001 -1.0000
vn -0.0000 0.1069 -0.9943
vn -0.0000 0.1108 -0.9938
vn -0.9983 0.0590 -0.0001
vn 0.0007 1.0000 0.0003
vn 0.9987 0.0510 -0.0000
vn -0.0000 0.2239 0.9746
vn -0.9938 0.1108 -0.0005
vn -0.9939 0.1107 -0.0004
vn -0.9939 0.1107 -0.0005
vn -0.9938 0.1110 -0.0005
vn -0.9938 0.1112 -0.0005
vn -0.9938 0.1112 -0.0004
vn -1.0000 -0.0000 -0.0061
vn -1.0000 -0.0000 0.0100
vn -1.0000 -0.0000 -0.0093
vn -1.0000 -0.0000 0.0064
vn -0.9998 -0.0000 -0.0192
vn -1.0000 -0.0000 0.0048
vn 1.0000 -0.0000 0.0062
vn 1.0000 -0.0000 0.0093
vn 0.9998 -0.0000 0.0192
vn 0.0114 0.0028 -0.9999
vn 0.0074 0.0018 -1.0000
vn 0.0187 0.0045 -0.9998
vn 0.0013 1.0000 0.0006
vt 0.000000 0.001693
vt 0.444213 0.221845
vt 0.000000 1.000000
vt 0.727235 0.221845
vt 1.000000 0.001699
vt 1.000000 0.999997
vt 0.000000 0.001699
vt 0.293270 0.221845
vt 0.576292 0.221845
vt 1.000000 0.001702
vt 1.000000 0.999997
vt 0.000000 0.001706
vt 0.142328 0.221841
vt 0.000000 0.999997
vt 0.425348 0.221841
vt 1.000000 0.001712
vt 1.000000 0.224079
vt 1.000000 1.000000
vt 0.555786 0.778163
vt 1.000000 0.998291
vt 1.000000 0.000030
vt 0.272765 0.778163
vt 0.000000 0.998291
vt 0.272765 1.000000
vt 0.706729 0.778172
vt 1.000000 0.998291
vt 1.000000 0.000039
vt 0.423708 0.778172
vt 0.000000 0.998291
vt 0.423708 1.000000
vt 0.857672 0.778185
vt 1.000000 0.998288
vt 1.000000 0.000039
vt 0.574651 0.778185
vt 0.000000 0.998288
vt 0.574651 1.000000
vt 1.000000 1.000000
vt 0.000000 0.000000
vt 1.000000 0.000000
vt 0.500000 1.000000
vt 0.500000 0.500000
vt 1.000000 0.500000
vt 0.000000 0.500000
vt 0.500000 0.000000
vt 0.000000 0.000000
vt 1.000000 1.000000
vt 0.444213 0.000000
vt 0.727235 0.000000
vt 0.293270 0.000000
vt 0.576292 0.000000
vt 0.142328 0.000000
vt 0.425348 0.000000
vt 0.555786 1.000000
vt 0.706729 1.000000
vt 0.857672 1.000000
vt 0.999855 0.984732
vt 0.822543 1.000000
vt 0.359755 0.489322
vt 0.497821 0.430747
vt 0.105295 -0.000000
vt -0.000000 0.092463
vt 0.430379 0.000000
vt 0.430386 1.000000
vt 0.000000 1.000000
vt 0.000002 -0.000000
s 1
usemtl grid_wall
f 2528/862/608 2500/863/609 2577/864/610
f 2527/865/611 2567/866/612 2530/867/613
f 2520/868/614 2567/869/612 2589/870/615
f 2519/871/616 2568/872/617 2522/873/618
f 2512/874/619 2568/875/617 2591/876/615
f 2511/877/616 2496/878/620 2514/879/620
f 2507/880/636 2573/846/636 2589/881/615 2577/882/610
f 2577/888/610 2582/882/636 2548/889/636 2507/846/636
f 2582/888/636 2581/882/636 2547/889/636 2548/846/636
f 2585/846/639 2580/881/639 2493/882/630 2560/880/632
f 2508/846/639 2558/881/639 2585/882/639 2579/880/639
f 2591/876/615 2590/881/642 2511/877/616 2512/874/619
f 2549/846/633 2581/881/636 2582/882/636 2550/880/633
f 2493/846/641 2580/881/636 2581/882/636 2549/880/633
f 2558/846/639 2502/881/639 2580/882/639 2585/880/639
f 2500/880/609 2550/846/633 2582/881/636 2577/882/610
f 2580/882/636 2502/889/636 2547/846/636 2581/888/636
f 2579/846/639 2585/881/639 2560/882/632 2503/880/630
f 2573/880/636 2574/846/636 2591/881/615 2589/882/615
f 2574/880/636 2504/846/636 2590/881/642 2591/882/615
f 2589/870/615 2591/881/615 2519/871/616 2520/868/614
f 2528/862/608 2577/864/610 2589/881/615 2527/865/611
f 2528/862/608 2529/896/666 2500/863/609
f 2527/865/611 2589/881/615 2567/866/612
f 2520/868/614 2521/897/667 2567/869/612
f 2519/871/616 2591/881/615 2568/872/617
f 2512/874/619 2513/898/668 2568/875/617
f 2511/877/616 2590/881/642 2496/878/620
usemtl floor
f 2601/846/629 2600/881/629 2529/882/629 2528/880/629
f 2593/846/629 2592/881/629 2513/882/629 2512/880/629
f 2595/846/624 2593/881/624 2512/882/624 2511/880/624
f 2594/846/639 2595/881/639 2511/882/639 2514/880/639
f 2597/846/629 2596/881/629 2521/882/629 2520/880/629
f 2599/846/624 2597/881/624 2520/882/624 2519/880/624
f 2596/846/638 2598/881/638 2522/882/638 2521/880/638
f 2598/846/639 2599/881/639 2519/882/639 2522/880/639
f 2602/846/639 2603/881/639 2527/882/639 2530/880/639
f 2592/846/638 2594/881/638 2514/882/638 2513/880/638
f 2532/846/629 2531/881/629 2600/882/629 2601/880/629
f 2501/881/646 2557/882/646 2600/880/646 2531/846/646
f 2600/846/638 2602/881/638 2530/882/638 2529/880/638
f 2518/846/639 2517/881/639 2595/882/639 2594/880/639
f 2515/846/638 2518/881/638 2594/882/638 2592/880/638
f 2517/846/624 2516/881/624 2593/882/624 2595/880/624
f 2516/846/629 2515/881/629 2592/882/629 2593/880/629
f 2526/846/639 2525/881/639 2599/882/639 2598/880/639
f 2523/846/638 2526/881/638 2598/882/638 2596/880/638
f 2525/846/624 2524/881/624 2597/882/624 2599/880/624
f 2524/846/629 2523/881/629 2596/882/629 2597/880/629
f 2534/846/639 2533/881/639 2603/882/639 2602/880/639
f 2531/846/638 2534/881/638 2602/882/638 2600/880/638
f 2533/846/624 2532/881/624 2601/882/624 2603/880/624
f 2557/881/646 2500/846/646 2529/880/646 2600/882/646
f 2603/846/624 2601/881/624 2528/882/624 2527/880/624
usemtl busy_wall
f 2500/883/623 2557/884/623 2613/885/623 2606/880/623
f 2498/846/624 2537/886/624 2566/884/624 2554/883/624
f 2498/883/625 2510/846/625 2551/886/625 2537/884/625
f 2561/883/626 2487/846/627 2498/886/628 2554/884/629
f 2493/883/630 2605/884/631 2612/885/631 2560/880/632
f 2545/884/633 2491/886/634 2605/881/635 2608/887/635
f 2609/846/635 2550/886/633 2500/884/609 2606/883/635
f 2537/880/625 2551/883/625 2552/884/625 2538/885/625
f 2494/880/640 2561/883/626 2554/884/629 2497/885/629
f 2538/883/625 2552/846/625 2509/886/625 2499/884/625
f 2608/883/635 2605/846/635 2493/886/641 2549/884/633
f 2608/883/635 2549/884/633 2550/885/633 2609/880/635
f 2611/883/643 2610/846/644 2541/886/622 2542/884/645
f 2545/883/633 2546/884/633 2539/885/636 2540/880/636
f 2491/846/634 2545/886/633 2540/884/636 2492/883/636
f 2537/883/624 2538/884/624 2565/885/624 2566/880/624
f 2554/886/624 2566/881/624 2539/887/624 2497/884/624
f 2566/884/624 2565/887/624 2540/882/624 2539/885/624
f 2606/884/623 2613/887/623 2561/882/626 2494/885/640
f 2499/883/647 2488/846/648 2556/886/649 2562/884/647
f 2545/884/633 2608/887/635 2609/882/635 2546/885/633
f 2562/880/647 2556/883/649 2491/884/648 2492/885/647
f 2538/846/624 2499/886/624 2562/884/624 2565/883/624
f 2565/886/624 2562/881/624 2492/887/624 2540/884/624
f 2539/883/636 2546/846/633 2494/886/652 2497/884/636
f 2561/884/626 2613/886/623 2607/881/653 2487/887/627
f 2604/884/631 2612/886/631 2556/881/649 2488/887/648
f 2536/884/654 2611/887/643 2604/882/655 2488/885/656
f 2535/885/657 2487/884/658 2607/887/659 2610/882/644
f 2536/884/654 2535/886/657 2610/881/644 2611/887/643
f 2611/883/643 2542/884/645 2503/885/650 2604/880/655
f 2610/880/644 2607/883/659 2501/884/594 2541/885/622
f 2546/886/633 2609/881/635 2606/887/635 2494/884/652
f 2503/883/630 2560/846/632 2612/886/631 2604/884/631
f 2613/883/623 2557/846/623 2501/886/653 2607/884/653
f 2605/884/631 2491/887/648 2556/882/649 2612/885/631
usemtl platform
f 2501/844/594 2532/845/595 2578/846/596
f 2533/847/597 2569/848/598 2586/849/599
f 2569/850/598 2524/851/600 2586/846/599
f 2525/852/601 2570/853/602 2588/854/599
f 2570/855/602 2516/856/603 2588/857/599
f 2517/858/604 2495/859/605 2614/860/606 2587/861/607
f 2578/880/596 2584/846/621 2541/881/622 2501/882/594
f 2544/880/621 2543/846/621 2583/881/621 2584/882/621
f 2505/846/637 2555/881/638 2576/882/638 2572/880/638
f 2543/880/621 2508/846/621 2579/881/621 2583/882/621
f 2564/880/638 2543/846/638 2544/881/638 2563/882/638
f 2563/880/638 2544/846/638 2506/881/638 2559/882/638
f 2575/846/638 2573/881/638 2507/882/638 2559/880/638
f 2563/846/638 2559/881/638 2507/882/638 2548/880/638
f 2572/880/621 2571/846/621 2586/881/599 2588/882/599
f 2571/880/621 2506/846/621 2578/881/596 2586/882/599
f 2555/846/638 2553/881/638 2489/882/638 2504/880/638
f 2502/880/638 2558/846/638 2564/881/638 2547/882/638
f 2555/846/638 2504/881/638 2574/882/638 2576/880/638
f 2576/846/638 2574/881/638 2573/882/638 2575/880/638
f 2558/880/638 2508/846/638 2543/881/638 2564/882/638
f 2571/846/638 2575/881/638 2559/882/638 2506/880/638
f 2572/846/638 2576/881/638 2575/882/638 2571/880/638
f 2583/880/621 2579/846/621 2503/881/650 2542/882/645
f 2505/846/637 2490/881/651 2553/882/638 2555/880/638
f 2547/880/638 2564/846/638 2563/881/638 2548/882/638
f 2572/846/621 2588/881/599 2587/882/607 2505/880/621
f 2584/880/621 2583/846/621 2542/881/645 2541/882/622
f 2501/844/594 2531/890/660 2532/845/595
f 2533/847/597 2534/891/661 2569/848/598
f 2569/850/598 2523/892/662 2524/851/600
f 2525/852/601 2526/893/663 2570/853/602
f 2570/855/602 2515/894/664 2516/856/603
f 2517/858/604 2518/895/665 2495/859/605
f 2586/849/599 2578/846/596 2532/845/595 2533/847/597
f 2525/852/601 2588/854/599 2586/846/599 2524/851/600
f 2517/858/604 2587/861/607 2588/857/599 2516/856/603
f 2506/880/621 2544/846/621 2584/881/621 2578/882/596
f 2616/899/639 2505/900/639 2587/901/669 2617/902/670
f 2615/903/671 2617/902/670 2587/901/669 2614/904/671
f 2490/905/651 2505/906/637 2616/907/672 2618/908/672
usemtl occluder
f 2621/846/624 2619/880/624 2620/882/624 2622/881/624
o big_area
v 4.258245 7.930460 -15.116198 0.1765 0.0662 0.0517
v 4.240877 8.180146 -15.084948 0.1960 0.0898 0.0774
v 3.371530 7.930459 -14.647448 0.2671 0.1193 0.1015
v 3.476256 7.930460 -15.147445 0.1688 0.0678 0.0554
v 4.147127 8.180145 -15.084948 0.2091 0.0974 0.0841
v 4.258245 7.930460 -14.241198 0.1823 0.0981 0.0914
v 3.371785 7.930460 -14.241198 0.6107 0.2743 0.2281
v 4.258245 7.930460 -14.647391 0.2064 0.1286 0.1233
v 4.147127 8.086395 -15.084948 0.2134 0.1168 0.1103
v 3.815015 7.930460 -14.241198 0.2278 0.1153 0.1053
v 3.814887 7.930460 -14.647420 0.2483 0.1412 0.1324
v 4.258245 8.375460 -15.116198 0.1715 0.0735 0.0635
v 3.371530 8.375460 -14.647448 0.2637 0.1182 0.1011
v 3.476256 8.375460 -15.147445 0.1783 0.0800 0.0693
v 4.258245 8.375460 -14.241198 0.1676 0.0895 0.0831
v 3.371785 8.375460 -14.241198 0.6119 0.2813 0.2374
v 4.258245 8.375460 -14.647391 0.2037 0.1059 0.0963
v 3.815015 8.375460 -14.241198 0.2224 0.1141 0.1038
v 3.814887 8.375460 -14.647420 0.2552 0.1386 0.1277
v 4.136710 8.190562 -15.116198 0.2177 0.0979 0.0841
v 4.136710 8.075978 -15.116198 0.2146 0.1315 0.1256
v 4.251294 8.075978 -15.116198 0.1867 0.0793 0.0678
v 4.251294 8.190562 -15.116198 0.1286 0.0628 0.0564
v 4.598747 8.025672 -14.321892 0.7977 0.7118 0.7245
v 4.598746 8.109064 -14.321891 0.7749 0.6959 0.7111
v 4.448873 8.025672 -14.619900 0.6665 0.6209 0.6331
v 4.598747 8.025672 -14.534257 0.8562 0.7595 0.7719
v 4.598746 8.109064 -14.534256 0.8554 0.7597 0.7751
v 4.326647 8.025672 -14.604957 0.5416 0.5063 0.5165
v 5.488498 7.925273 -15.345173 0.7401 0.6987 0.7129
v 5.486727 7.924963 -14.689581 0.7954 0.6900 0.7044
v 5.326700 8.637169 -16.091320 0.6702 0.6733 0.6912
v 5.485486 8.501418 -14.690350 0.9266 0.8095 0.8288
v 4.555894 8.069946 -14.636249 0.7204 0.6620 0.6761
v 4.004595 7.946468 -16.365999 0.4333 0.3880 0.3964
v 4.638836 8.069946 -14.550862 0.8341 0.7415 0.7554
v 4.454175 8.069946 -14.662967 0.6613 0.6090 0.6271
v 4.598746 8.189064 -14.321891 0.7682 0.6961 0.7136
v 4.598746 8.272456 -14.321891 0.8583 0.7739 0.7953
v 4.448872 8.272456 -14.619899 0.7131 0.6683 0.6883
v 4.598746 8.189064 -14.534256 0.8608 0.7721 0.7928
v 4.004596 8.123004 -16.366093 0.4773 0.4174 0.4231
v 5.488498 8.036220 -15.345173 0.7390 0.7115 0.7279
v 5.488497 8.123003 -15.345173 0.8234 0.7916 0.8065
v 5.484607 8.123003 -14.450764 0.9900 0.7828 0.7877
v 5.485536 8.036219 -14.555416 1.0079 0.7541 0.7565
v 4.555894 8.229946 -14.636248 0.8354 0.7767 0.8055
v 4.638835 8.229946 -14.550861 0.9707 0.8643 0.8889
v 4.454174 8.229946 -14.662966 0.7453 0.6909 0.7126
v 4.860575 8.036219 -16.354053 0.4036 0.3695 0.3732
v 5.491964 8.036220 -15.815878 0.6897 0.6819 0.6979
v 4.555894 8.149946 -14.636248 0.8320 0.7740 0.7962
v 5.326701 8.122972 -16.091324 0.7466 0.7448 0.7637
v 4.638835 8.149946 -14.550861 0.9563 0.8509 0.8740
v 5.318964 8.036187 -16.083372 0.5718 0.5438 0.5576
v 4.454174 8.149946 -14.662966 0.7337 0.6870 0.7033
v 5.483464 8.036219 -14.321900 0.7750 0.5982 0.6015
v 5.483462 8.123003 -14.321900 0.8885 0.7167 0.7227
v 4.243312 8.036219 -16.362673 0.4715 0.4191 0.4221
v 4.243312 8.123003 -16.362673 0.4971 0.4453 0.4509
v 5.491963 8.123003 -15.815882 0.7606 0.7620 0.7822
v 4.004595 8.036219 -16.366070 0.4288 0.3737 0.3806
v 4.860578 8.123003 -16.354052 0.5180 0.4946 0.5025
v 4.551950 8.036219 -16.359436 0.4559 0.4168 0.4223
v 4.551950 8.123003 -16.359436 0.4792 0.4540 0.4604
v 5.485904 8.036219 -14.689965 0.8103 0.6997 0.7144
v 5.485901 8.123003 -14.689965 0.8790 0.7718 0.7895
v 5.289707 8.079578 -16.053312 0.7243 0.7296 0.7477
v 5.440073 8.079610 -14.322286 0.9193 0.7230 0.7283
v 4.551343 8.079610 -16.316050 0.4578 0.4341 0.4385
v 5.445106 8.079610 -15.345404 0.7909 0.7569 0.7758
v 5.450105 8.079610 -15.804451 0.7196 0.7164 0.7323
v 5.442512 8.079610 -14.690255 0.8660 0.7397 0.7523
v 4.242701 8.079610 -16.319286 0.4698 0.4158 0.4201
v 4.003977 8.079610 -16.322683 0.3404 0.3125 0.3190
v 4.849270 8.079610 -16.312159 0.5272 0.5066 0.5152
v 4.506447 8.637173 -15.784393 0.3680 0.3230 0.3239
v 4.506447 8.603272 -15.784393 0.4385 0.3866 0.3875
v 4.038496 8.001545 -16.176067 0.4734 0.4330 0.4397
v 4.506447 8.603272 -15.635494 0.5122 0.4457 0.4459
v 3.919845 8.171046 -16.366709 0.4251 0.3711 0.3759
v 4.506447 8.637173 -15.635494 0.4530 0.3855 0.3837
v 4.580897 8.603272 -15.506543 0.6394 0.5621 0.5639
v 4.580897 8.637173 -15.506543 0.5806 0.5015 0.5054
v 4.580897 8.637173 -15.913344 0.3573 0.3261 0.3289
v 4.004595 8.171046 -16.366117 0.4730 0.4180 0.4235
v 4.580897 8.603272 -15.913344 0.4145 0.3852 0.3904
v 4.038496 8.001546 -16.277767 0.4532 0.4131 0.4203
v 4.709848 8.603272 -15.432093 0.8066 0.6980 0.7013
v 4.004595 8.171046 -16.110161 0.5069 0.4466 0.4484
v 3.919845 8.171046 -16.110161 0.5081 0.4391 0.4395
v 4.709848 8.637169 -15.432093 0.7402 0.6521 0.6672
v 4.709848 8.603272 -15.987794 0.4372 0.4207 0.4291
v 4.038496 8.103246 -16.176067 0.4908 0.4442 0.4487
v 4.038496 8.103246 -16.277767 0.4751 0.4331 0.4387
v 4.709848 8.637173 -15.987794 0.3728 0.3630 0.3693
v 4.004595 7.990245 -16.164768 0.4956 0.4454 0.4530
v 4.858747 8.637173 -15.432093 0.7962 0.7205 0.7426
v 4.004595 8.114546 -16.289068 0.4701 0.4340 0.4419
v 4.858747 8.603272 -15.432093 0.8701 0.7793 0.7852
v 4.004595 8.114546 -16.164766 0.5127 0.4727 0.4820
v 4.004595 7.990246 -16.289068 0.3983 0.3560 0.3594
v 4.987699 8.603272 -15.506543 0.8056 0.7657 0.7844
v 4.858747 8.603272 -15.987794 0.5085 0.5065 0.5169
v 4.506447 7.925270 -15.635494 0.5632 0.4618 0.4589
v 5.062148 8.603272 -15.784393 0.7084 0.7286 0.7470
v 4.390850 8.467672 -14.084642 0.7183 0.6596 0.6666
v 5.062148 8.637173 -15.784393 0.6907 0.7213 0.7395
v 4.506447 7.959170 -15.635494 0.6046 0.5110 0.5061
v 4.580897 7.925270 -15.506543 0.6645 0.5588 0.5603
v 4.858747 8.637173 -15.987794 0.4557 0.4616 0.4720
v 4.987699 8.637173 -15.506543 0.8068 0.7616 0.7819
v 4.580897 7.959170 -15.506543 0.6817 0.5782 0.5776
v 4.709848 7.925270 -15.432094 0.8100 0.6960 0.6982
v 4.709848 7.959170 -15.432094 0.7947 0.6867 0.6908
v 5.482863 8.467672 -14.084642 0.1661 0.0764 0.0696
v 4.858747 7.925270 -15.432094 0.8440 0.7590 0.7672
v 4.326647 7.925273 -14.590014 0.6356 0.5374 0.5367
v 4.987699 7.925270 -15.506543 0.8232 0.7701 0.7864
v 4.633383 8.467671 -14.221005 0.8933 0.7317 0.7429
v 4.633383 8.467671 -14.321892 1.0458 0.8817 0.8953
v 4.987699 7.959170 -15.506543 0.8412 0.7863 0.7974
v 4.734665 7.959170 -15.490812 0.7838 0.6670 0.6666
v 4.919899 7.959170 -15.540445 0.8330 0.7755 0.7908
v 4.599064 7.959170 -15.725678 0.4341 0.3681 0.3677
v 4.599064 7.959170 -15.626412 0.5580 0.4694 0.4693
v 4.648697 7.959170 -15.540445 0.6977 0.5960 0.5947
v 4.598747 8.467671 -14.321892 1.0028 0.8673 0.8807
v 4.236928 7.925275 -15.711851 0.5915 0.5060 0.5029
v 4.598747 8.467672 -14.220235 0.8110 0.7114 0.7266
v 4.833931 8.022099 -15.861279 0.4576 0.4671 0.4785
v 4.633248 9.359829 -16.358347 0.9500 0.8249 0.7929
v 5.491964 7.925272 -15.815879 0.6726 0.6572 0.6747
v 4.243311 7.946467 -16.362665 0.4499 0.3927 0.3976
v 4.551949 8.645513 -16.358377 0.4363 0.4190 0.4262
v 4.734665 8.006012 -15.861279 0.3836 0.3691 0.3735
v 4.648697 7.992055 -15.811646 0.3829 0.3427 0.3463
v 4.634760 7.959170 -15.787506 0.3469 0.2968 0.2958
v 4.969532 7.982033 -15.725678 0.7271 0.7383 0.7572
v 4.506447 7.959170 -15.766971 0.5251 0.4453 0.4451
v 5.062148 7.959170 -15.684448 0.7967 0.7747 0.7915
v 4.506447 7.925270 -15.754975 0.4487 0.3550 0.3470
v 5.267376 7.925272 -15.663336 0.7755 0.7508 0.7682
v 5.093640 8.026691 -15.969383 0.6920 0.6950 0.7120
v 4.235881 7.925272 -16.040754 0.4954 0.4245 0.4262
v 4.860579 8.026690 -16.100746 0.5145 0.5035 0.5136
v 4.860576 9.359829 -16.354052 0.9867 0.8746 0.8415
v 4.551943 7.995199 -16.358355 0.4227 0.3942 0.3992
v 4.548230 7.975981 -16.070751 0.4782 0.4424 0.4452
v 4.326646 7.925121 -15.169433 0.7114 0.6346 0.6369
v 4.394447 7.925272 -15.737051 0.6228 0.5200 0.5136
v 4.389814 7.950068 -15.745084 0.5785 0.4972 0.4891
v 4.534515 7.925204 -14.598489 0.7408 0.6855 0.7036
v 4.448873 7.925246 -14.619900 0.6377 0.6072 0.6223
v 4.633383 7.925148 -14.220740 0.8306 0.6040 0.6021
v 4.633383 7.925148 -14.321892 0.9130 0.7657 0.7756
v 4.598747 7.925173 -14.534257 0.8596 0.7558 0.7699
v 4.598747 7.925173 -14.321892 0.7311 0.6603 0.6776
v 5.482863 9.078282 -14.084642 0.1692 0.1040 0.1077
v 4.390850 9.078282 -14.084642 0.2883 0.2586 0.2315
v 4.923073 7.925272 -15.342737 0.8516 0.7682 0.7784
v 4.923082 7.925117 -14.689581 0.9342 0.8162 0.8329
v 4.923117 7.925011 -14.221259 0.8794 0.6772 0.6817
v 5.485486 8.501512 -14.221274 0.8320 0.6638 0.6745
v 5.486090 8.637168 -15.815900 0.6908 0.6965 0.7168
v 5.485486 8.501573 -15.345174 0.8357 0.7957 0.8125
v 4.860577 8.646438 -16.354053 0.4782 0.4606 0.4679
v 4.243317 8.644590 -16.362701 0.4422 0.4019 0.4093
v 4.258241 9.359829 -16.362654 0.9466 0.8132 0.7965
v 4.241896 7.925121 -15.254196 0.6182 0.5433 0.5363
v 4.241896 7.925121 -15.169446 0.5250 0.4790 0.4720
v 4.241896 8.365973 -15.169446 0.4481 0.4123 0.4202
v 4.326647 8.365973 -14.536649 0.7516 0.5798 0.5748
v 4.734665 8.603272 -15.490812 0.6905 0.6141 0.6282
v 4.599064 8.603272 -15.725678 0.3947 0.3436 0.3431
v 4.648697 8.603272 -15.811646 0.3662 0.3312 0.3344
v 4.599064 8.603272 -15.626412 0.4866 0.4287 0.4274
v 4.919899 8.603272 -15.540445 0.7776 0.7421 0.7616
v 4.648670 8.603272 -15.540493 0.5934 0.5232 0.5317
v 4.734665 8.603272 -15.861279 0.3943 0.3831 0.3897
v 4.833931 8.603272 -15.861279 0.4619 0.4723 0.4840
v 4.969532 8.603272 -15.725678 0.6905 0.7104 0.7283
v 4.839976 7.959170 -15.438528 0.8440 0.7537 0.7621
v 4.818484 7.959170 -15.484838 0.8326 0.7380 0.7461
v 4.818484 8.603272 -15.484838 0.7564 0.6957 0.7153
v 4.975843 8.637173 -15.923482 0.5868 0.6103 0.6254
v 4.917127 8.002066 -15.830868 0.5901 0.6154 0.6309
v 4.975843 8.603272 -15.923482 0.6125 0.6249 0.6392
v 4.917127 8.603272 -15.830867 0.5898 0.6120 0.6281
v 5.055772 8.603272 -15.607962 0.7659 0.7625 0.7818
v 4.976339 8.603272 -15.617349 0.7416 0.7365 0.7541
v 5.055772 8.637173 -15.607962 0.7506 0.7522 0.7705
v 5.038971 7.959170 -15.586535 0.8151 0.7821 0.7970
v 4.957379 7.970356 -15.620081 0.7868 0.7667 0.7833
v 4.448873 8.518513 -14.619900 0.7223 0.6785 0.6999
v 4.598747 8.518476 -14.534257 0.9561 0.8613 0.8912
v 4.326650 8.484829 -14.601112 0.5346 0.4333 0.4330
v 4.534515 8.518492 -14.598489 0.8214 0.7749 0.8080
v 4.326647 8.365973 -14.601114 0.5640 0.4885 0.5001
v 4.936856 8.467672 -14.084642 0.6467 0.4851 0.4866
v 4.390850 8.772978 -14.084642 0.3288 0.2981 0.2955
v 4.936856 9.078282 -14.084642 0.1768 0.1335 0.1330
v 5.482863 8.772978 -14.084642 0.1905 0.1218 0.1276
v 4.936856 8.772978 -14.084642 0.1968 0.1415 0.1390
v 5.040805 8.467674 -14.220239 0.9551 0.7412 0.7450
v 5.189784 8.467672 -14.084642 0.4759 0.3634 0.3649
v 5.189784 9.078282 -14.084642 0.1783 0.1357 0.1463
v 5.189784 8.772978 -14.084642 0.1825 0.1223 0.1266
v 5.189784 8.467674 -14.220241 0.8435 0.6691 0.6761
v 4.633383 8.467671 -14.086707 0.6863 0.5167 0.5184
v 4.633383 7.925144 -14.086707 0.6920 0.5277 0.5316
v 4.633383 8.229822 -14.221005 0.9254 0.6686 0.6653
v 4.633383 8.229822 -14.086707 0.7491 0.5647 0.5688
v 5.190444 7.924742 -14.222307 0.7955 0.6280 0.6331
v 5.190444 7.924747 -14.086700 0.8040 0.6388 0.6458
v 5.190444 8.229853 -14.086700 0.9335 0.7352 0.7411
v 5.190415 8.466979 -14.321874 0.9929 0.7947 0.8020
v 5.190414 8.229841 -14.321874 0.9876 0.7767 0.7833
v 5.190414 7.924732 -14.321874 0.9059 0.7047 0.7092
v 5.483463 8.229841 -14.321927 0.9658 0.7750 0.7815
v 5.483463 7.924731 -14.321874 0.8020 0.6477 0.6547
v 5.190427 8.229845 -14.219779 0.9137 0.7149 0.7196
v 5.483463 8.466979 -14.321927 0.9583 0.7644 0.7750
v 5.483463 8.466980 -14.221336 0.6894 0.5446 0.5543
v 4.089346 7.925121 -15.254196 0.3911 0.3347 0.3325
v 4.004595 7.946470 -15.720237 0.5672 0.4816 0.4781
v 4.448873 8.109064 -14.619900 0.6171 0.5793 0.5915
v 4.448872 8.189065 -14.619900 0.6285 0.5903 0.6011
v 4.534515 8.025672 -14.598489 0.7368 0.6795 0.6929
v 4.534515 8.109063 -14.598489 0.7188 0.6716 0.6785
v 4.534515 8.189063 -14.598489 0.7331 0.6942 0.7166
v 4.534515 8.272455 -14.598489 0.8094 0.7613 0.7880
v 4.626690 8.229820 -14.321892 1.0098 0.8451 0.8553
v 4.630203 8.069946 -14.321892 0.9388 0.7982 0.8082
v 4.326647 8.069946 -14.649357 0.5961 0.5626 0.5771
v 4.326647 8.149946 -14.649356 0.5281 0.5050 0.5207
v 4.326647 8.109064 -14.604957 0.4112 0.3971 0.4056
v 4.326647 8.229946 -14.649356 0.5667 0.5387 0.5575
v 4.326647 8.189064 -14.604956 0.3533 0.3388 0.3443
v 4.326647 8.272456 -14.604956 0.4396 0.4277 0.4459
v 4.598745 8.272455 -14.534259 0.9453 0.8457 0.8699
v 3.919845 8.593227 -16.366709 0.4147 0.3770 0.3857
v 3.919845 9.359829 -16.366709 0.8277 0.7087 0.6897
v 2.607681 7.956330 -15.570402 0.4397 0.3417 0.3341
v 2.607681 8.116675 -15.570402 0.5397 0.4444 0.4351
v 2.727118 8.147018 -15.568947 0.5352 0.4517 0.4437
v 2.721124 8.108286 -15.634915 0.5586 0.4698 0.4636
v 2.818587 8.161803 -15.608073 0.5625 0.4746 0.4699
v 2.721124 7.956317 -15.634915 0.4347 0.3225 0.3109
v 2.824567 7.956316 -15.888406 0.4930 0.4398 0.4434
v 2.820459 8.097874 -15.704781 0.5122 0.4361 0.4347
v 2.820458 7.956321 -15.704744 0.4513 0.3881 0.3887
v 3.919845 7.946470 -16.110199 0.4740 0.4024 0.4025
v 4.004595 7.946470 -16.110161 0.4825 0.4291 0.4334
v 3.742620 7.925122 -15.254198 0.4215 0.3763 0.3712
v 3.240069 7.962800 -15.272953 0.4900 0.4152 0.4140
v 3.410280 7.925119 -15.250797 0.4511 0.3946 0.3946
v 3.546944 7.925121 -15.250799 0.4500 0.3960 0.3931
v 3.281865 8.406733 -15.250746 0.5613 0.4551 0.4501
v 3.726990 7.925122 -15.720198 0.5059 0.4452 0.4411
v 3.726990 7.925120 -16.110199 0.4541 0.3982 0.3972
v 3.742619 7.930460 -15.116195 0.2720 0.2003 0.1960
v 4.089350 7.930460 -15.116195 0.2287 0.1545 0.1474
v 3.742619 8.375460 -15.116195 0.2628 0.1825 0.1754
v 4.089350 8.375460 -15.116195 0.2384 0.1688 0.1651
v 3.258370 7.962800 -15.227221 0.4192 0.3355 0.3286
v 3.137908 8.382007 -15.168667 0.7214 0.5734 0.5597
v 3.137908 7.962800 -15.168667 0.5072 0.4096 0.4039
v 3.149541 7.962800 -15.104683 0.4343 0.3371 0.3319
v 3.136312 8.403980 -14.965303 0.6754 0.5909 0.5856
v 3.071004 7.962800 -15.080510 0.4588 0.3679 0.3655
v 2.824567 7.925120 -15.979315 0.5032 0.4324 0.4311
v 2.975578 7.925120 -15.499388 0.4816 0.4193 0.4172
v 2.975578 7.956326 -15.499388 0.5601 0.4613 0.4528
v 3.111944 7.925120 -15.363018 0.4611 0.3843 0.3807
v 2.824566 7.925120 -15.888415 0.4149 0.3703 0.3716
v 2.884669 7.925120 -15.681207 0.4491 0.4081 0.4098
v 2.884669 7.956324 -15.681207 0.5110 0.4521 0.4514
v 3.111941 7.956333 -15.363023 0.5539 0.4579 0.4503
v 3.240069 7.925119 -15.272953 0.4464 0.3866 0.3842
v 2.543761 9.155760 -15.983377 1.0184 0.8090 0.7946
v 2.927282 9.347876 -15.122967 0.9854 0.7902 0.7739
v 3.136087 9.442449 -14.963874 0.9340 0.7228 0.7092
v 2.735521 7.956330 -15.314720 0.5225 0.4159 0.4106
v 2.735522 9.250463 -15.314726 0.9968 0.8019 0.7896
v 3.136087 7.956330 -14.963874 0.1978 0.1457 0.1431
v 2.927280 7.956330 -15.122964 0.4884 0.3915 0.3877
v 2.607681 9.219221 -15.570402 1.0054 0.8102 0.7938
v 2.735521 8.215587 -15.314720 0.5469 0.4589 0.4506
v 2.727118 7.956328 -15.568947 0.5062 0.4030 0.3935
v 2.818587 7.956326 -15.608074 0.5098 0.4184 0.4132
v 2.543761 7.926190 -15.983377 0.4666 0.3935 0.3914
v 2.543757 7.926190 -16.242067 0.4316 0.3563 0.3524
v 3.070740 7.926208 -16.225569 0.4717 0.4290 0.4292
v 3.508239 7.926208 -16.225569 0.4708 0.4370 0.4400
v 2.851985 7.926190 -16.237801 0.4668 0.4208 0.4215
v 3.726989 7.926190 -16.223597 0.4280 0.4124 0.4165
v 2.543757 9.155759 -16.242067 0.9390 0.7441 0.7286
v 2.851985 9.155759 -16.237801 0.8964 0.7488 0.7396
v 3.070740 7.925120 -15.979314 0.5081 0.4599 0.4587
v 3.508239 7.925120 -15.979298 0.4723 0.4261 0.4274
v 3.726989 7.925121 -15.979298 0.4912 0.4424 0.4407
v 3.492809 7.925121 -15.711769 0.4967 0.4466 0.4461
v 3.122503 7.925120 -15.694203 0.5005 0.4232 0.4153
v 3.489155 7.925121 -15.497073 0.5083 0.4352 0.4313
v 3.159047 7.925121 -15.481335 0.5454 0.4528 0.4461
v 2.927280 8.312013 -15.122964 0.5608 0.4699 0.4610
v 2.927281 8.558750 -15.122966 0.7502 0.6940 0.6960
v 2.735521 8.558750 -15.314723 0.7558 0.6974 0.6972
v 2.543761 8.558750 -15.983377 0.7269 0.6735 0.6723
v 2.851985 8.560259 -16.237801 0.5092 0.4559 0.4567
v 2.607681 8.558750 -15.570402 0.7645 0.7102 0.7103
v 3.136200 8.558750 -14.964588 0.7657 0.6916 0.6858
v 2.543757 8.558750 -16.242067 0.6750 0.6095 0.6084
v 2.851986 9.062959 -16.237803 0.8465 0.7463 0.7420
v 3.919845 8.594557 -16.110199 0.4312 0.3822 0.3899
v 3.726990 8.594559 -16.110199 0.4160 0.3713 0.3729
v 3.572427 9.117644 -14.700379 0.7262 0.5737 0.5530
v 3.641057 9.117644 -14.512879 0.8244 0.5952 0.5533
v 3.641057 9.125457 -14.887879 0.7029 0.6046 0.5948
v 3.828557 9.117644 -14.444249 0.9329 0.6513 0.5939
v 3.820744 8.484829 -14.878945 0.8039 0.7131 0.7033
v 3.649991 8.484829 -14.708192 0.7142 0.5504 0.5310
v 3.828557 9.117639 -14.956510 0.7171 0.6312 0.6230
v 3.820744 8.484829 -14.537439 0.8715 0.6283 0.5715
v 3.991497 8.484829 -14.708192 0.8293 0.6636 0.6231
v 4.016057 9.117644 -14.512879 0.8151 0.5968 0.5537
v 4.016057 9.117644 -14.887879 0.7653 0.6412 0.6205
v 4.084686 9.125457 -14.700379 0.7926 0.6206 0.5861
v 3.572427 8.484829 -14.700378 0.7942 0.6192 0.6003
v 3.641057 8.484829 -14.512878 0.8574 0.6243 0.5894
v 3.641057 8.484829 -14.887878 0.7875 0.6578 0.6442
v 3.828557 8.484829 -14.444248 0.9104 0.6572 0.6064
v 3.828557 8.484829 -14.956508 0.8228 0.7040 0.6846
v 4.084686 8.484829 -14.700378 0.8922 0.7137 0.6717
v 4.016057 8.484829 -14.887878 0.8748 0.7172 0.6867
v 4.016057 8.484829 -14.512878 0.8788 0.6437 0.5984
v 3.820744 9.117644 -14.537439 0.8409 0.6155 0.5593
v 3.991497 9.117644 -14.708192 0.7440 0.6015 0.5712
v 3.945744 9.117644 -14.583192 0.7889 0.5813 0.5346
v 3.649991 9.117644 -14.708192 0.6504 0.5104 0.4964
v 3.695744 9.117644 -14.583192 0.7831 0.5559 0.5162
v 3.820744 9.117644 -14.878945 0.7180 0.6630 0.6617
v 3.945744 9.117644 -14.833192 0.7415 0.6438 0.6280
v 3.695744 9.117644 -14.833192 0.6778 0.6111 0.6092
v 3.945744 8.484829 -14.833192 0.8322 0.7084 0.6813
v 3.695744 8.484829 -14.833192 0.7397 0.6424 0.6407
v 3.945744 8.484829 -14.583192 0.8765 0.6515 0.5911
v 3.695744 8.484829 -14.583192 0.8248 0.5831 0.5444
v 3.617620 8.484833 -15.145693 0.8326 0.7079 0.6965
v 4.070745 8.484833 -15.145693 0.8989 0.7414 0.7108
v 3.371530 8.484829 -14.647446 0.7585 0.6129 0.5942
v 3.476255 8.484830 -15.147443 0.7996 0.6857 0.6785
v 4.258244 8.484830 -14.241196 0.7522 0.5454 0.4942
v 3.371785 8.484830 -14.241196 0.7825 0.5733 0.5283
v 3.815014 8.484830 -14.241196 0.9611 0.7205 0.6562
v 3.258370 8.409247 -15.227221 0.7719 0.6246 0.6126
v 3.149541 8.403979 -15.104681 0.7374 0.5983 0.5842
v 3.071004 8.382336 -15.080510 0.7132 0.5772 0.5655
v 4.326646 8.365973 -15.169431 0.7656 0.6985 0.7099
v 4.326646 8.484829 -15.169431 0.9313 0.7814 0.7534
v 3.742619 8.365973 -15.254196 0.3866 0.3336 0.3332
v 3.410279 8.365975 -15.250797 0.3930 0.3475 0.3496
v 3.546939 8.365973 -15.250796 0.4158 0.3662 0.3645
v 4.089349 8.365973 -15.254193 0.4160 0.3640 0.3630
v 4.241895 8.365973 -15.254193 0.4949 0.4413 0.4459
v 3.410279 8.484831 -15.250797 0.7372 0.5961 0.5866
v 3.546939 8.484830 -15.250796 0.7250 0.5748 0.5631
v 4.241895 8.484829 -15.254193 0.7609 0.6384 0.6182
v 4.366647 8.425401 -14.601112 0.6428 0.4936 0.4893
v 4.366647 8.425401 -14.853044 0.8493 0.7717 0.7953
v 4.366646 8.425401 -15.169431 0.8275 0.7380 0.7360
v 3.742619 8.425402 -15.294196 0.4336 0.3888 0.3868
v 4.089349 8.425402 -15.294193 0.5414 0.4698 0.4612
v 3.546939 8.425402 -15.290796 0.4989 0.4224 0.4163
v 3.410279 8.425404 -15.290797 0.5636 0.4549 0.4459
v 4.241895 8.425402 -15.294193 0.6086 0.5262 0.5191
v 3.919850 9.359829 -16.238436 0.9804 0.8375 0.8272
v 3.726990 9.077879 -16.238436 1.0042 0.9524 0.9557
v 2.851994 7.949645 -16.941767 0.4720 0.4564 0.4632
v 2.851994 7.926208 -16.941767 0.2059 0.2061 0.2092
v 2.851994 7.926208 -16.723017 0.2255 0.1704 0.1648
v 2.851994 7.949645 -16.723017 0.4586 0.4416 0.4481
v 3.070740 7.926208 -16.379265 0.4412 0.3829 0.3839
v 3.070744 7.949645 -16.379267 0.5045 0.4795 0.4864
v 3.070744 7.926208 -17.254267 0.3228 0.3108 0.3143
v 3.070744 7.949645 -17.254267 0.4814 0.4583 0.4593
v 3.508244 7.949645 -16.379267 0.5010 0.4475 0.4491
v 3.508239 7.926208 -16.379265 0.4021 0.3425 0.3420
v 3.726994 7.926208 -16.723017 0.3424 0.2530 0.2495
v 3.508244 7.926208 -17.254267 0.3333 0.3231 0.3260
v 3.726994 7.926208 -16.941767 0.1846 0.1774 0.1806
v 3.726994 7.949645 -16.941767 0.4366 0.4201 0.4259
v 3.508244 7.949645 -17.254267 0.4612 0.4430 0.4472
v 3.726994 7.949645 -16.723017 0.4481 0.4215 0.4258
v 2.961369 7.973083 -16.910517 0.5254 0.5057 0.5120
v 2.961369 7.949645 -16.910517 0.3758 0.3584 0.3641
v 2.961369 7.949645 -16.746454 0.4177 0.3857 0.3896
v 2.961369 7.973083 -16.746454 0.4912 0.4642 0.4701
v 3.125431 7.949645 -16.488642 0.4634 0.4041 0.4050
v 3.125431 7.973083 -16.488642 0.5111 0.4832 0.4860
v 3.125431 7.949646 -17.144892 0.3826 0.3767 0.3820
v 3.125431 7.973083 -17.144892 0.5249 0.5140 0.5208
v 3.453556 7.973083 -16.488642 0.4967 0.4768 0.4809
v 3.453556 7.949645 -16.488642 0.4280 0.3657 0.3636
v 3.617619 7.949645 -16.746454 0.3981 0.3625 0.3648
v 3.453556 7.949646 -17.144892 0.3822 0.3765 0.3816
v 3.617619 7.949645 -16.910517 0.3860 0.3772 0.3830
v 3.617619 7.973083 -16.910517 0.4860 0.4609 0.4660
v 3.453556 7.973083 -17.144892 0.5105 0.4992 0.5065
v 3.617619 7.973083 -16.746454 0.4856 0.4584 0.4618
v 3.047306 7.996520 -16.887079 0.5396 0.5175 0.5226
v 3.047306 7.973083 -16.887079 0.4241 0.4092 0.4143
v 3.047306 7.973083 -16.762079 0.4303 0.3958 0.3985
v 3.047306 7.996520 -16.762079 0.5252 0.5031 0.5073
v 3.164494 7.973083 -16.566767 0.4715 0.4179 0.4154
v 3.164494 7.996520 -16.566767 0.5057 0.4791 0.4840
v 3.164494 7.973083 -17.058954 0.4131 0.4120 0.4189
v 3.164494 7.996520 -17.058954 0.5386 0.5285 0.5361
v 3.414494 7.996520 -16.566767 0.5179 0.4915 0.4941
v 3.414494 7.973083 -16.566767 0.4436 0.3926 0.3924
v 3.539494 7.973083 -16.762079 0.4377 0.4053 0.4079
v 3.414494 7.973083 -17.058954 0.4135 0.4140 0.4216
v 3.539494 7.973083 -16.887079 0.4130 0.3977 0.4033
v 3.539494 7.996520 -16.887079 0.5354 0.5206 0.5286
v 3.414494 7.996520 -17.058954 0.5385 0.5291 0.5365
v 3.539494 7.996520 -16.762079 0.5102 0.4853 0.4895
v 2.851989 7.926189 -16.369894 0.4438 0.4233 0.4270
v 3.726989 7.926190 -16.377293 0.4372 0.4179 0.4222
v 2.851994 7.926190 -17.221294 0.4183 0.3813 0.3819
v 2.914494 7.926190 -17.280394 0.4186 0.3866 0.3879
v 3.726994 7.926190 -17.221294 0.4067 0.3814 0.3855
v 3.664494 7.926190 -17.280394 0.4086 0.3724 0.3758
v 2.914494 7.926190 -17.221294 0.4492 0.4240 0.4274
v 3.664494 7.926190 -17.221294 0.4276 0.3995 0.4033
v 2.914494 7.926208 -17.031052 0.3602 0.3526 0.3558
v 2.851989 8.593230 -16.369894 0.7067 0.6974 0.7020
v 2.851994 9.062959 -16.941767 0.5494 0.5644 0.5734
v 2.851994 9.062959 -16.723017 0.5722 0.5823 0.5910
v 3.726994 9.062959 -16.941767 0.5277 0.5487 0.5588
v 3.726994 9.062959 -16.723017 0.5609 0.5786 0.5896
v 2.851989 9.062959 -16.369894 0.6616 0.6571 0.6651
v 2.851994 9.062959 -17.221294 0.7506 0.5723 0.5645
v 2.914494 9.062959 -17.280394 0.7545 0.5754 0.5682
v 3.726994 9.062959 -17.221294 0.4839 0.5032 0.5130
v 3.664494 9.062959 -17.280394 0.5305 0.5564 0.5670
v 2.914494 9.062959 -17.221294 0.5586 0.5327 0.5380
v 3.664494 9.062959 -17.221294 0.5369 0.5571 0.5674
v 3.664494 8.593230 -17.221294 0.6089 0.6195 0.6284
v 3.664494 8.593230 -17.280394 0.5862 0.5948 0.6047
v 3.726994 8.593230 -17.221294 0.5655 0.5761 0.5861
v 2.914494 8.593230 -17.280394 0.5785 0.5874 0.5937
v 2.914494 8.593230 -17.221294 0.6092 0.6188 0.6278
v 2.851994 8.593230 -17.221294 0.5795 0.5867 0.5939
v 2.851994 8.593230 -16.723017 0.6407 0.6377 0.6445
v 2.851994 8.593230 -16.941767 0.6242 0.6368 0.6438
v 3.726994 8.593230 -16.723017 0.6256 0.6293 0.6371
v 3.726994 8.593230 -16.941767 0.6038 0.6155 0.6263
v 3.726989 8.593229 -16.377293 0.6735 0.6657 0.6751
v 3.726989 9.062959 -16.377293 0.6794 0.6882 0.6982
v 3.726990 9.937959 -16.238436 0.9300 0.7552 0.7394
v 3.919850 8.656706 -16.238436 0.9504 0.8387 0.8284
v 3.919845 8.656556 -16.366709 0.7214 0.5995 0.5763
v 3.133248 8.656708 -15.458200 0.7628 0.6490 0.6420
v 2.851997 8.656709 -15.739440 0.7466 0.6271 0.6196
v 2.851997 8.656709 -16.239403 0.6396 0.5438 0.5404
v 3.726990 8.656709 -16.239403 0.7977 0.7348 0.7344
v 3.617620 8.656707 -15.458193 0.9144 0.8269 0.8223
v 4.633251 8.781708 -15.424084 1.0162 0.8301 0.7967
v 4.883251 8.781708 -15.424084 1.0772 0.8963 0.8514
v 4.258245 8.781708 -15.422338 0.9187 0.7710 0.7491
v 4.258240 8.776114 -16.362696 0.8792 0.7575 0.7432
v 4.070740 8.656709 -16.239403 0.9024 0.7894 0.7797
v 4.070745 8.656713 -15.708193 0.9248 0.8021 0.7921
v 4.070745 8.656707 -15.458193 0.7935 0.6724 0.6521
v 3.726990 8.594559 -16.239403 0.4493 0.4300 0.4333
v 2.851997 8.594559 -16.239403 0.6986 0.5471 0.5427
v 2.851997 8.594559 -15.739440 0.5307 0.4500 0.4443
v 3.133248 8.594557 -15.458200 0.5842 0.4885 0.4806
v 3.617620 8.594557 -15.458193 0.2922 0.2492 0.2480
v 4.068231 8.593450 -16.364870 0.4348 0.3884 0.3943
v 4.070745 8.594563 -15.708193 0.5719 0.4927 0.4927
v 4.070745 8.594557 -15.458193 0.2291 0.2006 0.1955
v 5.486090 8.637168 -15.422345 0.7519 0.7170 0.7343
v 4.633251 8.637169 -15.424084 0.8472 0.7237 0.7228
v 4.883251 8.637169 -15.424083 0.8977 0.7822 0.7854
v 4.258245 8.637169 -15.422338 0.7575 0.6591 0.6520
v 4.258245 8.637171 -15.735664 0.5330 0.4561 0.4538
v 3.742620 8.484828 -15.254196 0.3374 0.3032 0.3056
v 4.089349 8.484829 -15.254193 0.7262 0.6144 0.5940
v 3.617649 8.484829 -15.252025 0.6134 0.4808 0.4749
v 4.091630 8.484832 -15.088900 0.9148 0.7695 0.7440
v 4.326650 8.484830 -14.241196 0.8463 0.6444 0.6322
v 4.633253 8.781721 -16.358374 0.8818 0.7598 0.7308
v 4.860576 8.787292 -16.354053 0.8905 0.7687 0.7327
v 5.361670 8.991509 -15.952413 0.9966 0.8878 0.8505
v 4.070741 9.359829 -16.364681 0.9402 0.8076 0.7916
v 4.070740 8.656709 -16.364704 0.8671 0.7737 0.7670
v 5.396527 8.781709 -15.813956 0.9622 0.8051 0.7417
v 4.875506 8.783615 -15.765336 0.3883 0.3542 0.3585
v 4.258243 8.780167 -15.707451 0.8999 0.7635 0.7478
v 4.633251 8.781712 -15.742590 0.3711 0.3422 0.3467
v 4.628445 8.149946 -14.321892 0.9830 0.8222 0.8318
v 4.258245 9.187958 -14.633975 0.7970 0.6471 0.6038
v 4.258245 9.117640 -14.633975 0.5155 0.4250 0.4023
v 4.258245 9.187960 -14.220201 0.4571 0.3847 0.3771
v 5.008245 8.855970 -14.633975 0.9287 0.7739 0.7932
v 5.008245 8.922333 -14.633975 1.1064 0.8289 0.7351
v 5.133245 8.781707 -15.428699 0.9774 0.8075 0.7555
v 5.133245 8.855970 -15.084949 0.8829 0.8190 0.8287
v 5.133240 8.917372 -15.087100 1.0529 0.8809 0.8208
v 5.484128 8.991509 -15.115129 1.0854 0.8724 0.7838
v 5.483980 8.844207 -15.084949 0.7753 0.7144 0.7334
v 5.486763 8.991509 -15.451640 1.0587 0.8729 0.7926
v 5.008245 8.918091 -15.087100 1.0898 0.9093 0.8543
v 5.008245 8.855970 -15.087100 0.8996 0.8199 0.8181
v 5.008245 8.855970 -14.220201 0.9698 0.7801 0.7900
v 5.008245 8.925903 -14.220201 0.9280 0.7412 0.6587
v 5.483980 8.851796 -14.220201 0.8107 0.6484 0.6563
v 5.483980 8.991509 -14.363442 0.9405 0.7548 0.6875
v 5.133240 8.855970 -14.220201 0.9221 0.7311 0.7400
v 5.133240 8.925184 -14.220201 0.9250 0.7341 0.6510
v 5.133243 8.855970 -14.634001 0.9259 0.7840 0.8041
v 5.483980 8.991509 -14.635294 1.0351 0.8076 0.7243
v 5.133240 8.921279 -14.634001 1.1589 0.8584 0.7569
v 5.483980 8.848002 -14.634001 0.9303 0.7405 0.7506
v 4.258245 9.187956 -15.116198 0.9682 0.7829 0.7326
v 3.371530 9.187957 -14.647448 0.2204 0.1691 0.1681
v 3.571593 9.277166 -15.082464 0.7463 0.5204 0.4808
v 3.371785 9.187957 -14.220201 0.7655 0.5618 0.5129
v 3.815015 9.187957 -14.220200 0.5742 0.4666 0.4240
v 3.814887 9.187957 -14.647420 1.3073 0.8863 0.8212
v 4.089350 9.277081 -15.082267 1.0514 0.7480 0.6966
v 4.258244 8.484829 -14.647389 0.8775 0.6972 0.6548
v 4.326646 8.484828 -15.088900 0.8116 0.7263 0.7228
v 4.258225 8.484829 -15.088900 0.9042 0.7614 0.7355
v 4.326650 8.484829 -14.647389 0.6462 0.5762 0.5849
v 4.942454 8.883133 -14.633975 0.9363 0.7558 0.7441
v 4.942356 8.945668 -14.633975 1.0913 0.8595 0.7809
v 4.258245 9.117640 -15.116198 0.8404 0.7035 0.6697
v 3.476256 9.117640 -15.116200 0.6169 0.5273 0.5246
v 4.089350 9.117640 -15.116195 0.6479 0.5578 0.5447
v 4.598747 8.998840 -14.220242 0.7559 0.5947 0.6005
v 5.396527 9.937960 -15.813955 1.0237 0.7987 0.7132
v 5.483980 9.937960 -15.084661 0.9630 0.7806 0.6782
v 5.486090 9.937960 -15.459949 0.9474 0.7548 0.6572
v 5.008245 9.937960 -14.220201 0.9914 0.7843 0.7091
v 5.133240 9.937960 -14.220201 0.9706 0.7631 0.6864
v 5.483980 9.937960 -14.634001 0.9759 0.7854 0.7141
v 4.258245 9.937960 -14.220201 1.0163 0.7857 0.7424
v 3.815015 9.937960 -14.220201 0.9925 0.7864 0.7494
v 3.815015 9.562959 -14.220201 1.1134 0.8623 0.8244
v 3.571612 9.535421 -14.975231 0.9797 0.6793 0.6322
v 5.361670 9.418894 -15.952413 1.0410 0.8887 0.8226
v 5.133240 9.431572 -14.220201 1.0613 0.8487 0.7566
v 5.008245 9.431931 -14.220201 1.0762 0.8501 0.7626
v 4.258245 9.562959 -14.220201 1.1190 0.8584 0.8089
v 5.483980 9.418894 -14.363442 1.0157 0.8142 0.7365
v 4.633248 9.937959 -16.358299 0.8640 0.7588 0.7367
v 5.326700 9.937960 -16.091320 0.9930 0.7863 0.7306
v 4.860576 9.937960 -16.354052 1.0173 0.7944 0.7454
v 4.258241 9.937960 -16.362654 0.8914 0.7380 0.7226
v 3.919845 9.937960 -16.366709 0.8572 0.6974 0.6765
v 3.919850 9.937960 -16.238434 0.9119 0.7312 0.7124
v 4.070741 9.937960 -16.364681 0.8988 0.7464 0.7345
v 4.598747 9.000936 -14.534257 0.8178 0.6780 0.6678
v 4.534515 9.022950 -14.598489 0.7539 0.6407 0.6282
v 4.258244 8.484829 -14.601100 0.6548 0.5150 0.4882
v 4.448873 9.052303 -14.619900 0.7410 0.6423 0.6277
v 4.328742 9.093477 -14.619900 0.7260 0.6410 0.6304
v 4.394455 9.070954 -14.619900 0.7447 0.6511 0.6354
v 5.483980 8.923530 -14.220201 0.8388 0.6621 0.5934
v 5.483980 9.430744 -14.220201 0.9841 0.7935 0.7181
v 5.483980 8.919624 -14.634001 0.9458 0.7576 0.6667
v 5.396527 9.823948 -15.813955 1.0712 0.8330 0.7484
v 5.486090 9.823948 -15.459949 1.0987 0.8842 0.7752
v 5.483980 9.823948 -15.087100 1.0958 0.8879 0.7817
v 5.483980 9.823948 -14.634001 1.0169 0.8210 0.7394
v 5.326700 8.781709 -16.091320 0.9148 0.7882 0.7453
v 5.483980 9.823948 -14.363442 0.9565 0.7775 0.7136
v 5.397034 8.991509 -15.814072 1.0100 0.8765 0.8318
v 5.326700 9.359835 -16.091320 1.0200 0.8760 0.8215
v 5.483980 8.915717 -15.087100 1.0452 0.8372 0.7549
v 5.486090 8.781707 -15.424092 0.9203 0.7571 0.7072
v 5.528828 9.823948 -15.459949 1.0799 0.8671 0.7566
v 5.361670 9.823948 -15.952413 1.0754 0.8467 0.7732
v 5.528828 9.418894 -15.459949 1.2085 0.9754 0.8467
v 5.526718 9.418894 -15.087100 1.1833 0.9754 0.8472
v 5.526718 9.418894 -14.634001 1.1078 0.9075 0.7958
v 5.439772 8.991509 -15.814072 0.9883 0.8135 0.7315
v 5.439265 9.418894 -15.813956 1.1115 0.9494 0.8375
v 5.439265 9.823948 -15.813955 1.0677 0.8429 0.7475
v 5.526718 9.823948 -15.087100 1.0743 0.8779 0.7727
v 5.526718 9.823948 -14.634001 1.0053 0.8162 0.7292
v 5.526718 9.418894 -14.363442 1.0144 0.8225 0.7322
v 5.526718 9.823948 -14.363442 0.9223 0.7464 0.6829
v 5.404408 9.418894 -15.952413 1.0641 0.8925 0.7959
v 5.526718 8.991509 -14.635294 0.9491 0.7647 0.6735
v 5.526865 8.991509 -15.115129 1.0549 0.8266 0.7176
v 5.529501 8.991509 -15.451640 1.0472 0.8269 0.7234
v 5.404408 9.823948 -15.952413 0.9854 0.7799 0.7007
v 5.526718 8.991509 -14.363442 0.8637 0.6907 0.6159
v 5.404408 8.991509 -15.952413 0.9350 0.7652 0.6810
v 3.814881 9.276875 -15.081727 1.0058 0.6964 0.6410
v 3.814872 9.117640 -15.116199 0.6389 0.5631 0.5554
v 4.258245 9.937960 -14.831779 0.9636 0.7612 0.7085
v 4.089350 9.937959 -14.831776 0.9773 0.7612 0.7193
v 3.814881 9.937961 -14.831780 0.9413 0.7281 0.6920
v 4.258245 9.561513 -14.973994 1.1548 0.9078 0.8514
v 3.814881 9.187957 -15.116199 0.5387 0.3644 0.3341
v 4.089350 9.187955 -15.116195 0.5735 0.3892 0.3594
v 3.476256 9.187957 -15.116200 0.5274 0.4155 0.4094
v 4.162879 9.277081 -15.082268 1.0653 0.7729 0.7259
v 3.476256 9.534947 -14.973990 0.6491 0.4639 0.4541
v 4.162879 9.561512 -14.973992 1.1611 0.8459 0.7936
v 3.571599 9.848812 -14.865678 0.9002 0.7059 0.6767
v 4.162879 9.848748 -14.865480 1.0304 0.8315 0.8011
v 3.814882 9.848558 -14.864978 0.9926 0.7943 0.7567
v 4.089350 9.848747 -14.865479 1.0171 0.8221 0.7942
v 4.163272 9.571406 -15.000133 1.0428 0.7239 0.6575
v 4.163272 9.858643 -14.891621 0.8065 0.5386 0.4872
v 3.815275 9.858453 -14.891118 0.9014 0.6510 0.5946
v 4.089743 9.858642 -14.891619 0.9637 0.6894 0.6410
v 3.815274 9.571416 -15.000133 1.1570 0.8494 0.7553
v 4.089743 9.571409 -15.000130 1.1428 0.8264 0.7713
v 4.089743 9.286975 -15.108407 1.0965 0.7844 0.7315
v 3.571991 9.858706 -14.891818 0.8471 0.5959 0.5387
v 4.163272 9.286975 -15.108408 0.9424 0.6429 0.5891
v 3.815274 9.286769 -15.107867 1.0499 0.7464 0.6893
v 3.572005 9.545316 -15.001371 1.0179 0.7430 0.6877
v 3.571986 9.287060 -15.108604 0.9393 0.6789 0.6309
v 4.258245 9.117640 -15.196198 0.9915 0.8359 0.7999
v 3.476256 9.117640 -15.196200 0.8211 0.6837 0.6758
v 4.089350 9.117640 -15.196195 0.8644 0.7493 0.7360
v 3.476256 9.937959 -14.911783 0.7611 0.6411 0.6361
v 3.814872 9.117640 -15.196199 0.8799 0.7797 0.7694
v 4.258245 9.937960 -14.911779 0.9901 0.7997 0.7411
v 4.089350 9.937959 -14.911776 0.9534 0.8026 0.7866
v 3.814881 9.937961 -14.911780 0.8700 0.6812 0.6544
v 2.460654 8.953131 -15.629740 1.0086 0.6532 0.6265
v 2.460654 10.112198 -15.629740 0.7608 0.6743 0.6732
v 2.460654 9.798367 -15.366012 0.8269 0.7088 0.7015
v 2.460654 9.953004 -15.629740 0.8223 0.7280 0.7210
v 2.460654 9.713059 -15.437835 0.8513 0.7301 0.7233
v 2.460654 9.775784 -15.629740 0.8472 0.7219 0.7144
v 2.460654 9.639149 -15.508116 0.8623 0.7254 0.7176
v 2.460654 9.618252 -15.629740 0.8766 0.7346 0.7237
v 2.460654 9.482691 -15.629740 0.9180 0.7612 0.7458
v 2.460654 9.557183 -15.572822 0.8958 0.7456 0.7356
v 2.460654 9.311916 -15.629740 0.9285 0.7599 0.7486
v 2.460654 9.130200 -15.629740 0.9078 0.6329 0.6154
v 2.460654 9.459801 -15.512258 0.9000 0.7437 0.7338
v 2.460654 9.363976 -15.434459 0.9192 0.7672 0.7592
v 2.460654 9.277453 -15.356319 0.8598 0.6573 0.6388
v 2.460654 9.100101 -15.089392 0.8461 0.5894 0.5736
v 2.460654 9.364144 -15.293544 0.8943 0.7350 0.7247
v 2.460654 9.444429 -15.356501 0.8937 0.7463 0.7371
v 2.460654 9.530722 -15.288181 0.8701 0.7272 0.7135
v 2.460654 9.644962 -15.373537 0.8534 0.7158 0.7049
v 2.460654 9.549646 -15.439936 0.8926 0.7477 0.7378
v 2.460654 9.991694 -15.089392 0.7730 0.6764 0.6737
v 2.460654 9.715932 -15.310225 0.8325 0.7121 0.7064
v 2.460654 9.607280 -15.223064 0.8538 0.7211 0.7091
v 2.530345 10.145667 -14.950008 0.6650 0.5903 0.5899
v 2.530345 10.145667 -15.089392 0.6505 0.5783 0.5785
v 2.390962 10.145667 -15.089392 0.5026 0.4624 0.4670
v 2.530345 8.953131 -14.950008 0.8846 0.6347 0.6233
v 2.390962 8.953131 -15.089392 0.7714 0.6201 0.6179
v 2.530345 8.953131 -15.089392 0.8777 0.6342 0.6219
v 2.460654 10.145667 -15.089392 0.6899 0.5943 0.5922
v 2.460654 8.953131 -15.089392 0.9050 0.6208 0.6041
v 2.460654 9.285513 -15.089392 0.8091 0.6136 0.6025
v 2.460654 9.443877 -15.217776 0.8761 0.7266 0.7136
v 2.460654 9.785046 -15.089392 0.7976 0.6927 0.6852
v 2.460654 9.610009 -15.089392 0.8560 0.7215 0.7123
v 2.460654 9.439618 -15.089392 0.8554 0.7107 0.7009
v 2.460654 9.524504 -15.156248 0.8578 0.7144 0.7047
v 2.460654 9.798367 -15.893468 0.8507 0.7307 0.7254
v 2.460654 9.713060 -15.821644 0.8790 0.7486 0.7404
v 2.460654 9.639149 -15.751364 0.8950 0.7605 0.7519
v 2.460654 9.557183 -15.686657 0.8936 0.7424 0.7284
v 2.460654 9.459801 -15.747221 0.9353 0.7793 0.7672
v 2.460654 9.363976 -15.825020 0.9637 0.8014 0.7893
v 2.460654 9.277453 -15.903160 0.9774 0.7888 0.7741
v 2.460654 9.100101 -16.170088 0.9015 0.5927 0.5701
v 2.460654 9.364144 -15.965936 0.9441 0.7672 0.7571
v 2.460654 9.444429 -15.902979 0.9259 0.7498 0.7380
v 2.460654 9.530722 -15.971298 0.9088 0.7503 0.7408
v 2.460654 9.644962 -15.885942 0.8798 0.7394 0.7325
v 2.460654 9.549646 -15.819543 0.9114 0.7542 0.7338
v 4.830223 8.780167 -15.423523 1.0298 0.8766 0.8580
v 2.460654 9.715932 -15.949254 0.8742 0.7394 0.7319
v 2.460654 9.607280 -16.036415 0.9013 0.7596 0.7492
v 2.530345 10.145667 -16.309471 0.7190 0.5946 0.5901
v 2.530345 10.145667 -16.170088 0.6789 0.6026 0.6024
v 2.390962 10.145667 -16.170088 0.5818 0.5462 0.5498
v 2.530345 8.953131 -16.309471 0.7872 0.6015 0.5954
v 2.390962 8.953131 -16.170088 0.7904 0.6363 0.6353
v 2.530345 8.953131 -16.170088 0.8004 0.5851 0.5747
v 4.960402 8.780167 -15.880180 0.5977 0.4859 0.4854
v 2.460654 8.953131 -16.170088 0.7729 0.5682 0.5592
v 2.460654 9.285513 -16.170088 0.9134 0.7709 0.7607
v 2.460654 9.443877 -16.041702 0.9261 0.7568 0.7438
v 2.460654 9.785046 -16.170088 0.7931 0.6898 0.6781
v 2.460654 9.610009 -16.170088 0.8356 0.7187 0.7152
v 2.460654 9.439618 -16.170088 0.8683 0.7346 0.7256
v 2.460654 9.524504 -16.103231 0.9084 0.7537 0.7426
v 5.013524 8.780167 -15.602003 0.5548 0.4966 0.5014
v 5.013524 8.852757 -15.602003 1.0975 0.9453 0.8804
v 4.960402 8.852758 -15.880180 0.9667 0.8665 0.8267
v 4.830223 8.852757 -15.423523 1.0870 0.8975 0.8542
v 5.029562 8.852758 -15.741362 1.0357 0.9175 0.8626
v 4.606154 8.852758 -15.854814 0.8696 0.7594 0.7449
v 4.719606 8.852758 -15.920315 0.8610 0.7584 0.7353
v 4.734665 8.852758 -15.490812 1.0368 0.8240 0.7733
v 4.919899 8.852758 -15.540445 1.0897 0.9094 0.8334
v 4.599064 8.852758 -15.725678 0.8524 0.7333 0.7236
v 4.599064 8.852757 -15.626412 0.9083 0.7543 0.7384
v 4.648697 8.852758 -15.540445 0.9670 0.7823 0.7506
v 4.833931 8.852758 -15.861279 0.8494 0.7657 0.7408
v 4.734665 8.852758 -15.861279 0.8182 0.7238 0.7062
v 4.648697 8.852757 -15.811646 0.8156 0.7164 0.7049
v 4.850609 8.852758 -15.920315 0.8858 0.7818 0.7551
v 4.969532 8.852758 -15.725678 1.0173 0.8947 0.8305
v 4.606154 8.852758 -15.496908 0.9859 0.8056 0.7748
v 4.540653 8.852757 -15.610360 0.9317 0.7789 0.7583
v 4.540653 8.852758 -15.741362 0.9045 0.7766 0.7620
v 4.734665 9.937960 -15.490812 0.9972 0.7859 0.7365
v 4.599064 9.937960 -15.725678 0.8737 0.8133 0.8097
v 4.648697 9.937960 -15.811646 0.8344 0.7796 0.7803
v 4.599064 9.937960 -15.626412 0.8965 0.8064 0.7991
v 4.919899 9.937960 -15.540445 0.9843 0.7836 0.6749
v 4.648670 9.937960 -15.540493 1.0259 0.8158 0.7900
v 4.734665 9.937960 -15.861279 0.8025 0.7262 0.7155
v 4.833931 9.937960 -15.861279 0.9163 0.7255 0.6859
v 4.969532 9.937960 -15.725678 0.9704 0.7452 0.6524
v 4.964060 8.852758 -15.496908 1.1171 0.9377 0.8754
v 4.818484 8.852758 -15.484838 1.0787 0.8686 0.8061
v 4.818484 9.937960 -15.484838 0.9718 0.7652 0.6906
v 4.917127 8.852757 -15.830867 0.9357 0.8435 0.8052
v 4.917127 9.937960 -15.830867 0.9583 0.7127 0.6417
v 4.976339 9.937960 -15.617349 0.9885 0.7867 0.6721
v 4.719606 8.852757 -15.431407 1.0299 0.8356 0.7955
v 4.957379 8.852757 -15.620080 1.0651 0.9112 0.8410
v 3.373964 9.937960 -14.659066 0.7168 0.6322 0.6355
v 3.476256 9.937959 -14.831783 0.7145 0.5067 0.4759
v 3.675395 9.937960 -14.505915 1.0161 0.8174 0.7822
v 3.371614 9.937960 -14.505915 0.8813 0.7105 0.6857
v 3.373960 9.937960 -14.220201 0.7793 0.6172 0.5907
v 3.675395 9.937960 -14.220201 0.9289 0.7499 0.7176
v 3.976825 9.937960 -16.220201 0.8454 0.7484 0.7345
v 3.675387 9.937960 -16.220201 0.8733 0.7502 0.7440
v 3.675395 9.937960 -14.791629 0.9393 0.6774 0.6291
v 3.976830 9.937960 -14.505916 1.0696 0.8332 0.7954
v 3.976825 9.937960 -14.220201 0.9931 0.7712 0.7361
v 5.098047 9.937960 -16.220201 1.0127 0.7951 0.7452
v 5.366183 9.937960 -15.934486 1.0458 0.8214 0.7521
v 5.182549 9.937960 -16.172571 1.0075 0.7961 0.7345
v 4.881118 9.937960 -16.220201 1.1125 0.8584 0.8136
v 5.182549 9.937960 -15.934486 1.1110 0.8666 0.7918
v 5.438318 9.937960 -15.648772 1.0767 0.8588 0.7613
v 5.182549 9.937960 -14.505915 1.0352 0.8237 0.7302
v 5.483980 9.937960 -14.791629 1.0346 0.8366 0.7335
v 5.182549 9.937960 -14.220201 0.9466 0.7470 0.6716
v 5.483980 9.937960 -14.505915 0.9767 0.7857 0.7015
v 5.483980 9.937960 -14.220201 0.8839 0.7046 0.6444
v 3.675390 9.937959 -15.363059 1.0366 0.7977 0.7662
v 4.278256 9.937959 -16.220201 0.9405 0.8893 0.8880
v 4.579687 9.937960 -16.220201 0.8985 0.8363 0.8235
v 5.182549 9.937960 -15.648772 1.1396 0.8915 0.7859
v 5.182549 9.937960 -15.363058 1.1575 0.9274 0.8121
v 5.483980 9.937960 -15.363058 1.0330 0.8243 0.7196
v 4.278260 9.937960 -14.505916 1.0651 0.8241 0.7777
v 4.579690 9.937960 -14.505902 1.0496 0.8152 0.7636
v 5.182549 9.937960 -15.077344 1.1434 0.9248 0.8143
v 4.278256 9.937960 -14.220201 1.0060 0.7738 0.7275
v 4.881120 9.937960 -14.505916 1.0473 0.8272 0.7560
v 4.881118 9.937960 -14.220201 0.9802 0.7739 0.7131
v 4.579687 9.937960 -14.220201 0.9932 0.7715 0.7158
v 5.182549 9.937960 -14.791629 1.0887 0.8748 0.7714
v 4.881120 9.937960 -15.934486 1.1218 0.8680 0.8113
v 4.881120 9.937960 -15.648772 0.9245 0.6579 0.6437
v 4.881120 9.937960 -15.363058 1.1376 0.8918 0.8118
v 4.881120 9.937960 -15.077344 1.1177 0.8911 0.8140
v 4.881120 9.937960 -14.791629 1.0951 0.8683 0.7965
v 4.579690 9.937960 -15.934486 0.9172 0.8527 0.8427
v 4.579690 9.937960 -15.648772 0.9178 0.8392 0.8347
v 4.579690 9.937960 -15.363058 1.1521 0.9122 0.8674
v 4.579690 9.937960 -15.077344 1.1358 0.9045 0.8532
v 4.579690 9.937960 -14.791629 1.1072 0.8762 0.8213
v 4.278260 9.937960 -15.934486 0.8659 0.7606 0.7482
v 4.278260 9.937960 -15.648772 0.9048 0.7935 0.7723
v 4.278260 9.937960 -15.363058 1.0925 0.8299 0.7871
v 4.278260 9.937960 -15.077344 1.1231 0.9174 0.8880
v 4.278260 9.937960 -14.791629 1.1148 0.8673 0.8133
v 3.976830 9.937960 -15.934486 0.8757 0.7698 0.7579
v 3.976830 9.937960 -15.648772 0.9022 0.7845 0.7664
v 3.976830 9.937960 -15.363058 1.0701 0.8161 0.7782
v 3.976830 9.937960 -15.077344 1.0197 0.7841 0.7445
v 3.976830 9.937960 -14.791629 1.0811 0.8587 0.8239
v 3.675395 9.937960 -15.077343 0.9765 0.7545 0.7236
v 3.976825 9.937960 -16.358299 0.7709 0.6516 0.6339
v 4.881118 9.937960 -16.358299 0.7885 0.4556 0.4242
v 4.278256 9.937960 -16.358299 0.8923 0.8263 0.8220
v 4.579687 9.937960 -16.358299 0.8595 0.7818 0.7677
v 3.675391 9.937960 -15.934486 0.8924 0.7863 0.7776
v 3.675391 9.937960 -15.648772 1.0659 0.8272 0.8042
v 3.373959 9.937959 -15.363059 0.9768 0.7698 0.7534
v 3.373956 9.937960 -16.220201 0.9956 0.7729 0.7597
v 3.373963 9.937960 -15.077343 0.8939 0.7115 0.6976
v 3.373960 9.937960 -15.934486 1.0183 0.7919 0.7744
v 3.373960 9.937960 -15.648772 1.0121 0.7933 0.7739
v 3.586370 9.187957 -14.755065 0.4973 0.3121 0.2838
v 3.586370 9.187957 -14.514624 0.4099 0.3172 0.3036
v 3.695745 9.258270 -14.591002 1.3180 0.8869 0.8098
v 3.586370 9.414519 -14.514624 0.7717 0.6335 0.6112
v 3.586370 9.414519 -14.755065 0.8260 0.5868 0.5486
v 3.695745 9.352019 -14.684752 1.2798 0.8940 0.8149
v 3.664495 9.414519 -14.514624 1.0383 0.7827 0.7418
v 3.664495 9.187957 -14.514624 0.9072 0.6534 0.6082
v 3.664495 9.187957 -14.755065 0.8897 0.6263 0.5709
v 3.664495 9.414519 -14.755065 1.1207 0.8156 0.7440
v 3.695745 9.258269 -14.684752 1.2744 0.8801 0.8073
v 3.695745 9.352019 -14.591002 1.3194 0.9040 0.8268
v 3.664495 9.362436 -14.695169 1.2847 0.9050 0.8288
v 3.664495 9.362436 -14.580586 1.2127 0.8494 0.7902
v 3.664495 9.247852 -14.695169 1.1744 0.8179 0.7317
v 3.664495 9.247853 -14.580586 1.2489 0.8354 0.7740
v 4.240877 8.086395 -15.084948 0.2081 0.0946 0.0830
v 3.652622 8.594558 -15.708210 0.4481 0.4013 0.4037
v 4.069207 8.593882 -16.109970 0.4447 0.4088 0.4150
v 2.851997 8.594559 -16.110231 0.5391 0.4572 0.4514
v 3.371530 9.937959 -14.647449 0.8257 0.6983 0.6737
v 3.371785 9.937960 -14.220201 0.7565 0.5932 0.5665
v 3.371785 9.562959 -14.220201 0.8896 0.6643 0.6173
v 3.371530 9.562958 -14.647448 0.9774 0.7638 0.7252
v 5.029562 8.780167 -15.741362 0.6074 0.5258 0.5290
v 4.606154 8.780167 -15.854814 0.6289 0.5450 0.5397
v 4.719606 8.780167 -15.920315 0.4901 0.3767 0.3737
v 4.850609 8.780167 -15.920315 0.5596 0.4385 0.4360
v 4.606154 8.780167 -15.496908 0.2376 0.1818 0.1808
v 4.540653 8.780167 -15.610360 0.2188 0.1638 0.1622
v 4.540653 8.780167 -15.741362 0.6372 0.5485 0.5455
v 4.964060 8.780167 -15.496908 0.4441 0.3891 0.3923
v 4.719606 8.780167 -15.431407 0.2743 0.2130 0.2121
vn -0.0000 1.0000 -0.0000
vn -0.0000 0.9999 -0.0129
vn -0.0000 0.9999 -0.0126
vn -0.1165 -0.0000 0.9932
vn -1.0000 -0.0000 -0.0000
vn 0.9788 -0.0000 0.2050
vn 0.9947 -0.0000 0.1027
vn -0.0000 -0.0000 -1.0000
vn 1.0000 -0.0000 -0.0006
vn -0.0000 -1.0000 -0.0000
vn -0.0000 -0.9998 0.0223
vn -0.0000 -0.9997 0.0229
vn -0.0000 -0.9487 0.3162
vn -0.0000 -0.0000 1.0000
vn -0.9487 -0.0000 0.3162
vn -0.0000 0.9487 0.3162
vn -0.0141 0.0004 0.9999
vn -0.0135 0.0042 0.9999
vn -0.0135 0.0044 0.9999
vn -0.0133 -0.0004 0.9999
vn -0.0125 -0.0009 0.9999
vn -0.0128 -0.0003 0.9999
vn -0.0144 0.0001 0.9999
vn -0.9996 0.0270 -0.0000
vn -1.0000 -0.0027 -0.0019
vn -0.9993 0.0375 -0.0022
vn -0.9983 0.0585 -0.0000
vn -1.0000 -0.0028 -0.0037
vn -1.0000 -0.0041 -0.0034
vn -1.0000 -0.0072 -0.0039
vn -0.9228 -0.3851 -0.0037
vn -0.9244 -0.3815 -0.0054
vn -1.0000 -0.0019 -0.0053
vn -1.0000 -0.0039 -0.0044
vn -1.0000 -0.0000 -0.0089
vn -1.0000 -0.0007 -0.0070
vn -1.0000 -0.0008 -0.0065
vn -0.0152 0.0173 0.9997
vn -0.0150 0.0165 0.9998
vn -0.0174 0.0264 0.9995
vn -0.2416 0.3761 0.8945
vn -0.2603 -0.0005 0.9655
vn -0.0140 -0.0010 0.9999
vn -0.0125 0.3801 0.9248
vn -1.0000 -0.0016 -0.0075
vn -0.0114 -0.0010 0.9999
vn -0.9652 -0.0064 0.2613
vn -0.9656 -0.0077 0.2599
vn -0.8953 -0.3615 0.2602
vn -0.9695 -0.0000 0.2451
vn -0.6992 -0.0025 0.7149
vn -0.7002 -0.0025 0.7139
vn -0.5493 -0.6423 0.5345
vn -0.4656 0.7422 0.4821
vn -0.4659 0.7422 0.4817
vn -0.1786 0.7284 0.6615
vn -0.0088 0.7071 0.7070
vn -0.0101 0.7072 0.7070
vn -0.0092 0.7044 0.7098
vn -0.7104 -0.7037 -0.0046
vn -0.6761 -0.7094 0.1990
vn -0.7071 -0.7071 -0.0047
vn -0.7071 -0.7071 -0.0037
vn -0.4954 -0.6984 0.5165
vn -0.6593 0.7300 0.1801
vn -0.6589 0.7300 0.1812
vn -0.7071 0.7071 -0.0037
vn -0.7105 0.7037 -0.0046
vn -0.7071 0.7071 -0.0047
vn -0.0092 -0.7044 0.7098
vn -0.1915 -0.7076 0.6802
vn -0.1932 -0.7075 0.6797
vn -0.0087 -0.7071 0.7071
vn -0.0101 -0.7071 0.7070
vn 1.0000 -0.0000 -0.0000
vn -0.0002 -0.0001 1.0000
vn 0.3162 -0.9487 -0.0000
vn 0.3162 0.9487 -0.0000
vn 0.3162 -0.0000 0.9487
vn 0.3162 -0.0000 -0.9487
vn -0.7072 -0.0000 0.7070
vn -0.7071 -0.0000 0.7071
vn -0.2931 -0.0000 0.9561
vn -0.7546 -0.0000 -0.6562
vn -0.8660 -0.0000 -0.5000
vn -0.9659 -0.0000 -0.2588
vn -0.9659 -0.0000 0.2588
vn 0.0506 -0.7288 -0.6828
vn 0.0443 -0.7290 -0.6831
vn -0.0781 -0.7259 -0.6833
vn 0.9225 -0.0000 0.3860
vn 0.7327 0.1104 0.6715
vn 0.7177 0.1169 0.6865
vn 0.2135 -0.0000 0.9769
vn 0.6853 -0.0069 0.7282
vn 0.6935 -0.0072 0.7204
vn 0.7032 -0.0000 -0.7110
vn 0.6665 -0.0000 -0.7455
vn 0.9761 -0.0078 -0.2173
vn 0.9807 -0.0085 -0.1954
vn 0.0791 0.9798 0.1836
vn -0.0958 0.9943 0.0463
vn -0.0771 0.9961 0.0429
vn 0.0522 0.9878 0.1469
vn 0.1774 -0.0000 -0.9841
vn -0.2836 -0.0000 -0.9589
vn -0.2588 -0.0000 -0.9659
vn 0.1743 -0.0000 -0.9847
vn 0.1492 0.3298 0.9322
vn -0.7071 -0.0000 -0.7071
vn -0.1550 0.9873 0.0336
vn -0.1495 0.9871 0.0570
vn 0.9512 -0.0000 0.3085
vn 0.9665 -0.0000 -0.2567
vn 0.1285 0.9727 0.1934
vn 0.0671 0.9898 0.1253
vn 0.6881 -0.0000 -0.7256
vn 0.2485 -0.0000 -0.9686
vn -0.4910 -0.0000 0.8711
vn -0.2629 -0.0000 0.9648
vn -0.2619 -0.0000 0.9651
vn -0.0388 0.9989 0.0246
vn -0.0592 0.9970 0.0502
vn 0.1320 0.5496 0.8249
vn 0.0875 0.9817 0.1691
vn -0.0001 1.0000 0.0001
vn -0.0000 1.0000 0.0001
vn -0.0001 1.0000 0.0002
vn -0.0002 1.0000 0.0003
vn -0.0002 1.0000 0.0002
vn 0.0001 1.0000 0.0002
vn 0.0242 0.9988 0.0431
vn 0.1491 0.3298 0.9322
vn 0.0003 1.0000 0.0002
vn 0.0002 1.0000 0.0003
vn 0.0003 1.0000 0.0005
vn 0.0694 -0.0031 -0.9976
vn 0.4927 -0.0000 -0.8702
vn 0.0494 0.0042 -0.9988
vn 0.4928 -0.0000 -0.8702
vn 0.0321 -0.0374 -0.9988
vn 0.0002 1.0000 0.0006
vn 0.0007 1.0000 0.0005
vn 0.0002 1.0000 0.0008
vn -0.0152 -0.0000 0.9999
vn -0.0112 -0.0000 0.9999
vn -0.0111 -0.0001 0.9999
vn 0.0002 -0.0000 -1.0000
vn -0.0003 1.0000 0.0003
vn 0.0016 1.0000 0.0048
vn 0.0180 0.9998 0.0061
vn -0.2588 -0.0000 0.9659
vn 0.2588 -0.0000 0.9659
vn 0.6828 -0.0000 0.7306
vn 0.1002 0.9801 0.1711
vn 0.1001 0.9912 0.0862
vn 0.0961 0.9916 0.0864
vn 0.0225 0.9981 0.0580
vn 0.0146 0.9992 0.0376
vn 0.9606 -0.0150 0.2775
vn 0.9546 -0.0149 0.2975
vn 0.9239 -0.0000 -0.3827
vn 0.9239 -0.0000 -0.3826
vn 0.0393 0.9985 0.0371
vn 0.0207 0.9996 0.0189
vn 0.0109 0.9998 0.0144
vn 0.0102 0.9999 0.0016
vn -0.0001 0.0009 -1.0000
vn -0.0101 0.0005 -0.9999
vn -0.0222 -0.0000 -0.9998
vn -0.0012 -1.0000 0.0025
vn 0.9999 -0.0008 -0.0166
vn 0.9998 -0.0070 -0.0166
vn 0.9998 0.0055 -0.0165
vn 0.9994 -0.0015 -0.0331
vn 0.9994 -0.0141 -0.0332
vn 0.9994 0.0110 -0.0331
vn -1.0000 -0.0000 0.0001
vn -1.0000 -0.0014 0.0001
vn -1.0000 -0.0010 -0.0007
vn -0.0001 -0.0001 -1.0000
vn -0.0001 -0.0000 -1.0000
vn -0.0002 -0.0000 -1.0000
vn -1.0000 -0.0027 0.0001
vn -1.0000 -0.0020 -0.0015
vn -1.0000 -0.0014 -0.0030
vn -1.0000 -0.0007 -0.0014
vn -1.0000 -0.0000 0.0002
vn 0.0007 1.0000 0.0002
vn 0.0011 1.0000 0.0002
vn -0.1799 -0.0730 -0.9810
vn 0.3571 -0.6992 -0.6194
vn 0.6798 -0.6838 -0.2651
vn 0.6816 -0.6834 -0.2614
vn 0.3583 -0.6991 -0.6187
vn 0.3361 0.7420 -0.5801
vn 0.3350 0.7420 -0.5807
vn 0.0495 0.7437 -0.6667
vn 0.0433 0.7438 -0.6669
vn 0.0525 -0.7010 -0.7112
vn 0.0463 -0.7011 -0.7115
vn 0.7791 -0.6267 0.0152
vn 0.7394 0.6731 0.0145
vn 0.6395 0.7275 -0.2484
vn 0.6414 0.7272 -0.2446
vn -0.0797 0.7124 -0.6973
vn 0.0453 0.7155 -0.6972
vn 0.0515 0.7154 -0.6969
vn 0.3430 -0.7271 -0.5947
vn 0.6634 -0.7042 -0.2530
vn 0.6660 -0.7035 -0.2480
vn 0.3442 -0.7270 -0.5941
vn 0.3511 0.7135 -0.6063
vn 0.3500 0.7136 -0.6069
vn 0.7701 -0.6375 0.0210
vn 0.6765 0.6897 -0.2580
vn 0.6791 0.6891 -0.2531
vn 0.7831 0.6215 0.0217
vn -0.0763 0.7409 -0.6673
vn 0.0433 0.7438 -0.6670
vn 0.6589 -0.7081 -0.2537
vn 0.6611 -0.7076 -0.2493
vn 0.7623 -0.6470 0.0179
vn 0.7480 0.6635 0.0176
vn 0.6444 0.7235 -0.2477
vn 0.6466 0.7230 -0.2433
vn -0.0164 0.9758 -0.2179
vn -0.1750 0.8889 -0.4234
vn -0.1567 0.8650 -0.4767
vn 0.9998 -0.0000 0.0203
vn 0.9998 -0.0000 0.0209
vn 0.9997 -0.0000 0.0224
vn -0.2655 -0.0000 0.9641
vn 0.9998 -0.0000 0.0194
vn 0.9959 -0.0000 -0.0905
vn -0.0813 -0.6979 -0.7115
vn -0.2104 0.8513 -0.4807
vn -0.2905 0.7956 -0.5316
vn -0.1012 0.8441 -0.5266
vn -0.0174 -0.0000 -0.9998
vn -0.0087 -0.0000 -1.0000
vn -0.0083 -0.2914 -0.9566
vn -0.0110 -0.3876 -0.9218
vn 0.0431 0.0092 -0.9990
vn 0.3626 -0.0000 -0.9319
vn 0.2677 0.0081 -0.9635
vn -0.0135 -0.2590 -0.9658
vn -0.0268 0.9996 0.0088
vn -0.0116 0.9999 -0.0038
vn -0.0769 0.9970 0.0083
vn -0.0551 0.9985 -0.0000
vn -0.0000 -0.9976 0.0686
vn -0.0000 -0.3872 -0.9220
vn 0.2711 -0.3708 -0.8883
vn -0.9959 0.0487 -0.0765
vn -0.0236 0.9997 0.0004
vn -0.0496 0.9982 0.0351
vn -0.0257 0.9995 -0.0210
vn -0.0164 0.9997 -0.0161
vn -0.0162 0.9998 -0.0140
vn -0.9839 -0.0000 0.1789
vn -0.2942 -0.0000 -0.9558
vn -0.8716 0.0010 0.4901
vn 0.9876 -0.0000 -0.1572
vn 0.9901 -0.0000 -0.1407
vn 0.8112 -0.0000 -0.5847
vn 0.9312 -0.0000 -0.3644
vn 0.6435 -0.0000 -0.7655
vn 0.6426 -0.0000 -0.7662
vn 0.0794 0.0213 -0.9966
vn 0.7107 0.0013 -0.7035
vn 0.6697 0.0013 -0.7426
vn 0.6570 -0.0002 -0.7539
vn 0.6571 0.0005 -0.7538
vn -0.0730 0.9927 0.0958
vn 0.9528 -0.0000 -0.3037
vn 0.9416 -0.0000 -0.3366
vn -0.0029 0.8964 -0.4433
vn 0.0026 0.9967 -0.0811
vn 0.0005 1.0000 0.0021
vn 0.0018 1.0000 0.0022
vn 0.0005 1.0000 0.0026
vn -0.0001 1.0000 0.0022
vn -0.0000 1.0000 0.0022
vn 0.0003 1.0000 0.0021
vn -0.0359 0.9994 0.0027
vn 0.0009 1.0000 0.0030
vn 0.8944 -0.0000 -0.4472
vn 0.6572 -0.0008 -0.7537
vn 0.6043 -0.0016 -0.7967
vn -0.0122 -0.0000 0.9999
vn 0.9979 -0.0000 -0.0646
vn 0.9971 -0.0000 -0.0767
vn -0.4372 -0.0000 -0.8994
vn -0.0000 1.0000 -0.0002
vn -0.0138 -0.0000 0.9999
vn 0.9487 -0.0000 -0.3162
vn 0.7983 -0.0000 -0.6023
vn 0.7007 0.0004 -0.7134
vn 0.6463 0.0002 -0.7631
vn 0.9968 -0.0000 -0.0802
vn -0.0234 -0.9995 -0.0217
vn -0.1442 -0.9894 0.0155
vn -0.0842 -0.9964 0.0071
vn -0.0428 -0.9982 -0.0428
vn 0.0006 -0.9881 0.1536
vn -0.0963 -0.9914 0.0885
vn 0.0281 -0.9991 0.0318
vn 0.0359 -0.9930 0.1123
vn 0.0254 -0.9997 -0.0032
vn 0.0502 -0.9987 0.0005
vn -0.0000 0.9924 0.1234
vn -0.1287 0.9917 0.0061
vn -0.3437 -0.0000 0.9391
vn 0.3437 -0.0000 -0.9391
vn 0.9391 -0.0000 -0.3437
vn 0.0233 -0.9997 0.0032
vn -0.0217 -0.9995 -0.0233
vn -0.0107 -0.9999 -0.0005
vn 0.0057 -1.0000 0.0055
vn -0.9391 -0.0000 -0.3437
vn 0.9391 -0.0000 0.3437
vn -0.3437 -0.0000 -0.9391
vn -0.9391 -0.0000 0.3437
vn -0.0623 0.9979 -0.0191
vn -0.0000 0.9919 0.1269
vn -0.1299 0.9915 -0.0009
vn 0.3437 -0.0000 0.9391
vn -0.2396 0.9691 -0.0588
vn -0.2267 0.9717 -0.0659
vn -0.0384 0.9992 -0.0124
vn -0.1384 0.9892 -0.0480
vn -0.3286 0.9100 -0.2527
vn -0.2730 0.9617 -0.0259
vn -0.1851 -0.5843 0.7901
vn 0.9120 -0.0000 -0.4102
vn -0.0072 0.5584 -0.8296
vn -0.0000 0.5584 -0.8296
vn -0.1604 0.5511 -0.8188
vn -0.1361 0.5532 -0.8219
vn 0.2886 0.5346 -0.7943
vn 0.3779 0.5170 -0.7681
vn -0.0144 0.5583 -0.8295
vn -0.0072 -0.5584 -0.8296
vn -0.0000 -0.5584 -0.8296
vn 0.2886 -0.5346 -0.7943
vn -0.0791 -0.5566 -0.8270
vn 0.7943 0.5346 -0.2886
vn 0.7681 0.5170 -0.3779
vn 0.8883 -0.3708 -0.2710
vn 0.9572 -0.2896 -0.0000
vn 0.7943 -0.5346 -0.2886
vn -0.1748 -0.5498 -0.8168
vn -0.3218 0.5287 -0.7854
vn 0.9812 0.1821 0.0639
vn -0.3458 0.9120 0.2207
vn -0.4931 0.8110 0.3148
vn -0.0000 0.8762 0.4819
vn -1.0000 -0.0003 -0.0001
vn -0.2892 0.9573 -0.0027
vn -0.1915 0.9815 -0.0030
vn -0.0078 1.0000 0.0001
vn -0.0127 0.9999 -0.0000
vn -0.0004 -0.0002 1.0000
vn -0.0008 -0.0005 1.0000
vn -0.0019 -0.0009 1.0000
vn -0.8437 0.0001 0.5369
vn -0.8192 -0.0000 -0.5735
vn 0.8192 -0.0000 -0.5735
vn 0.8437 -0.0001 0.5369
vn -0.9537 -0.0000 -0.3006
vn -0.9601 -0.0000 0.2796
vn -0.8437 -0.0000 0.5369
vn 0.9537 -0.0000 -0.3006
vn 0.9601 -0.0000 0.2796
vn 0.8437 -0.0000 0.5369
vn -0.9556 -0.0000 -0.2948
vn -0.9637 -0.0000 0.2669
vn -0.8575 -0.0000 0.5145
vn -0.8262 -0.0000 -0.5633
vn 0.9510 -0.0000 -0.3092
vn 0.8087 -0.0000 -0.5882
vn 0.9598 -0.0000 0.2808
vn 0.8423 -0.0000 0.5391
vn 0.0001 1.0000 -0.0001
vn -0.0001 1.0000 -0.0001
vn -0.0000 1.0000 -0.0005
vn -0.0000 1.0000 -0.0001
vn 0.0001 1.0000 -0.0000
vn 0.0001 1.0000 0.0001
vn -0.0001 1.0000 -0.0000
vn 1.0000 -0.0001 -0.0000
vn 0.0002 -0.0000 1.0000
vn -0.0052 -0.0000 1.0000
vn -0.0090 -0.0000 1.0000
vn 0.0044 -0.9996 0.0274
vn 0.0044 -0.9996 0.0276
vn 0.0088 -0.9984 0.0550
vn -0.3827 -0.0000 0.9239
vn -0.0009 1.0000 0.0027
vn -0.0029 1.0000 0.0030
vn -0.0030 1.0000 0.0002
vn -0.0015 -1.0000 0.0034
vn 0.1394 -0.9902 0.0020
vn 0.1275 -0.9918 -0.0043
vn -0.0017 -1.0000 0.0016
vn -0.2825 0.9593 -0.0011
vn -0.0002 1.0000 -0.0002
vn -0.1886 0.9821 -0.0010
vn -0.0020 -1.0000 -0.0066
vn -0.0083 -1.0000 -0.0055
vn -0.0046 -0.9999 -0.0096
vn 0.0025 -1.0000 -0.0077
vn 0.0041 -0.9999 -0.0100
vn 0.0839 -0.9965 -0.0064
vn 0.0047 -0.0000 1.0000
vn 0.0023 -0.0000 1.0000
vn -0.0007 0.0030 1.0000
vn -0.0014 0.0060 1.0000
vn 0.1298 -0.1351 0.9823
vn 0.0695 -0.9976 0.0004
vn -0.0000 -0.8807 -0.4737
vn -0.0028 -0.8814 -0.4724
vn -0.0026 -0.8813 -0.4725
vn -0.0082 -0.8827 -0.4698
vn 0.0005 1.0000 0.0001
vn -0.1462 0.9892 0.0075
vn 0.1426 -0.9897 -0.0086
vn -0.1731 0.9849 0.0062
vn -0.0679 0.9966 0.0458
vn 0.0431 0.9883 0.1464
vn 0.0007 1.0000 -0.0000
vn 0.0005 1.0000 -0.0000
vn -0.0004 -1.0000 -0.0005
vn -0.1952 0.9807 0.0148
vn -0.1585 0.9873 0.0133
vn 0.1836 0.1431 0.9725
vn 0.3024 0.1727 0.9374
vn 0.0012 1.0000 -0.0034
vn -0.2780 0.9606 -0.0003
vn -0.2480 0.0524 0.9673
vn -0.0000 0.0001 1.0000
vn -0.1287 0.9917 -0.0010
vn -0.0123 -0.0000 0.9999
vn -0.0121 -0.0000 0.9999
vn -0.0134 -0.0000 0.9999
vn -0.0005 1.0000 -0.0006
vn -0.0070 1.0000 0.0034
vn 0.0041 1.0000 0.0029
vn 0.0068 1.0000 0.0036
vn 0.0018 1.0000 0.0024
vn -0.0022 1.0000 -0.0025
vn -0.0104 -0.0007 0.9999
vn -0.3254 -0.9455 -0.0069
vn -0.3242 -0.9460 -0.0000
vn -0.2912 -0.9567 0.0004
vn -0.3134 -0.9496 -0.0023
vn 0.0047 0.9813 -0.1927
vn 0.0056 0.9914 -0.1309
vn 0.0059 0.9999 -0.0090
vn 0.0047 0.9999 -0.0090
vn 0.3318 0.9434 -0.0039
vn 0.1720 0.9851 -0.0068
vn 0.3327 0.9430 -0.0058
vn -0.0173 -0.9998 0.0046
vn -0.0087 -1.0000 0.0023
vn -0.0114 -0.9999 0.0022
vn -0.0227 -0.9997 0.0044
vn -0.2571 0.9664 -0.0068
vn -0.0403 0.9992 -0.0064
vn -1.0000 -0.0001 -0.0000
vn -0.0230 -0.9946 0.1011
vn -0.0153 -0.9977 0.0667
vn -0.0177 -0.9804 0.1963
vn 0.0046 0.9293 -0.3693
vn -0.1694 -0.9855 -0.0038
vn 0.0241 -0.9997 -0.0000
vn 0.2483 -0.9687 -0.0000
vn 0.0086 -0.0174 -0.9998
vn 0.0046 -0.0065 -1.0000
vn 0.0057 -0.0097 -0.9999
vn 0.0059 0.9999 -0.0092
vn 0.0047 0.9999 -0.0094
vn 0.0016 0.0017 -1.0000
vn -0.0002 -0.0333 0.9994
vn -0.0085 -0.0206 0.9998
vn -0.0083 -0.0208 0.9997
vn -0.4390 0.7367 0.5143
vn -0.0957 -0.9948 0.0342
vn -0.0061 -0.9999 0.0134
vn -0.0010 0.0008 -1.0000
vn -0.0026 0.0017 -1.0000
vn -0.0037 0.0020 -1.0000
vn 0.5087 -0.2107 -0.8348
vn -0.6529 0.6534 -0.3832
vn 0.9728 0.0169 0.2312
vn 0.9514 -0.0576 0.3027
vn 0.9217 -0.0698 0.3817
vn 0.9609 0.1600 0.2259
vn 0.9913 -0.0254 0.1288
vn 0.8345 0.2107 -0.5092
vn 0.9654 -0.0504 0.2560
vn -1.0000 0.0022 -0.0036
vn -1.0000 -0.0032 -0.0016
vn -1.0000 0.0003 -0.0065
vn -1.0000 -0.0043 -0.0000
vn -0.0017 0.0014 -1.0000
vn -0.0008 0.0007 -1.0000
vn 0.0005 0.0005 -1.0000
vn 0.0007 0.0006 -1.0000
vn 0.4504 -0.0000 -0.8928
vn 0.0609 0.0046 -0.9981
vn -0.0473 -0.0152 -0.9988
vn 0.0935 -0.0416 -0.9948
vn 0.0174 -0.0401 -0.9990
vn 0.9429 0.0006 -0.3331
vn 0.9321 0.0002 -0.3623
vn -1.0000 0.0005 -0.0001
vn -0.9927 -0.0000 0.1208
vn -0.9696 -0.0000 0.2447
vn -1.0000 -0.0000 -0.0029
vn -1.0000 -0.0000 -0.0028
vn -0.9711 0.0094 0.2386
vn -0.9696 0.0004 0.2447
vn -0.9696 0.0005 0.2449
vn -0.9697 -0.0000 0.2441
vn -1.0000 0.0013 -0.0046
vn -0.9924 0.0105 0.1229
vn -0.9929 0.0102 0.1183
vn -1.0000 0.0012 -0.0034
vn -0.9696 0.0001 0.2445
vn -0.9927 0.0001 0.1207
vn -1.0000 -0.0002 -0.0031
vn -0.9695 -0.0003 0.2450
vn -1.0000 -0.0001 -0.0001
vn -1.0000 -0.0005 -0.0036
vn -0.9693 -0.0006 0.2459
vn -0.9697 0.0002 0.2443
vn -0.9931 0.0001 0.1174
vn -0.0071 -1.0000 0.0068
vn 0.0284 -0.9970 0.0724
vn -0.0000 0.9352 0.3540
vn -0.2375 -0.9707 0.0350
vn -0.1425 -0.9789 0.1467
vn -0.0009 -0.9682 0.2500
vn 0.0393 -0.9809 0.1904
vn -0.0000 -0.9352 -0.3540
vn -0.9999 0.0050 -0.0132
vn -0.9999 0.0050 -0.0131
vn -0.0002 -0.3578 0.9338
vn 0.0005 -0.3572 0.9340
vn -0.0000 -0.3558 0.9346
vn 0.0101 -0.3690 0.9294
vn 0.0207 -0.3563 0.9341
vn 0.0092 -0.3420 0.9397
vn -0.0000 -0.3546 0.9350
vn -0.0000 -0.3534 0.9355
vn 0.0005 -0.3521 0.9360
vn -0.0002 -0.3516 0.9362
vn 0.0158 -0.3681 0.9297
vn 0.0084 -0.3615 0.9323
vn 0.0080 -0.3544 0.9351
vn 0.0151 -0.3559 0.9344
vn 0.0005 -0.3553 0.9347
vn 0.0005 -0.3546 0.9350
vn 0.0005 -0.3538 0.9353
vn 0.0077 -0.3481 0.9374
vn 0.0144 -0.3420 0.9396
vn 0.9999 -0.0050 0.0131
vn 0.9999 -0.0055 0.0130
vn 0.9999 -0.0046 0.0133
vn -0.0000 0.3276 -0.9448
vn -0.1457 0.0083 -0.9893
vn 0.7286 -0.0000 0.6850
vn -0.7072 -0.0000 0.7071
vn 0.9618 -0.0000 0.2737
vn 0.6932 -0.0042 0.7207
vn 0.9762 -0.0045 -0.2169
vn 0.9604 -0.0087 0.2786
vn 0.9602 -0.0087 0.2793
vn 0.4782 -0.8782 -0.0000
vn -0.0001 -1.0000 -0.0000
vn 0.9487 -0.0000 0.3162
vn -0.3517 -0.9361 -0.0039
vn -0.3260 -0.9454 -0.0039
vn -0.0000 -0.0337 0.9994
vn -0.0003 -1.0000 -0.0000
vn 0.3836 0.6529 0.6531
vn -0.2930 -0.0000 0.9561
vn 0.9849 -0.0000 -0.1729
vn -0.9759 -0.0000 -0.2180
vn 0.8296 0.5584 -0.0000
vn 0.8296 -0.5584 -0.0000
vn -0.3280 -0.9446 -0.0083
vn -0.0740 -0.0115 -0.9972
vt 0.000000 0.000000
vt 0.000000 1.000000
vt 1.000000 1.000000
vt 1.000000 0.000000
vt 0.955334 0.958328
vt 1.000000 0.049127
vt 0.727273 0.035729
vt 0.095491 0.916032
vt 0.958328 1.000000
vt 0.922599 0.272728
vt 0.042296 0.904508
vt 0.909201 0.000000
vt 0.000000 0.044666
vt 0.000542 0.000537
vt 0.499463 0.000537
vt 0.498389 0.001610
vt 0.001616 0.001610
vt 0.001616 0.498381
vt 0.498389 0.498381
vt 0.000542 0.499457
vt 0.499463 0.499457
vt 0.460053 0.146427
vt 0.460053 0.000000
vt 0.999986 0.000000
vt 0.999988 0.146427
vt 0.999990 0.288013
vt 0.460053 0.366394
vt 0.460053 0.288013
vt 1.000000 0.343549
vt 0.000000 0.343103
vt 0.999644 0.193001
vt 0.000000 0.192515
vt 1.000000 0.000000
vt 0.216276 0.343757
vt 0.216316 0.528990
vt 0.490368 0.343757
vt 0.000000 0.072584
vt 0.841926 0.000000
vt 1.000000 0.152864
vt 0.000000 0.226147
vt 0.712979 0.193294
vt 0.998680 0.193293
vt 0.998364 0.000401
vt 0.604004 0.983903
vt 0.000000 0.146427
vt 0.999979 0.072586
vt 0.999978 0.226149
vt 1.000000 1.000000
vt 0.000000 0.288013
vt 1.000000 0.343103
vt 0.000000 0.343103
vt 0.000002 0.192515
vt 1.000000 0.192515
vt 0.999995 0.343103
vt 0.000003 0.151605
vt 1.000000 0.192515
vt 0.070882 0.000000
vt 0.000002 0.152864
vt 0.999999 0.152802
vt 0.500000 0.296875
vt 0.500000 0.203125
vt 1.000000 0.203125
vt 1.000000 0.296875
vt 0.216201 0.000000
vt 0.216251 0.193293
vt 0.055232 0.988229
vt 0.055226 0.514388
vt 0.136309 0.656873
vt 0.136308 0.887091
vt 0.366528 0.887092
vt 0.471172 0.988229
vt 0.366528 0.656873
vt 0.471172 0.514168
vt 0.276982 0.963469
vt 0.120015 0.963469
vt 0.120015 0.547528
vt 0.276982 0.547528
vt 0.495066 0.004944
vt 0.004956 0.004944
vt 0.000009 0.000003
vt 0.500005 0.000003
vt 0.004947 0.495058
vt 0.495066 0.495058
vt 0.500005 0.499999
vt 0.000009 0.499999
vt 0.019540 0.000003
vt 0.024487 0.004944
vt 0.024478 0.495058
vt 0.019540 0.499999
vt 0.382212 0.367788
vt 0.632212 0.367788
vt 0.632212 0.617788
vt 0.382212 0.617788
vt 0.625000 1.000000
vt 0.625000 0.000000
vt 0.875000 0.000000
vt 0.875000 1.000000
vt 0.500000 1.000000
vt 0.933013 0.750000
vt 0.933013 0.250000
vt 0.875000 1.000000
vt 0.625000 0.000000
vt 0.543299 0.250000
vt 0.646650 0.250000
vt 0.646650 0.500000
vt 0.543299 0.500000
vt 0.748849 0.619625
vt 0.040492 1.000000
vt 0.040496 0.633272
vt 0.394674 0.443086
vt 0.500000 0.551471
vt 1.000000 0.597561
vt 0.999995 0.986768
vt 0.505943 0.993377
vt 0.346817 0.030567
vt 0.658696 0.000000
vt 1.000000 0.839553
vt 0.000000 0.888508
vt 0.000000 0.505380
vt 0.011893 1.000000
vt 1.000000 0.220846
vt 1.000000 0.005489
vt 0.878317 0.221059
vt 0.596644 0.221059
vt 0.211872 0.711757
vt 0.211872 1.000000
vt 0.000000 0.956758
vt 0.000000 0.188857
vt 0.101585 0.000000
vt 0.994524 0.005148
vt 0.203644 0.346212
vt 0.645320 0.677597
vt 0.386442 0.668679
vt 0.999935 0.999939
vt 0.264944 0.805667
vt 0.753698 1.000000
vt 0.503698 1.000000
vt 0.503698 0.585299
vt 0.753698 0.585249
vt 0.503698 0.000000
vt 0.753698 0.000000
vt 0.753698 0.169276
vt 0.503698 0.169341
vt 0.000000 1.000000
vt 0.000000 0.000000
vt 0.474291 0.214832
vt 0.994208 0.214832
vt 1.000000 0.999935
vt 0.849486 0.000000
vt 0.839553 1.000000
vt 0.276982 0.514168
vt 0.120015 0.513072
vt 0.120015 0.988229
vt 0.276982 0.988229
vt 0.859449 0.000000
vt 0.849486 1.000000
vt 0.375000 0.000000
vt 0.375000 1.000000
vt 0.531750 0.500000
vt 0.531750 0.250000
vt 0.647388 0.250000
vt 0.647388 0.500000
vt 0.352708 0.400669
vt 0.250000 0.000000
vt 0.750000 0.000000
vt 0.750000 1.000000
vt 0.250000 1.000000
vt 0.321218 0.722220
vt 0.258698 0.169389
vt 0.258698 0.000000
vt 0.508698 0.000000
vt 0.508698 0.169341
vt 0.508698 1.000000
vt 0.258698 1.000000
vt 0.258705 0.585336
vt 0.508698 0.585299
vt 0.610000 0.000000
vt 0.610000 1.000000
vt 1.000000 -0.000000
vt 0.838140 0.422727
vt 0.327387 0.845170
vt 0.316581 0.567422
vt 1.000000 0.390000
vt 0.140917 0.999994
vt 0.000000 0.830270
vt 0.429833 0.885718
vt 0.429833 0.053160
vt 0.994223 0.053160
vt 0.994223 0.885718
vt 0.431229 0.993503
vt 0.432382 0.023031
vt 0.998914 0.023031
vt 0.998914 0.992878
vt 0.005859 0.885725
vt 0.005859 0.053160
vt 0.003698 0.000000
vt 0.253698 0.000000
vt 0.253698 0.169389
vt 0.003698 0.185252
vt 0.004520 0.992933
vt 0.006798 0.023037
vt 0.000000 0.000029
vt 0.565864 0.999983
vt 0.576614 0.000031
vt 0.000000 0.000040
vt 0.566001 0.999982
vt 0.565864 0.000018
vt 1.000000 0.999964
vt 1.000000 0.999970
vt 0.000062 0.000000
vt 0.474345 0.002222
vt 0.233885 0.007570
vt 0.233863 0.162682
vt 0.552879 0.250000
vt 0.615379 0.250000
vt 0.615379 0.500000
vt 0.552879 0.500000
vt 0.553884 0.250000
vt 0.636058 0.250000
vt 0.636058 0.500000
vt 0.553884 0.500000
vt 0.634165 0.250000
vt 0.634165 0.500000
vt 0.521325 0.500000
vt 0.521325 0.250000
vt 0.854788 0.000003
vt 0.892620 0.864319
vt 0.516512 0.776683
vt 0.263158 0.236842
vt 0.763158 0.236842
vt 0.763158 0.736842
vt 0.263158 0.736842
vt 0.554924 1.000000
vt 0.258087 0.994197
vt 0.175337 0.661959
vt 0.500000 0.000000
vt 0.351259 0.009872
vt 0.739856 0.009872
vt 0.739856 0.097076
vt 1.000000 0.999903
vt 0.736842 1.000000
vt 0.000001 0.000000
vt 0.999998 0.000000
vt 0.000000 0.683957
vt 0.000000 0.750000
vt 1.000000 0.750000
vt 0.790744 0.095290
vt 0.000000 0.095286
vt 0.037344 -0.000000
vt 0.790741 0.000004
vt 0.849790 1.000000
vt 0.394150 0.828886
vt 0.393301 0.469800
vt 0.332753 0.000000
vt 0.841071 0.017333
vt 0.790763 0.459076
vt 0.790762 0.584875
vt 0.010188 0.584873
vt 0.052694 0.459072
vt 0.790755 0.743830
vt 0.052055 0.743827
vt 0.010187 1.000000
vt 0.790754 1.000000
vt 0.739856 0.992295
vt 0.351259 0.935150
vt 0.195935 0.082610
vt 0.238064 0.612724
vt 0.130426 0.000010
vt 0.772559 0.000000
vt 0.902977 1.000000
vt 0.184042 0.357139
vt 0.961528 0.000000
vt 1.000000 1.000000
vt 0.000000 1.000000
vt 0.229781 1.000000
vt 0.000000 0.733974
vt 0.230818 0.655172
vt 0.230818 -0.000000
vt -0.000000 1.000000
vt 0.248796 0.000000
vt 0.590960 0.000275
vt 0.000000 1.000000
vt 0.938336 1.000000
vt 0.014419 0.982044
vt 0.000000 0.524658
vt 1.000000 0.007240
vt 0.227998 0.000000
vt 0.208877 0.089962
vt 0.647678 0.000000
vt 0.851019 1.000000
vt 0.000000 0.936097
vt 1.000000 0.000006
vt 0.767059 1.000000
vt 0.083304 1.000000
vt 0.203922 0.691183
vt 0.585625 -0.000000
vt 0.303695 0.224717
vt 0.230818 0.000000
vt 0.633866 0.843005
vt 0.732051 1.000000
vt 0.316987 1.000000
vt 0.357157 0.843005
vt 0.812499 0.631680
vt 1.000000 0.683013
vt 0.683013 0.000000
vt 1.000000 0.267949
vt 0.812499 0.354971
vt 0.601174 0.176339
vt 0.567471 0.839529
vt 0.625501 0.983014
vt 0.258956 0.945685
vt 0.321298 0.823846
vt 0.793650 0.420551
vt 0.979863 0.342988
vt 0.941374 0.750359
vt 0.775083 0.685653
vt 0.307344 0.019206
vt 0.717957 0.017794
vt 0.626152 0.209853
vt 0.359662 0.208912
vt 0.324465 0.176338
vt 0.145832 0.387663
vt 0.000000 0.316987
vt 0.267949 0.000000
vt 0.375000 0.000000
vt 0.163987 0.378483
vt 0.164463 0.633455
vt 0.015977 0.671141
vt 0.017473 0.286269
vt 0.145832 0.664372
vt 0.000000 0.732051
vt 0.111389 0.000000
vt 0.250000 0.108461
vt 0.500000 0.102691
vt 0.625000 0.187500
vt 0.625000 0.312500
vt 0.875000 0.312500
vt 0.875000 0.187500
vt 0.784661 0.312500
vt 0.686518 0.500000
vt 0.686523 -0.000000
vt 0.873038 0.080161
vt 0.873038 0.419849
vt 1.000000 0.000000
vt 0.000000 0.000000
vt 0.500000 0.419846
vt 0.500007 0.080158
vt 0.500000 0.000000
vt 0.500000 0.500000
vt 1.000000 0.000000
vt 1.000000 0.500000
vt 1.000000 0.361355
vt 0.587393 0.220410
vt 0.587393 0.000000
vt 0.106059 0.000000
vt 0.106057 0.220410
vt 0.575177 0.020392
vt 0.588246 -0.000000
vt 0.942756 0.227198
vt 0.929688 0.247591
vt 0.000000 0.309212
vt 0.201861 0.095724
vt 0.314649 0.020984
vt 0.025843 0.318405
vt 0.344017 0.980305
vt 0.035917 0.726032
vt 0.146299 0.676202
vt 0.379023 0.859139
vt 0.256140 0.405932
vt 0.410370 0.285883
vt 0.416496 0.735097
vt 0.270997 0.614382
vt 0.013159 0.737989
vt 0.327940 0.999646
vt 0.596141 0.978474
vt 0.970350 0.705893
vt 0.986033 0.727416
vt 0.611821 1.000000
vt 0.369519 0.172004
vt 0.357646 0.142863
vt 0.555814 0.134916
vt 0.548242 0.161944
vt 0.825207 0.309493
vt 0.804923 0.321731
vt 0.127542 0.357443
vt 0.152724 0.366567
vt 0.820663 0.641791
vt 0.847909 0.652961
vt 0.532848 0.273574
vt 0.712719 0.373834
vt 0.709362 0.592868
vt 0.532208 0.729748
vt 0.167129 0.663601
vt 0.386204 0.836839
vt 0.559178 0.833041
vt 0.569162 0.862748
vt 0.399726 0.259341
vt 0.538877 0.248340
vt 0.731600 0.362485
vt 0.232547 0.396831
vt 0.733542 0.603343
vt 0.251697 0.626013
vt 0.409933 0.755477
vt 0.541901 0.756575
vt 0.928572 1.000000
vt 0.071433 1.000000
vt 0.250004 0.971305
vt 0.750001 0.971305
vt 1.000000 0.628087
vt 1.000000 0.935092
vt 0.928572 0.935092
vt 0.749996 0.010294
vt 0.999995 0.008126
vt 1.000000 0.387834
vt 0.249999 0.010294
vt 0.000005 0.387834
vt 0.071433 0.935092
vt 0.000005 0.935092
vt 0.000005 0.628087
vt 0.071433 0.726151
vt 0.294301 0.001105
vt 0.573969 0.500000
vt 0.573969 0.000000
vt 0.511469 0.000000
vt 0.511469 0.500000
vt 0.437037 0.000000
vt 1.000000 0.036672
vt -0.000000 1.000000
vt 1.000000 0.999995
vt 1.000000 0.036671
vt 0.000000 0.000009
vt 1.000000 0.000009
vt 0.000000 0.036672
vt -0.000000 0.000000
vt 0.000000 0.037348
vt 1.000000 0.037348
vt 0.000000 1.000000
vt 0.000000 0.000000
vt 1.000000 0.036672
vt 1.000000 1.000000
vt 0.000000 1.000000
vt 0.540533 0.000027
vt 1.000000 0.829114
vt 0.000000 0.777663
vt 0.000000 0.844164
vt 0.000064 0.534518
vt 0.839192 0.534627
vt 0.839219 0.324846
vt 0.000091 0.324736
vt 0.779316 0.056770
vt 0.779324 0.000094
vt 0.060071 -0.000000
vt 0.060064 0.056676
vt 0.000025 0.866069
vt 0.839152 0.873273
vt 0.000000 1.000000
vt 0.839254 0.999950
vt 0.000000 0.130669
vt 0.500000 0.130978
vt 0.165350 1.000000
vt 0.258362 0.000000
vt 0.258362 1.000000
vt 0.580031 0.000001
vt 0.386876 0.000000
vt 0.580031 0.679983
vt 0.140001 0.000000
vt 0.580031 1.000000
vt 0.853164 0.000000
vt 0.281774 0.070474
vt 0.068268 0.985123
vt 0.976502 1.000000
vt -0.000000 0.431550
vt 0.357525 0.000000
vt 0.793893 0.095491
vt 0.024472 0.654509
vt 0.206107 0.095492
vt 0.000000 0.388166
vt 0.493057 0.013318
vt -0.000000 -0.000000
vt 0.039094 0.734897
vt 0.544141 0.973723
vt 0.049127 1.000000
vt 0.864244 0.263068
vt 0.864244 0.545023
vt 0.049429 0.545024
vt 0.049429 0.263068
vt 1.000000 0.999836
vt 0.998926 0.343756
vt 0.480926 0.215874
vt 1.000000 0.001110
vt 0.001676 0.000000
vt 0.246412 0.051078
vt 0.975528 0.654508
vt 0.798440 0.229614
vt 0.957343 0.229614
vt 0.103034 0.188416
vt 0.206069 0.090256
vt 0.386442 0.215874
vt 0.480926 0.000000
vt 0.102949 0.851329
vt 0.660825 0.153352
vt 0.429963 0.089385
vt 0.239088 1.000000
vt 0.000000 0.994579
vt 0.015240 0.300850
vt 0.784109 0.787871
vt 0.796251 1.000000
vt 0.784108 0.417243
vt 0.643780 0.509978
vt 0.784109 0.598710
vt 0.643780 0.691445
vt 0.615465 0.430288
vt 0.398958 0.555288
vt 0.507212 0.617788
vt 0.615465 0.555288
vt 0.216316 0.940128
vt 0.000000 0.985065
vt 1.000000 0.179250
vt 0.113574 0.664141
vt 0.113574 0.333333
vt 0.227148 0.333333
vt 0.227148 0.666667
vt 0.433738 0.391661
vt 0.388329 0.531416
vt 0.580685 0.391661
vt 0.398958 0.430288
vt 0.507212 0.367788
vt 0.839254 0.056778
vt 0.000126 0.056668
vt 0.749678 1.000000
vt 0.790125 0.708868
vt 0.888611 0.000000
vt 0.144134 -0.000000
vt 0.902466 0.758331
vt 0.758332 0.902466
vt -0.000000 0.144134
vt 0.864390 0.500000
vt 0.000000 0.500000
vt 0.869331 0.000000
vt 0.859449 1.000000
vt -0.000000 0.000023
vt -0.000000 0.999993
vt 0.830377 1.000000
vt 0.843685 0.000000
vt 0.268399 0.970260
vt 0.268361 0.366394
vt 0.742626 0.118708
vt 0.637756 0.120352
vt 0.684394 0.119448
vt 0.151570 0.007446
vt 0.848516 1.000000
vt 1.000000 0.368307
vt 0.653837 0.001330
vt 0.653837 0.717991
vt 0.000000 0.752230
vt 1.000000 0.752230
vt 0.000000 0.718674
vt 0.500813 0.752230
vt 0.500813 0.000000
vt 0.000015 0.247777
vt 0.953717 0.247753
vt 1.000000 0.280164
vt 0.002855 0.281332
vt 1.000000 0.719749
vt 0.079266 0.295753
vt 0.000000 0.719749
vt 0.653837 0.282018
vt 0.500000 0.067781
vt 0.750000 0.108461
vt 0.000000 0.897309
vt 0.750000 0.013538
vt 1.000000 0.067781
vt 1.000000 0.855866
vt 0.855866 1.000000
vt -0.000151 1.000000
vt -0.000151 0.000000
vt 0.999849 0.000000
vt 0.653837 1.001330
vt 1.000039 0.247770
vt 0.500813 0.247770
vt 0.500813 1.000000
vt 1.000000 0.752230
vt 0.162117 0.513421
vt 0.579026 0.513421
vt 0.579026 1.000000
vt 0.162117 1.000000
vt 0.999985 0.513420
vt 1.000000 1.000000
vt 0.000009 0.513421
vt 0.000000 1.000000
vt 0.359934 0.513413
vt 0.000000 0.513413
vt 0.000000 1.000000
vt 0.359934 1.000000
vt 1.000000 1.000000
vt 1.000000 0.513413
vt 0.361655 -0.000000
vt 1.000000 -0.000000
vt 0.000000 0.000000
vt 0.000030 0.000000
vt 0.162117 0.000008
vt 0.579025 0.000033
vt 0.151551 0.007445
vt 0.435359 0.761415
vt 0.000000 0.761416
vt 1.000000 0.763013
vt 0.236984 1.000000
vt 0.236983 0.564641
vt 0.281620 0.249209
vt 0.999975 0.238599
vt 0.000000 0.238584
vt 0.435358 0.000005
vt 0.000000 1.000000
vt 0.000076 0.000000
vt 0.722431 0.000044
vt 0.945769 1.000000
vt 0.000000 0.745764
vt 0.000022 0.000077
vt 0.254327 -0.000000
vt 0.254327 1.000000
vt 0.000000 0.718452
vt 0.772408 0.718378
vt 0.236983 1.000000
vt 0.000000 1.000000
vt 0.236982 0.236981
vt 0.347453 0.999999
vt 0.000000 1.000000
vt 0.000000 0.000001
vt 0.347458 0.000000
vt 0.762998 0.000021
vt 0.000279 0.000000
vt 0.398063 0.000292
vt 0.397980 0.497940
vt 0.000000 0.457207
vt 0.846829 0.000350
vt 0.846772 0.497973
vt 0.966966 1.000000
vt 0.846745 0.999994
vt 0.966995 0.497977
vt 0.397998 0.999986
vt 0.000239 1.000000
vt 0.967053 0.000364
vt 0.291461 -0.000000
vt 0.291462 0.999995
vt 0.000000 1.000000
vt 0.000000 0.000005
vt 0.473664 0.000008
vt 0.473664 1.000000
vt 0.000000 0.999992
vt -0.000000 -0.000000
vt 0.236256 0.999999
vt 0.000000 1.000000
vt 0.000000 0.000001
vt 0.236255 -0.000000
vt 0.510653 1.000000
vt 0.194528 1.000000
vt 0.194528 0.000002
vt 0.510663 0.000000
vt -0.000000 0.951203
vt 0.890314 0.000000
vt 0.575396 0.478173
vt 0.000000 0.048797
vt 0.559201 0.485401
vt 0.890314 1.000000
vt 0.999996 0.048797
vt 0.152573 0.903594
vt 0.109683 1.000000
vt 0.109683 -0.000000
vt 0.152575 0.096407
vt 0.999997 0.951203
vt 0.000000 0.775715
vt 0.500276 0.775889
vt 0.502410 0.566071
vt 1.000000 0.161557
vt 0.644892 0.362762
vt 0.511962 0.291228
vt 1.000000 0.028065
vt 0.199931 0.738354
vt 0.384712 0.865142
vt 0.353849 1.000000
vt 0.085414 0.830830
vt 1.000000 0.555938
vt 1.000000 0.699141
vt 0.782633 0.575132
vt 0.894723 0.493472
vt 0.774967 0.424740
vt 1.000000 0.310166
vt 1.000000 0.442264
vt 0.494025 0.728039
vt 0.377841 0.655345
vt 0.000000 0.876758
vt 0.648781 0.499792
vt 0.494360 0.588022
vt 0.638644 0.655486
vt 0.123737 0.520876
vt 0.247399 0.451464
vt 0.000000 0.302398
vt 0.000000 0.449175
vt 0.525890 0.419865
vt 0.408715 0.360354
vt 0.367916 0.515662
vt 0.237613 0.588485
vt 0.890916 0.811745
vt 0.283058 0.049516
vt 0.987464 0.388739
vt 0.716942 0.049516
vt 1.000000 0.851518
vt 0.000000 0.592056
vt 0.000000 0.721281
vt 0.606541 0.148701
vt 0.413206 0.129243
vt 0.392832 0.000000
vt 0.647152 0.026536
vt 0.128939 0.577045
vt 0.000000 0.602871
vt 0.250489 0.177524
vt 0.179582 0.081183
vt 0.308041 0.254830
vt 0.218838 0.398393
vt 0.135423 0.364830
vt 0.695144 0.316635
vt 0.577347 0.234155
vt 0.761379 0.258196
vt 0.668335 0.707259
vt 0.747645 0.586919
vt 0.831306 0.616565
vt 0.727152 0.776801
vt 0.432294 0.220788
vt 0.219339 0.556365
vt 0.266991 0.678087
vt 0.410952 0.771253
vt 0.537329 0.772202
vt 0.552989 0.865567
vt 0.756682 0.444898
vt 0.840984 0.428430
vt 1.000000 0.034143
vt 0.000000 0.536032
vt 0.719664 1.000000
vt 0.000007 0.000000
vt 1.000000 0.833296
vt 0.500000 0.500000
vt 0.375445 0.385056
vt 0.499996 0.500000
vt 0.000000 0.499999
vt 0.137169 0.385056
vt 0.137169 0.132184
vt 0.500000 0.000001
vt 0.375445 0.132184
vt 0.454537 0.454553
vt 0.045451 0.454553
vt 0.045451 0.045463
vt 0.454537 0.045463
vt 0.499995 0.500003
vt 0.499995 0.000008
vt 0.000000 0.500003
vt 0.000000 0.000008
vt 0.500001 0.000000
vt 0.500001 0.499995
vt 0.576510 0.161844
vt 0.559389 0.289078
vt 0.900671 -0.000000
vt 0.900672 0.999997
vt 0.500000 0.827254
vt 0.092113 1.000000
vt 0.000000 0.999999
vt -0.000000 0.000001
vt 0.000000 1.000000
vt -0.000000 -0.000000
vt 0.459424 0.084976
vt 0.423765 0.999985
vt 0.000000 0.360937
vt 0.961441 0.000000
vt 0.961441 1.000000
vt 0.000016 0.822179
vt 0.337059 0.000000
vt 0.337059 1.000000
vt 0.023554 0.968510
vt -0.000000 0.364437
vt 0.000530 0.003714
vt 0.000000 0.286575
vt 0.499905 1.000000
vt -0.000000 0.499986
vt 0.499905 0.000000
vt 0.000000 0.129114
vt 0.820640 0.871200
vt 0.588234 0.997325
vt 0.855964 0.171106
vt 0.966382 0.398258
vt 0.000000 0.321735
vt 0.956699 0.651334
vt 0.143328 0.000000
vt 0.143328 1.000000
vt 0.000000 0.020984
vt 0.239088 -0.000000
vt 0.382272 -0.000000
vt 0.382273 1.000000
vt -0.000000 0.502626
vt 0.742590 -0.000000
vt 0.742590 0.998429
vt 0.382273 0.501538
vt 1.000000 0.373951
vt 0.500000 0.373952
vt 0.500000 0.247903
vt 1.000000 0.247906
vt 0.740958 1.000000
vt 0.435412 0.885048
vt 0.435412 0.772116
vt 0.000000 -0.000000
vt 0.778354 0.373952
vt 0.658603 0.091018
vt 0.474144 1.000000
vt -0.000000 0.999999
vt 0.197299 0.000000
vt 0.040623 0.626322
vt 0.253698 0.585336
vt 0.253698 1.000000
vt 0.003698 1.000000
vt 0.691687 0.653127
vt 0.197587 0.066706
vt 0.202683 0.943279
vt 0.108046 0.036598
vt 0.000000 0.224111
vt 0.502400 0.299623
vt 1.000000 0.373952
vt 0.999999 0.500000
vt 0.000000 1.000000
s 1
usemtl wall_with_bottom
f 2884/909/676 2886/910/676 2636/911/676 2626/912/676
f 2630/909/677 2639/910/677 2634/911/677 2623/912/677
f 2628/909/677 2637/910/677 2639/911/677 2630/912/677
f 2626/909/678 2636/910/678 2635/911/679 2625/912/679
f 2629/909/680 2638/910/680 2640/911/680 2632/912/680
f 2632/909/680 2640/910/680 2637/911/680 2628/912/680
f 2625/909/679 2635/910/679 2638/911/681 2629/912/681
f 2684/930/689 2657/931/689 2756/932/690 2681/933/691
f 2682/934/692 2790/911/693 2708/935/694 2664/936/695
f 2689/937/700 2655/911/697 2788/910/701 2666/938/702
f 2688/939/703 2665/940/704 2652/909/705 2653/941/706
f 2680/942/707 2842/943/708 2667/944/709
f 2686/945/710 2770/909/711 2672/946/712
f 2685/947/713 2789/911/714 2757/910/715 2687/948/716
f 2668/949/717 2688/950/703 2653/951/706
f 2708/935/694 2790/911/693 3103/952/718
f 2681/953/691 2756/909/690 2770/941/711 2686/954/710
f 2687/955/716 2757/956/715 2790/910/693 2682/957/692
f 2666/958/702 2788/911/701 2787/910/719 2683/959/720
f 2673/960/721 2755/909/722 2652/912/705 2665/961/704
f 2683/962/720 2787/956/719 2654/910/723 2675/963/724
f 2755/941/722 2673/964/721 2677/965/725
f 2654/911/723 2789/910/714 2685/966/713 2675/967/724
f 2668/949/717 2653/951/706 2843/972/707 2679/973/707
f 2817/1044/809 2820/1045/810 2854/1046/810 2662/1047/811
f 2775/1048/812 2776/1049/813 2648/1050/813 2851/1051/810
f 2793/1065/747 2792/1003/747 2988/1002/747 2794/1066/747
f 2772/1065/820 2793/1003/820 2794/1002/820 2982/1066/820
f 2649/1077/834 2779/1078/835 2775/1079/812 2851/1080/810
f 2820/1081/810 2818/1082/834 2863/1083/834 2854/1084/810
f 2780/1104/747 2779/1105/835 2649/1106/834 2646/1107/747
f 2776/1049/813 2740/1120/863 2651/1121/863 2648/1050/813
f 2877/909/912 2880/1144/913 2986/1006/914 2984/910/915
f 2879/1145/916 2902/1146/917 2878/1147/918
f 2880/1144/913 2879/912/916 2985/911/919 2986/1006/914
f 2884/1153/747 2877/910/747 2984/911/747 2886/1154/747
f 2792/1072/680 2847/1073/680 2987/1074/925 2988/1075/926
f 2847/1073/677 2885/1154/677 2887/1153/677 2987/910/677
f 2878/1147/918 2881/1172/942 2985/1173/919 2879/1145/916
f 2935/1052/943 2892/1053/944 2929/912/945 2930/911/946
f 2934/1181/948 2931/1182/938 2911/1053/938 2867/912/949
f 2930/1052/946 2929/1053/945 2911/912/938 2931/911/938
f 2934/1052/948 2867/1053/949 2914/912/964 2932/911/965
f 2918/909/968 2933/910/968 2936/911/968 2915/912/968
f 2914/909/964 2915/912/747 2936/911/747 2932/910/965
f 2883/1065/677 2939/1066/677 3098/1002/677 2919/1003/677
f 2883/1072/686 2875/1073/686 2938/1074/686 2939/1075/686
f 2772/1252/747 2982/911/1022 2821/910/1023 2740/1253/747
f 3056/1325/1058 3008/1315/1059 3053/1314/1058
f 3056/1325/1058 3052/1326/1058 3003/1327/1058 3058/1328/1058
f 3058/1328/1058 3008/1315/1059 3056/1325/1058
f 3054/909/677 3014/1334/677 3015/1335/677
f 3074/911/686 3072/910/686 3068/909/686 3066/912/686
f 3077/911/747 3078/910/747 3060/909/747 3061/912/747
f 3051/909/677 3081/1336/677 3079/1337/677 3017/1338/677
f 3080/911/677 3079/910/677 3063/909/677 3062/912/677
f 3003/1339/747 3052/1340/747 3002/1341/747
f 3061/1342/747 3064/912/747 3059/956/747 3077/910/747
f 3053/909/686 3055/912/686 3072/911/686 3074/910/686
f 3005/1343/747 3002/1344/747 3078/911/747 3077/910/747
f 3015/1343/677 3017/1344/677 3079/911/677 3080/910/677
f 3077/911/747 3059/1345/747 3050/1346/747 3005/1347/747
f 3050/1346/747 3004/912/747 3005/1347/747
f 3078/911/747 3076/910/747 3065/909/747 3060/912/747
f 3073/911/677 3080/910/677 3062/909/677 3067/912/677
f 3081/911/677 3082/912/677 3063/909/677 3079/910/677
f 3002/1341/747 3052/1340/747 3076/1348/747 3078/1349/747
f 3015/1335/677 3080/911/677 3073/910/677 3054/909/677
f 3017/1338/677 3012/1350/677 3051/909/677
f 3098/911/677 3089/1351/677 3081/910/677
f 3098/1002/677 3081/1336/677 3051/909/677 2919/912/677
f 2933/1074/1064 2918/1073/747 3050/1072/747 3059/1075/747
f 3059/956/747 3088/1352/747 2933/910/1064
f 3089/1351/677 3001/912/677 3082/909/677 3081/910/677
f 2885/912/686 2643/1391/686 2642/1392/686
f 2645/1393/686 2644/1394/686 2623/909/686
f 2887/911/686 2885/912/686 2642/1392/686
f 2645/1393/686 2623/909/686 2634/910/686
f 2655/1395/697 2689/1396/700 2667/944/709
f 2862/1414/747 2821/1415/747 2795/911/747
f 2859/1416/747 2858/1417/747 2861/1418/747
f 2861/1418/747 2860/1419/747 2862/1414/747
f 2842/943/708 2845/1424/698 2655/1395/697 2667/944/709
f 2642/1392/686 2645/1393/686 2634/910/686 2887/911/686
f 2643/1391/686 2885/912/686 2623/909/686 2644/1394/686
f 3064/912/747 2937/909/747 3088/1352/747 3059/956/747
f 3103/952/718 2864/1453/1125 2703/1454/1125 2708/935/694
f 2787/909/719 2788/911/701 3106/910/1175
f 2935/1483/943 2974/1484/1188 2892/1485/944
f 2662/1579/811 2862/1580/1245 2821/1581/1245
f 2661/1722/747 2863/1723/834 2818/1724/834 2750/1725/747
f 2817/1730/809 2662/1579/811 2821/1581/1245 2819/1731/1185
usemtl floor
f 2632/909/673 2628/910/673 2630/911/673 2633/912/673
f 2629/909/673 2632/910/673 2633/911/673 2625/912/673
f 2630/913/673 2623/914/673 2885/915/674 2633/916/673
f 2885/915/674 2884/909/675 2633/916/673
f 2637/909/682 2640/910/682 2641/911/682 2639/912/682
f 2635/909/682 2636/910/682 2886/911/683 2641/912/682
f 2640/909/682 2638/910/682 2635/911/682 2641/912/682
f 2886/917/683 2887/918/684 2641/919/682
f 2887/918/684 2634/920/682 2639/921/682 2641/919/682
f 2625/909/673 2633/910/673 2884/911/675 2626/912/673
f 2677/1015/773 2672/1016/774 2768/1017/775 2766/1018/776
f 2771/1019/783 2768/1020/775 2672/1021/774 2770/1022/784
f 2766/1018/776 2763/1023/787 2765/1024/788
f 2767/1027/794 2771/1019/783 2770/1022/784 2756/1028/795
f 2766/1018/776 2765/1024/788 2755/1029/797 2677/1015/773
f 2772/909/798 2783/1030/799 2739/1031/800 2736/1032/801
f 2727/1033/802 2764/1034/802 2773/1035/800 2772/909/798
f 2739/1036/800 2783/1037/799 2652/1038/803 2741/1039/804
f 2652/1038/803 2765/1040/788 2741/1039/804
f 2765/1040/788 2652/1038/803 2755/911/797
f 2779/1041/806 2784/1042/807 2775/1043/808
f 2740/1052/673 2784/1053/807 2783/912/799 2772/911/798
f 2783/909/799 2784/912/807 2653/911/814 2652/910/803
f 2784/910/807 2841/1054/815 2843/1055/816 2653/1056/814
f 2772/909/798 2736/1032/801 2732/1071/821 2727/1033/802
f 2773/1072/800 2751/1073/822 2792/1074/823 2772/1075/798
f 2763/1076/787 2741/1039/804 2765/1040/788
f 2767/909/794 2756/912/795 2657/911/836 2876/910/837
f 2751/909/822 2767/912/794 2876/911/837 2848/910/838
f 2847/1072/839 2792/1073/823 2751/1074/822 2848/1075/838
f 2785/1118/861 2836/1119/862 2841/1054/815 2784/910/807
f 2914/1134/899 2867/1135/900 2869/1136/901
f 2867/1135/900 2868/1141/909 2869/1136/901
f 2869/1136/901 2870/1142/910 2873/1143/911
f 2848/909/838 2882/912/920 2877/911/921 2847/910/839
f 2876/1148/837 2875/1149/922 2882/1150/920 2848/1151/838
f 2882/1150/920 2875/1149/922 2924/1152/923
f 2885/1153/674 2847/910/839 2877/911/921 2884/1154/675
f 2987/1153/924 2887/910/684 2886/911/683 2984/1154/924
f 2914/1187/899 2872/1188/950 2894/1189/951
f 2914/909/899 2894/912/951 2918/911/952 2915/910/953
f 2917/909/954 2916/912/955 2922/911/956 2923/910/957
f 2916/909/955 2918/912/952 2894/911/951 2922/910/956
f 2917/909/954 2923/910/957 2883/911/958 2919/912/959
f 2924/1152/923 2875/1149/922 2883/1190/958
f 2883/909/958 2923/912/957 2924/911/923
f 2882/909/920 2924/912/923 2923/911/957 2925/910/673
f 2922/909/956 2926/912/673 2925/911/673 2923/910/957
f 2899/909/673 2926/912/673 2922/911/956 2898/910/673
f 2894/909/951 2898/912/673 2922/911/956
f 2925/909/673 2926/912/673 2928/911/673 2927/910/673
f 2895/909/673 2928/912/673 2926/911/673 2899/910/673
f 2882/1191/920 2925/1192/673 2927/1193/673 2877/1194/921
f 2880/1195/673 2877/1194/921 2927/1193/673
f 2902/1196/673 2879/1197/673 2927/1198/673 2928/1199/673
f 2880/1200/673 2927/1198/673 2879/1197/673
f 2972/909/984 2975/910/985 2954/911/673 2956/912/673
f 2953/909/673 2977/910/673 2978/911/673 2955/912/673
f 2974/909/997 2977/910/673 2953/911/673 2952/912/673
f 2973/909/998 2958/911/673 3156/912/999 3114/1240/673
f 2976/909/673 2959/910/673 2955/911/673 2978/912/673
f 2972/909/984 2956/910/673 2958/911/673 2973/912/998
f 3156/909/999 2958/911/673 2957/912/673
f 2954/909/673 2975/910/985 2974/911/997 2952/912/673
f 2959/909/673 2976/910/673 3190/1006/673
f 2892/909/1001 2881/910/1002 2979/911/1003 2980/912/1004
f 2979/909/1003 2889/911/1005 2980/912/1004
f 2980/909/1004 2981/911/1006 2892/912/1001
f 2881/909/1002 2892/910/1001 2974/911/997 2975/912/985
f 2881/909/1007 2985/912/1007 2975/911/1007
f 2991/909/673 3112/912/673 2973/911/998 2983/910/673
f 2973/909/1027 3112/910/1027 3105/911/1027 3097/912/1027
f 2975/909/985 2972/910/984 3113/1260/673 2990/912/673
f 2990/909/673 2989/912/1028 2975/911/985
f 2975/909/985 2989/912/1028 2881/911/1029
f 3097/909/1030 3090/912/1030 2972/911/984 2973/910/998
f 3113/909/1031 2972/912/1031 3090/911/1031 3102/910/1031
f 3094/909/1032 3123/910/1033 3124/911/1034 3116/912/1035
f 3055/1313/1057 3053/1314/1058 3008/1315/1059 3013/1316/1059
f 3014/1317/1057 3054/1318/1060 3057/1319/1057
f 3057/1319/1057 3013/1316/1059 3014/1317/1057
f 3011/1320/673 3051/1321/1061 3012/1322/1062
f 3006/1323/1063 3004/1324/798 3050/909/1063
f 3055/1313/1057 3013/1316/1059 3057/1319/1057
f 2916/909/955 3006/912/1063 3050/911/1063 2918/910/952
f 3011/909/673 3006/912/1063 2916/911/955 2917/910/954
f 2917/909/954 2919/910/959 3051/911/1061 3011/912/673
f 3087/909/754 3100/910/754 3101/911/1071 3086/912/1071
f 3092/909/1072 3122/910/1073 3124/911/1034 3091/912/1074
f 3090/909/680 3097/912/680 3105/911/680 3102/910/680
f 3099/909/682 3098/910/682 2939/1368/682 3454/1369/682
f 2864/909/1075 3103/912/1076 3453/911/1077 2938/910/1078
f 3097/909/747 3105/910/747 3104/911/747 3096/912/747
f 3089/909/680 3098/910/680 3099/911/680 3088/912/680
f 3454/1370/677 3100/911/677 3087/912/677
f 3086/909/1071 3101/910/1071 3102/911/686 3090/912/686
f 3095/1371/1079 3084/1372/1080 3096/1373/1081
f 3084/1372/1080 3089/1374/673 3090/910/673 3096/1373/1081
f 3097/1375/673 3096/1373/1081 3090/910/673
f 3088/1376/673 3087/1377/673 3090/1378/673 3089/1379/673
f 3087/1377/673 3086/1380/673 3090/1378/673
f 2787/909/682 3106/910/682 3108/911/1082 2654/1381/1083
f 2789/909/1084 3108/910/1082 3107/911/1085 2757/912/1086
f 3110/1382/1087 3107/1383/1085 3109/1384/682
f 3093/909/1088 3109/910/1088 3107/911/1089 3091/912/1089
f 3091/909/1089 3107/910/1089 3108/911/1090 3092/912/1090
f 3092/909/1090 3108/910/1090 3106/911/1091 3206/912/1091
f 3104/909/1092 3110/910/1092 3123/911/1092 3096/912/1092
f 3110/911/1087 3104/910/1093 3453/1385/1077
f 3105/1386/1094 3112/1387/1094 3111/1388/1095 3102/1389/1096
f 3113/1390/1097 3102/1389/1096 3111/1388/1095
f 2779/1041/806 2778/1397/1098 2785/1398/861 2784/1042/807
f 2751/1399/822 2774/1400/1099 2767/1027/794
f 2757/1006/1086 3107/1383/1085 3110/1382/1087 2790/1401/1100
f 2768/1020/775 2771/1019/783 2758/1402/1101 2753/1403/1102
f 2766/1018/776 2809/1404/1103 2761/1405/827 2763/1023/787
f 2779/1041/806 2780/1406/1104 2778/1397/1098
f 2778/1397/1098 2777/1407/1105 2785/1398/861
f 2784/1042/807 2740/910/673 2775/1043/808
f 2740/910/1106 2776/1408/1106 2775/1043/1106
f 2759/1409/1107 2758/1402/1101 2771/1019/783 2762/1410/1108
f 3095/909/1079 3094/911/1032 3120/912/1112
f 2767/1027/794 2774/1400/1099 2762/1410/1108 2771/1019/783
f 3157/1438/673 2983/911/673 3158/1439/1115
f 3158/1439/1115 3114/1440/673 3156/909/999
f 2983/911/673 2973/912/998 3114/1440/673 3158/1439/1115
f 3115/1441/673 2819/1442/673 3190/1443/673 2976/1444/673
f 3084/1449/1080 3095/1450/1079 3120/1451/1112 3085/1452/1119
f 3094/909/1032 3095/910/1079 3096/911/1081 3123/912/1033
f 3117/909/1120 3122/910/1073 3121/911/1121 3201/912/1122
f 3122/909/1073 3117/910/1120 3116/911/1035 3124/912/1034
f 3122/909/1073 3092/910/1072 3206/911/1123 3121/912/1121
f 3123/909/1033 3093/910/1124 3091/911/1074 3124/912/1034
f 3108/911/1082 2789/912/1084 2654/1381/1083
f 3126/909/677 3127/912/677 3128/910/677
f 3192/1455/1126 3127/1382/1127 3191/1456/1128 3193/1457/1129
f 3205/909/1130 3133/912/1131 3147/911/1132 3196/910/1133
f 3126/1382/1134 3128/1384/1134 3140/1383/1135 3161/1401/1136
f 3141/909/1137 3143/912/1138 3145/911/1139 3148/910/1140
f 3133/1065/1131 3137/1003/1141 3130/1002/1142 3147/1066/1132
f 3131/912/1143 3132/911/1143 3133/910/1143
f 3135/909/1144 3132/912/1145 3131/911/1146 3206/910/1146
f 3206/909/1147 3131/912/1147 3133/911/1131 3205/910/1130
f 3143/909/1138 3139/912/1148 3129/911/1149 3145/910/1139
f 3145/909/1139 3129/912/1149 3138/911/1150 3132/910/1145
f 3132/909/1151 3138/912/1152 3137/911/1153 3133/910/1151
f 3147/1065/1132 3130/1003/1142 3140/1002/1135 3144/1066/1154
f 3196/909/1133 3147/912/1132 3144/911/1154 3194/910/1155
f 3148/909/1140 3145/912/1139 3132/911/1145 3135/910/1144
f 3153/909/673 3128/910/673 3126/911/673 3154/912/673
f 3152/909/673 3153/910/673 3154/911/673 3150/912/673
f 3126/913/673 3149/914/673 3233/915/673 3154/916/673
f 3233/915/673 3232/1458/673 3154/916/673
f 3126/909/680 3161/912/680 3127/911/680
f 3137/909/1141 3158/912/1115 3156/911/999 3130/910/1142
f 3138/909/1152 3157/912/1156 3158/911/1156 3137/910/1153
f 3127/909/680 3161/912/680 3160/911/680
f 3159/1382/1157 3129/1384/1158 3160/1383/1159
f 3161/909/680 3130/912/680 3160/910/680
f 3130/912/1142 3156/911/999 3160/910/1160
f 3233/915/680 3149/914/680 3162/914/680 3164/915/680
f 3149/909/747 3126/912/747 3127/911/747 3162/910/747
f 3190/1443/673 2819/1442/673 3159/1481/673 3156/1482/999
f 3227/1511/680 3232/1458/680 3233/915/680 3164/915/680
f 3234/912/680 3232/1458/680 3227/1511/680 3163/912/680
f 3154/1521/673 3232/1522/673 3234/1523/673 3150/1524/673
f 3164/1551/682 3227/1552/682 3258/1553/682 3256/1554/682
f 3162/1555/682 3164/1556/682 3256/1557/682 3254/1558/682
f 3261/1563/1244 3260/1564/1244 3256/1565/1244 3258/1566/1244
f 3129/1401/1149 3159/1382/1253 3157/1383/1253 3138/1006/1150
f 3161/1401/1136 3140/1383/1135 3130/1006/1142
f 3190/1006/673 3156/911/999 2957/912/673
f 2957/912/673 2959/909/673 3190/1006/673
f 3191/1456/1128 3127/1382/1127 3160/1384/1256
f 3160/1384/1256 3129/1383/1149 3139/1006/1148
f 3189/1667/1127 3191/1456/1128 3160/1384/1256
f 3188/1668/1257 3189/1667/1127 3160/1384/1256
f 3156/1401/1258 3159/1382/1157 3160/1383/1159
f 3255/1669/1244 3257/1670/1244 3261/1563/1244 3258/1566/1244
f 3259/1673/1244 3254/1674/1244 3256/1565/1244 3260/1564/1244
f 3454/1675/682 2939/1676/682 3452/1677/682 3100/1678/682
f 2938/1679/1078 3104/1680/1093 3452/1681/682 2939/1682/682
f 3100/1683/682 3452/1684/682 3102/1685/682 3101/1686/682
f 2938/1679/1078 3453/1687/1077 3104/1680/1093
f 3452/909/682 3104/912/1093 3105/911/682 3102/910/682
f 2753/1688/1102 2809/1404/1103 2766/1018/776 2768/1017/775
f 2982/1689/682 2794/1690/682 2988/1691/682
f 3087/912/677 3088/909/677 3454/1370/677
f 3088/909/677 3099/910/677 3454/1370/677
f 3453/1385/1077 3103/909/1076 2790/912/1100
f 2790/912/1100 3110/911/1087 3453/1385/1077
f 2772/1713/798 2792/1714/823 2793/1715/673
f 2869/1136/901 2873/1143/911 2872/1716/950 2914/1134/899
f 2928/909/673 2895/912/673 2897/911/673 2902/910/673
f 3093/1718/677 3123/1719/677 3110/1720/677 3109/1721/677
f 3139/1006/1148 3165/1726/1266 3188/1668/1257 3160/1384/1256
usemtl collection16
f 2643/922/685 2644/923/685 3451/924/685 2631/925/685
f 2627/926/686 2631/925/686 3451/924/686 2624/927/686
f 2642/928/687 2643/922/687 2631/925/687 2627/926/687
f 2645/929/688 2642/928/688 2627/926/688 2624/927/688
f 2710/986/749 2701/987/749 2719/988/749 2724/989/749
f 2716/990/747 2701/987/747 2710/986/747 2717/991/747
f 2716/990/750 2717/991/750 2721/992/750 2723/993/750
f 2719/994/751 2701/995/751 2716/996/751 2723/997/751
f 2717/991/752 2710/986/752 2724/989/752 2721/992/752
f 3440/1657/747 3446/1658/747 3437/1659/747 3445/1660/747
f 3447/1661/752 3440/1657/752 3445/1660/752 3449/1662/752
f 3448/1663/750 3446/1658/750 3440/1657/750 3447/1661/750
f 3450/1664/751 3437/1659/751 3446/1658/751 3448/1663/751
f 3437/1659/749 3450/1664/749 3449/1662/749 3445/1660/749
f 3451/924/1255 2644/1665/1255 2645/1666/1255 2624/927/1255
usemtl regular_walls
f 2786/909/696 2655/912/697 2845/911/698 2846/910/699
f 2764/909/781 2762/912/781 2774/911/781 2773/910/781
f 3204/909/791 2769/912/792 3117/1025/793 3201/1026/791
f 2762/912/796 2760/911/796 2759/910/796
f 2773/909/781 2774/912/781 2751/911/805
f 2826/909/686 2823/912/686 2729/911/686 2822/910/686
f 2754/909/817 3116/1057/817 3117/1058/793 2769/910/792
f 2791/909/818 3094/1063/819 3116/1064/817 2754/910/817
f 2830/1085/686 2826/912/686 2822/911/686 2828/1086/686
f 2829/1085/686 2824/912/686 2826/911/686 2830/1086/686
f 2824/909/686 2782/912/686 2823/911/686 2826/910/686
f 3165/911/840 2742/909/841 2752/912/842
f 2729/1087/682 2742/1088/682 2827/1089/682 2822/1090/682
f 2828/910/843 2831/1091/843 2846/911/843 2738/910/843
f 2822/1090/682 2827/1089/682 2831/1092/682 2828/1093/682
f 2781/909/686 2829/1085/686 2830/1086/686 2825/910/686
f 2825/909/686 2830/1085/686 2828/1086/686 2738/910/686
f 2713/912/747 2864/1006/747 2938/911/747
f 2873/1137/902 2874/1138/903 2872/1139/904
f 2869/1137/905 2871/1138/905 2913/1139/905 2870/1140/905
f 2873/1137/902 2870/1138/906 2913/1139/906 2874/1140/903
f 2869/1137/907 2868/1138/907 2912/1139/907 2871/1140/907
f 2888/1155/927 2979/1156/927 2881/1157/927 2878/1158/927
f 2890/1164/933 2891/1165/933 2980/1166/933 2889/1167/933
f 2891/1165/934 2893/1168/934 2981/1169/934 2980/1166/934
f 2892/1170/935 2981/1169/935 2893/1168/935 2908/1171/935
f 2867/1137/963 2866/1138/963 2912/1139/963 2868/1140/963
f 2889/1167/966 2979/1156/966 2888/1155/966 2890/1164/966
f 2931/1053/938 2934/912/948 2910/1181/969 2907/1182/970
f 2905/1052/971 2935/1053/943 2930/912/946 2904/911/972
f 2936/912/747 2920/911/747 2903/910/973 2932/909/965
f 2818/1075/834 3188/1241/1008 3165/1242/747 2750/1006/747
f 3000/1261/1036 3001/1262/1037 3089/1263/1038 3084/1264/1038
f 3083/909/1065 2921/910/1066 2937/911/1067 3001/912/1037
f 2920/911/968 2937/1353/1067 2921/910/1066
f 3063/1354/682 3061/1355/682 3060/1356/682 3062/1357/682
f 3069/1358/682 3066/1359/682 3068/1360/682 3070/1361/682
f 3061/1355/682 3063/1354/682 3082/1362/1068 3064/1363/1069
f 3082/1362/1068 3001/1364/1070 2937/1365/1070 3064/1363/1069
f 3085/1366/747 2865/910/747 3000/1006/747 3084/1367/747
f 2703/909/747 2864/910/747 2713/912/747
f 3062/1357/682 3060/1356/682 3069/1358/682 3070/1361/682
f 2742/1427/673 2743/1428/673 2750/1429/673 2752/1430/673
f 2930/1053/946 2931/912/938 2907/911/970 2904/1052/972
f 3065/1436/682 3069/1358/682 3060/1356/682
f 3062/1357/682 3070/1361/682 3067/1437/682
f 3120/1445/1116 3119/1446/1117 2865/909/1118 3085/1447/1118
f 3094/1448/819 2791/910/818 3119/1446/1117 3120/1445/1116
f 2946/909/991 2942/912/976 3163/911/1161 3227/910/1162
f 2831/909/1163 2786/912/1164 2846/911/1165
f 3180/1461/680 3202/1462/680 3218/1462/680 3217/1461/680
f 3174/909/680 3457/912/1166 3456/911/1167 3173/910/680
f 3458/909/1168 3236/912/1169 3368/911/1170 3455/910/1171
f 3197/1463/682 3214/1463/682 3207/1464/682 3198/1464/682
f 3202/1462/682 3200/1465/682 3216/1465/682 3218/1462/682
f 3177/909/680 3178/912/680 3169/911/680 3170/910/680
f 3179/909/680 3174/912/680 3173/911/680 3172/910/680
f 3178/909/680 3179/912/680 3172/911/680 3169/910/680
f 3195/909/680 3177/912/680 3170/911/680 3388/910/680
f 3208/1466/686 3176/1467/686 3219/1467/686 3223/1466/686
f 3203/1468/673 3136/1469/673 3222/1469/673 3212/1468/673
f 3134/1470/673 3146/1471/673 3220/1471/673 3221/1470/673
f 3200/1465/682 3199/1472/682 3215/1472/682 3216/1465/682
f 3194/909/680 3144/912/680 3177/911/680 3195/910/680
f 3140/909/680 3128/912/680 3179/911/680 3178/910/680
f 3128/909/680 3153/912/680 3174/911/680 3179/910/680
f 3144/909/680 3140/912/680 3178/911/680 3177/910/680
f 3136/1469/673 3134/1473/673 3221/1473/673 3222/1469/673
f 3199/1474/682 3198/1464/682 3207/1464/682 3215/1474/682
f 3152/909/681 3150/912/1172 3458/911/1168 3457/910/1173
f 3150/909/1172 3234/912/1174 3236/911/1169 3458/910/1168
f 3153/909/680 3152/912/680 3457/911/1166 3174/910/680
f 3146/1471/673 3142/1475/673 3224/1475/673 3220/1471/673
f 2769/909/792 3204/912/791 3182/911/791 3183/910/792
f 3181/911/817 3184/910/818 2791/909/818 2754/912/817
f 2865/909/1118 3119/912/1117 3187/911/1117 3185/910/1118
f 2865/909/747 3185/910/747 3186/911/747 3000/912/747
f 2754/909/817 2769/912/792 3183/911/792 3181/910/817
f 3000/909/1036 3186/910/686 3083/911/1065 3001/912/1037
f 2788/909/701 3135/912/1176 3206/911/1177 3106/910/1175
f 3135/909/1176 2788/912/701 2655/911/697 3148/910/1178
f 2786/909/696 3141/912/1178 3148/911/1178 2655/910/697
f 3141/909/1179 2786/912/1164 2831/911/1163 3143/910/1180
f 2831/1065/1163 2827/1003/1181 3139/1002/1182 3143/1066/1180
f 2742/909/841 3165/912/840 3139/911/1182 2827/910/1181
f 2818/1074/834 2820/1006/810 3189/1476/1183 3188/1477/1008
f 2752/909/747 2750/1072/747 3165/1478/747
f 2820/911/810 2817/1074/809 3191/1479/1184 3189/1480/1183
f 2819/909/1185 3190/912/1186 3127/911/1186 3192/910/1187
f 3128/909/677 3127/910/677 3190/911/677 2976/912/677
f 2974/909/1188 3150/912/1189 3152/911/681 2977/910/681
f 2935/909/943 2905/912/971 3150/911/1189 2974/910/1188
f 3180/1486/677 3142/1475/677 3194/912/677 3195/911/677
f 3142/1475/677 3146/1471/1190 3196/909/1190 3194/912/677
f 3198/1464/1191 3168/911/1191 3166/910/1192 3197/1463/1192
f 3198/1464/1191 3199/1474/1193 3167/910/1194 3168/911/1191
f 3199/1472/1193 3200/1465/677 3171/910/677 3167/911/1194
f 3200/1465/677 3202/1462/677 3388/911/677 3171/910/677
f 3202/1462/677 3180/1461/677 3195/912/677 3388/911/677
f 3203/1487/1195 3118/1488/1196 3201/909/1197 3121/912/1195
f 3118/1488/1196 3176/1489/1198 3204/910/1198 3201/909/1197
f 3134/1473/1199 3136/1469/1200 3206/912/1201 3205/909/1202
f 3146/1471/1190 3134/1470/1199 3205/912/1202 3196/909/1190
f 3136/1469/1200 3203/1468/1195 3121/909/1195 3206/912/1201
f 3176/1467/1198 3208/1466/1198 3182/910/1198 3204/909/1198
f 3208/1466/1198 3197/1490/1192 3166/911/1192 3182/910/1198
f 3197/1490/682 3208/1466/682 3223/1466/682 3214/1490/682
f 3118/1488/673 3203/1487/673 3212/1487/673 3225/1488/673
f 3142/1475/680 3180/1486/680 3217/1486/680 3224/1475/680
f 3176/1489/686 3118/1488/686 3225/1488/686 3219/1489/686
f 2950/909/992 3162/912/1212 3127/911/1213 2951/910/980
f 3162/909/1212 2950/912/992 3164/911/682
f 2950/909/992 2946/912/991 3227/911/1162 3164/910/682
f 3235/1512/1214 3250/1512/1214 3248/1513/1214 3155/1513/1214
f 2942/909/976 2940/912/975 3150/911/1215 3163/910/1161
f 3150/909/1215 2940/912/975 2941/911/979 3152/910/1216
f 3152/909/1216 2941/912/979 2943/911/978 3153/910/1217
f 3153/909/1217 2943/912/978 2949/911/981 3128/910/1218
f 2949/909/981 2951/912/980 3127/911/1213 3128/910/1218
f 3240/1514/1219 3244/1514/1219 3245/1515/1219 3241/1515/1219
f 3241/1515/1219 3245/1515/1219 3243/1516/1219 3239/1516/1219
f 3151/1517/1214 3226/1518/1214 3251/1518/1214 3253/1517/1214
f 3155/1519/1214 3248/1519/1214 3251/1518/1214 3226/1518/1214
f 3239/1516/1220 3243/1516/1220 3242/1520/1221 3237/1520/1221
f 3226/1518/1222 3232/912/1222 3233/909/1223 3155/1519/1223
f 3155/1513/1223 3233/910/1223 3149/911/1224 3235/1512/1224
f 3151/1525/1225 3175/1526/1226 3236/1527/1226 3234/1528/1225
f 3175/1529/1226 3238/1530/1227 3368/911/1227 3236/910/1226
f 3226/1518/1222 3151/1517/1225 3234/909/1225 3232/912/1222
f 3237/1531/1228 3231/1532/1228 3228/909/1229 3239/1533/1229
f 3241/1534/1230 3229/1535/1230 3230/1536/1231 3240/1537/1231
f 3239/1516/1229 3228/909/1229 3229/910/1230 3241/1515/1230
f 3238/1530/1227 3240/1538/1231 3230/912/1231 3368/911/1227
f 3235/1512/1224 3149/911/1224 3231/912/1228 3237/1520/1228
f 3240/1538/1219 3238/1530/1219 3249/1530/1219 3244/1538/1219
f 3175/1529/1241 3151/1517/1242 3253/1517/1242 3252/1529/1241
f 3237/1520/1221 3242/1520/1221 3250/1512/1221 3235/1512/1221
f 3238/1530/1243 3175/1529/1241 3252/1529/1241 3249/1530/1243
f 3163/1559/682 3255/1560/682 3258/1561/682 3227/1562/682
f 3254/1567/747 3259/1568/747 3231/1569/747
f 3255/1570/677 3236/1571/677 3257/1572/677
f 3228/1573/747 3231/1569/747 3259/1568/747
f 3231/1569/747 3149/1574/747 3254/1567/747
f 3149/1574/747 3162/1575/747 3254/1567/747
f 3255/1570/677 3163/1576/677 3234/1577/677
f 3234/1577/677 3236/1571/677 3255/1570/677
f 3236/1571/677 3368/1578/677 3257/1572/677
f 3184/911/818 3187/910/1117 3119/909/1117 2791/912/818
f 3290/909/680 3288/1383/680 3287/1611/680 3291/912/680
f 3291/1612/747 3287/1611/747 3286/1613/747 3289/1614/747
f 3320/909/686 3321/912/686 3317/1611/686 3318/1383/686
f 3321/1612/747 3319/1614/747 3316/1613/747 3317/1611/747
f 2934/1053/948 2932/912/965 2903/911/973 2910/1052/969
f 3457/909/1173 3458/912/1168 3455/911/1171 3456/910/1260
f 3163/1699/1263 3150/1700/1263 3234/1701/1263
f 2920/909/968 2936/912/968 2933/911/968 2937/910/1067
f 3191/1727/1184 2817/1728/809 3193/1729/1267
f 2819/1734/1185 3192/909/1187 3193/1729/1267 2817/1728/809
usemtl pattern_walls
f 2801/1002/753 2749/1003/754 2745/1004/755 2796/1005/755
f 2759/1006/756 2760/1007/757 2747/1008/758
f 2747/1009/758 2748/1002/759 2799/1010/759 2797/1004/758
f 2806/1009/766 2746/1002/767 2800/1010/768 2807/1004/766
f 2799/1002/759 2748/1003/759 2749/1004/754 2801/1005/753
f 2809/1002/769 2811/1010/770 2804/1004/771 2761/1005/772
f 2753/1009/777 2758/1002/778 2802/1010/779 2803/1004/780
f 2758/1009/778 2759/1002/756 2798/1010/782 2802/1004/779
f 2745/1009/755 2806/1002/766 2807/1010/766 2796/1004/755
f 2753/1002/777 2803/1010/780 2811/1004/770 2809/1005/769
f 2813/1009/832 2800/1002/768 2746/1010/767 2816/1004/833
f 2813/1002/832 2816/1010/833 2761/1004/772 2804/1005/771
f 2747/1002/758 2797/1010/758 2798/1004/782 2759/1005/756
f 2960/1065/686 2964/1003/986 2971/1002/986 2947/1066/686
f 2966/1066/987 2968/1233/987 2944/1003/680 2965/1002/680
f 2948/1065/747 2968/1003/988 2966/1002/988 2961/1066/747
f 2945/1066/677 2963/1233/677 2967/1003/993 2969/1002/993
f 2962/1066/994 2970/1233/994 2948/1003/747 2961/1002/747
f 2944/1065/680 2969/1003/995 2967/1002/995 2965/1066/680
f 2963/1066/677 2945/1233/677 2971/1003/996 2964/1002/996
f 2960/1066/686 2947/1233/686 2970/1003/1000 2962/1002/1000
f 3355/1002/1247 3341/1003/1247 3337/1004/755 3350/1005/755
f 3339/1009/758 3340/1002/759 3353/1010/759 3351/1004/758
f 3360/1009/766 3338/1002/1249 3354/1010/1249 3361/1004/766
f 3353/1002/759 3340/1003/759 3341/1004/1247 3355/1005/1247
f 3362/1002/770 3363/1010/770 3358/1004/1250 3346/1005/1250
f 3342/1009/780 3343/1002/779 3356/1010/779 3357/1004/780
f 3343/1009/779 3344/1002/782 3352/1010/782 3356/1004/779
f 3337/1009/755 3360/1002/766 3361/1010/766 3350/1004/755
f 3342/1002/780 3357/1010/780 3363/1004/770 3362/1005/770
f 3364/1009/1251 3354/1002/1249 3338/1010/1249 3366/1004/1252
f 3364/1002/1251 3366/1010/1252 3346/1004/1250 3358/1005/1250
f 3339/1002/758 3351/1010/758 3352/1004/782 3344/1005/782
usemtl yellow_board
f 2805/998/673 2806/999/673 2745/1000/673 2737/1001/673
f 2731/998/759 2762/999/677 2764/1000/677 2727/1001/759
f 2735/998/754 2731/999/759 2727/1000/759 2732/1001/754
f 2745/998/673 2749/999/673 2735/1000/673 2737/1001/673
f 2763/998/763 2744/1000/764 2741/1001/765
f 2735/998/673 2749/999/673 2748/1000/673 2731/1001/673
f 2731/998/673 2748/999/673 2747/1000/673 2762/1001/673
f 2811/998/682 2810/999/682 2728/1000/682 2804/1001/682
f 2800/998/682 2725/999/682 2722/1000/682 2807/1001/682
f 2760/998/673 2762/999/673 2747/1000/673
f 2812/998/785 2728/999/786 2730/1000/786 2814/1001/785
f 2810/998/789 2726/999/790 2733/1000/790 2808/1001/789
f 2699/998/758 2700/999/758 2702/1000/759 2704/1001/759
f 2704/998/759 2702/999/759 2705/1000/754 2706/1001/754
f 2707/998/782 2709/999/782 2700/1000/758 2699/1001/758
f 2706/998/754 2705/999/754 2711/1000/824 2714/1001/824
f 2715/998/779 2709/999/782 2707/1000/782 2718/1001/779
f 2720/998/825 2714/999/824 2711/1000/824 2722/1001/825
f 2726/998/790 2715/999/779 2718/1000/779 2733/1001/790
f 2734/998/826 2720/999/825 2722/1000/825 2725/1001/826
f 2763/998/787 2761/999/827 2816/1000/828 2815/1001/829
f 2711/998/682 2705/999/682 2801/1000/682 2796/1001/682
f 2812/998/682 2813/999/682 2804/1000/682 2728/1001/682
f 2802/998/682 2798/999/682 2709/1000/682 2715/1001/682
f 2797/998/682 2700/999/682 2709/1000/682 2798/1001/682
f 2799/998/682 2801/999/682 2705/1000/682 2702/1001/682
f 2799/998/682 2702/999/682 2700/1000/682 2797/1001/682
f 2726/998/682 2803/999/682 2802/1000/682 2715/1001/682
f 2744/998/830 2746/999/831 2806/1000/673 2805/1001/673
f 2728/998/786 2810/999/789 2808/1000/789 2730/1001/786
f 2803/998/682 2726/999/682 2810/1000/682 2811/1001/682
f 2725/998/826 2812/999/785 2814/1000/785 2734/1001/826
f 2815/998/829 2816/999/828 2746/1000/831 2744/1001/830
f 2725/998/682 2800/999/682 2813/1000/682 2812/1001/682
f 2807/998/682 2722/999/682 2711/1000/682 2796/1001/682
f 3005/1265/1039 3004/1266/1039 3006/1267/1039 3007/1268/1039
f 3008/1269/1040 3058/1270/1040 3002/1271/1040 3009/1272/1040
f 3015/1273/673 3016/1274/673 3029/1275/673 3030/1276/673
f 3041/1277/673 3034/1278/673 3047/1279/673 3048/1280/673
f 3013/1281/680 3008/1269/680 3009/1272/680 3016/1274/680
f 3014/1282/1041 3013/1281/1041 3016/1274/1041 3015/1273/1041
f 3017/1283/1042 3010/1284/1042 3011/1285/1042 3012/1286/1042
f 3018/1287/1043 3019/1288/1043 3020/1289/1044 3021/1290/1044
f 3021/1290/1044 3020/1289/1044 3022/1291/1045 3023/1292/1045
f 3024/1293/1040 3019/1288/1043 3018/1287/1043 3025/1294/1040
f 3026/1295/686 3023/1292/686 3022/1291/686 3027/1296/686
f 3037/1297/673 3039/1298/673 3042/1299/673 3049/1300/673
f 3029/1275/680 3024/1293/680 3025/1294/680 3032/1301/680
f 3030/1276/1046 3029/1275/1041 3032/1301/1041 3031/1302/1046
f 3033/1303/1047 3026/1295/1048 3027/1296/1048 3028/1304/1047
f 3030/1276/1046 3031/1302/1046 3033/1303/1047 3028/1304/1047
f 3034/1278/1049 3035/1305/1049 3036/1306/1050 3037/1297/1050
f 3037/1297/1050 3036/1306/1050 3038/1307/1051 3039/1298/1051
f 3040/1308/1052 3035/1305/1049 3034/1278/1049 3041/1277/1052
f 3042/1299/686 3039/1298/686 3038/1307/686 3043/1309/686
f 3037/1297/673 3049/1300/673 3047/1279/673 3034/1278/673
f 3045/1310/680 3040/1308/680 3041/1277/680 3048/1280/680
f 3046/1311/1053 3045/1310/1054 3048/1280/1054 3047/1279/1053
f 3049/1300/1055 3042/1299/1056 3043/1309/1056 3044/1312/1055
f 3046/1311/1053 3047/1279/1053 3049/1300/1055 3044/1312/1055
f 3033/1303/673 3031/1302/673 3046/1311/673 3044/1312/673
f 3026/1295/673 3033/1303/673 3044/1312/673 3043/1309/673
f 3023/1292/673 3026/1295/673 3043/1309/673 3038/1307/673
f 3021/1290/673 3023/1292/673 3038/1307/673 3036/1306/673
f 3018/1287/673 3021/1290/673 3036/1306/673 3035/1305/673
f 3025/1294/673 3018/1287/673 3035/1305/673 3040/1308/673
f 3032/1301/673 3025/1294/673 3040/1308/673 3045/1310/673
f 3031/1302/673 3032/1301/673 3045/1310/673 3046/1311/673
f 3016/1274/673 3009/1272/673 3024/1293/673 3029/1275/673
f 3017/1283/673 3015/1273/673 3030/1276/673 3028/1304/673
f 3010/1284/673 3017/1283/673 3028/1304/673 3027/1296/673
f 3007/1268/673 3010/1284/673 3027/1296/673 3022/1291/673
f 3005/1265/673 3007/1268/673 3022/1291/673 3020/1289/673
f 3002/1271/673 3005/1265/673 3020/1289/673 3019/1288/673
f 3009/1272/673 3002/1271/673 3019/1288/673 3024/1293/673
f 3002/1271/1040 3058/1270/1040 3003/1329/1040
f 2805/1420/1109 2739/1421/1110 2741/1422/765 2744/1423/764
f 3011/909/1042 3012/909/1042 3010/909/1042
f 2735/1431/754 2732/1432/754 2736/1422/1113 2737/1433/1113
f 2736/1434/1113 2739/1421/1110 2805/1420/1109 2737/1435/1113
f 3011/909/1114 3010/909/1114 3007/909/1114 3006/909/1114
f 3359/1586/1246 3333/1587/766 3313/1588/766 3466/1589/1246
f 3336/1618/779 3345/1619/780 3462/1620/780 3461/1621/779
f 3331/1622/1248 3359/1586/1246 3466/1589/1246 3330/1623/1248
f 3345/1619/780 3332/1624/770 3322/1625/770 3462/1620/780
f 3362/1626/673 3346/1627/673 3334/1628/673 3332/1624/673
f 3344/1629/673 3343/1630/673 3336/1618/673 3335/1631/673
f 3341/1632/673 3340/1633/673 3348/1634/673 3347/1635/673
f 3343/1630/673 3342/1636/673 3345/1619/673 3336/1618/673
f 3366/1637/673 3338/1638/673 3359/1586/673 3331/1622/673
f 3360/1639/673 3337/1640/673 3365/1641/673 3333/1587/673
f 3342/1636/673 3362/1626/673 3332/1624/673 3345/1619/673
f 3339/1642/673 3344/1629/673 3335/1631/673 3349/1643/673
f 3337/1640/673 3341/1632/673 3347/1635/673 3365/1641/673
f 3338/1638/673 3360/1639/673 3333/1587/673 3359/1586/673
f 3340/1633/673 3339/1642/673 3349/1643/673 3348/1634/673
f 3346/1627/673 3366/1637/673 3331/1622/673 3334/1628/673
f 3365/1641/1261 3347/1635/754 3463/1693/754 3467/1694/1261
f 3349/1643/758 3335/1631/782 3460/1695/782 3465/1696/758
f 3332/1624/770 3334/1628/1262 3459/1697/1262 3322/1625/770
f 3333/1587/766 3365/1641/1261 3467/1694/1261 3313/1588/766
f 3347/1635/754 3348/1634/759 3464/1698/759 3463/1693/754
f 3334/1628/1262 3331/1622/1248 3330/1623/1248 3459/1697/1262
f 3335/1631/782 3336/1618/779 3461/1621/779 3460/1695/782
f 3348/1634/759 3349/1643/758 3465/1696/758 3464/1698/759
usemtl grid_wall
f 2834/1094/844 2742/1095/845 2832/1096/747 2835/1097/747
f 2777/1098/846 2834/1099/844 2835/1100/747 2833/1101/747
f 2834/1094/844 2855/1102/847 2743/1103/848 2742/1095/845
f 2834/1099/844 2777/1098/846 2778/1108/849 2855/1109/847
f 2837/1110/850 2838/910/851 2844/1111/852 2836/1112/850
f 2843/909/853 2841/912/853 2840/911/854 2842/910/854
f 2842/909/854 2840/912/854 2839/911/855 2845/910/855
f 2838/1113/851 2828/910/856 2831/1114/857 2844/1115/852
f 2844/1115/852 2831/1114/857 2839/1116/858 2840/912/859
f 2836/1112/850 2844/1111/852 2840/1117/859 2841/912/860
f 2778/1411/680 2780/1412/680 2646/1413/680
f 2839/912/1111 2831/911/1111 2846/1425/1111 2845/909/1111
f 2750/911/680 2743/910/680 2661/1426/680
f 2661/1426/680 2743/910/680 2855/909/680
f 2778/1411/680 2646/1413/680 2856/1702/680
f 3125/1703/680 2856/1704/680 2647/1705/680
f 2855/1706/680 3125/1707/680 2660/1708/680
usemtl busy_wall
f 2690/968/726 2675/969/727 2685/970/713 2698/971/728
f 2696/968/729 2682/969/729 2664/970/730 2697/971/730
f 2692/968/731 2687/969/716 2682/970/729 2696/971/729
f 2692/971/731 2698/968/728 2685/969/713 2687/970/716
f 2693/971/732 2694/968/733 2673/969/721 2665/970/704
f 2691/971/734 2695/968/735 2688/969/703 2679/970/734
f 2695/971/735 2693/968/732 2665/969/704 2688/970/703
f 2694/971/733 2690/968/736 2677/969/725 2673/970/721
f 2683/971/737 2675/968/727 2690/969/726 2694/970/738
f 2689/971/739 2666/968/740 2693/969/740 2695/970/739
f 2680/971/741 2689/968/739 2695/969/739 2691/970/741
f 2666/971/740 2683/968/737 2694/969/738 2693/970/740
f 2686/971/742 2672/968/743 2698/969/744 2692/970/742
f 2686/968/742 2692/969/742 2696/970/745 2681/971/745
f 2681/968/745 2696/969/745 2697/970/746 2684/971/746
f 2677/968/725 2690/969/736 2698/970/744 2672/971/743
f 2678/1011/760 2849/1012/761 2859/1013/762 2858/1014/762
f 2860/1067/762 2671/1068/760 2850/1069/761 2861/1070/762
f 2656/1122/864 2658/1123/865 2649/1124/866 2851/1125/867
f 2852/1122/868 2656/1123/869 2659/1124/870 2849/1125/871
f 2659/1122/872 2656/1123/864 2851/1124/867 2648/1125/873
f 2649/1122/866 2658/1123/865 2856/1124/874 2646/1125/874
f 2647/1122/875 2856/1123/875 2658/1124/876 2650/1125/877
f 2650/1122/877 2658/1123/876 2656/1124/869 2852/1125/868
f 2860/1126/878 2862/1127/878 2662/1128/879 2671/1129/880
f 2669/1122/881 2670/1123/882 2663/1124/883 2853/1125/884
f 2854/1122/885 2669/1123/886 2671/1124/880 2662/1125/879
f 2850/1122/761 2671/1123/760 2669/1124/881 2853/1125/884
f 2663/1122/883 2670/1123/882 2855/1124/887 2660/1125/887
f 2670/1122/888 2863/1123/889 2661/1124/890 2855/1125/890
f 2659/1130/870 2857/1131/891 2859/1132/891 2849/1133/871
f 2863/1122/889 2670/1123/888 2669/1124/886 2854/1125/885
f 2678/1130/870 2858/1131/891 2861/1132/891 2850/1133/892
f 2674/1122/881 2676/1123/893 2650/1124/894 2852/1125/884
f 2853/1122/868 2674/1123/869 2678/1124/870 2850/1125/892
f 2849/1122/761 2678/1123/760 2674/1124/881 2852/1125/884
f 2650/1122/894 2676/1123/893 3125/1124/895 2647/1125/895
f 2660/1122/896 3125/1123/896 2676/1124/897 2663/1125/898
f 2663/1122/898 2676/1123/897 2674/1124/869 2853/1125/868
f 2659/1011/872 2648/1012/873 2651/1013/908 2857/1014/908
f 2995/1243/1009 3111/1244/1009 3112/1245/1010 2996/1246/1010
f 2997/1243/1009 2998/1246/1011 2989/1245/1012 2990/1244/1009
f 2999/1243/1013 2996/1246/1010 3112/1245/1010 2991/1244/1014
f 2997/1246/1009 2990/1245/1009 3113/1247/1015
f 2984/1243/915 2986/1246/914 2997/1245/1016 2995/1244/1016
f 2988/1243/926 2987/1246/925 2996/1245/1017 2999/1244/1018
f 2986/1243/914 2985/1246/919 2998/1245/1019 2997/1244/1016
f 2984/1243/915 2995/1244/1016 2996/1245/1017 2987/1246/925
f 2994/1248/1020 2999/1249/1013 2991/1250/1014 2983/1251/1021
f 2982/1254/1022 2988/1255/926 2999/1249/1018 2994/1248/1024
f 2998/1256/1019 2985/1257/919 2881/1258/1025
f 2998/1256/1011 2881/1258/1026 2989/1259/1012
f 3071/1330/677 3070/1331/677 3068/1332/677 3072/1333/677
f 3071/1330/686 3073/1333/686 3067/1332/686 3070/1331/686
f 3075/1330/747 3074/1333/747 3066/1332/747 3069/1331/747
f 3076/1330/686 3075/1333/686 3069/1332/686 3065/1331/686
f 3052/1332/686 3056/1331/686 3075/1330/686 3076/1333/686
f 3056/1332/747 3053/1331/747 3074/1330/747 3075/1333/747
f 3057/1332/677 3071/1333/677 3072/1330/677 3055/1331/677
f 3054/1331/686 3073/1330/686 3071/1333/686 3057/1332/686
f 3435/909/677 3436/1144/677 3438/1649/677 3439/1446/677
f 3441/909/686 3438/1144/686 3436/1649/686 3442/1446/686
f 3442/909/682 3436/1144/682 3435/1649/682 3443/1446/682
f 3444/909/673 3439/1144/673 3438/1649/673 3441/1446/673
f 3443/909/680 3435/1144/680 3439/1649/680 3444/1446/680
f 3447/1650/747 3444/1651/747 3441/1652/747 3448/1653/747
f 3448/1653/747 3441/1652/747 3442/909/747 3450/1654/747
f 3450/1654/747 3442/909/747 3443/1655/747 3449/1656/747
f 3449/1656/747 3443/1655/747 3444/1651/747 3447/1650/747
f 2992/1709/1264 2994/1710/1020 2983/1711/1021 2819/1712/1264
f 2982/1257/1022 2994/1710/1024 2993/1717/1265
f 2995/1243/1009 2997/1246/1009 3113/1247/1015 3111/1244/1009
f 2992/1732/1265 2821/1733/1023 2993/1717/1265
f 2821/1733/1023 2982/1257/1022 2993/1717/1265
usemtl brown_black
f 2909/1159/928 2893/1160/929 2890/1161/930
f 2878/1162/931 2901/1163/932 2890/1161/930
f 2894/909/747 2872/912/936 2898/911/937
f 2895/909/938 2899/912/939 2900/911/939 2896/910/938
f 2899/909/939 2898/912/937 2872/911/936 2900/910/939
f 2897/909/940 2895/912/938 2896/911/938 2901/910/941
f 2901/1163/932 2909/1159/928 2890/1161/930
f 2897/909/940 2901/912/941 2878/911/918 2902/910/917
f 2888/1174/673 2878/1162/931 2890/1161/930
f 2891/1175/673 2890/1161/930 2893/1160/929
f 2893/1160/929 2909/1159/928 2908/910/947
f 2901/1176/932 2896/1177/673 2906/1178/673 2909/910/928
f 2912/1179/673 2866/909/673 2906/1180/673
f 2913/1183/673 2900/1184/673 2874/1185/673
f 2900/1184/673 2872/1186/673 2874/1185/673
f 2867/909/949 2911/912/938 2906/911/938 2866/910/960
f 2911/909/938 2929/912/945 2909/911/961 2906/910/938
f 2929/909/945 2892/912/944 2908/911/962 2909/910/961
f 2896/1201/673 2900/1202/673 2913/1203/673
f 2913/1204/673 2871/1205/967 2912/1206/673
f 2896/1201/673 2913/1203/673 2912/1179/673 2906/1180/673
f 2968/1207/673 2958/1208/673 2956/1209/673 2944/1210/673
f 2958/1208/673 2968/1207/673 2948/1211/673 2957/1212/673
f 2955/1213/673 2959/1214/673 2970/1215/673 2947/1216/673
f 2963/1217/974 2940/1218/975 2942/1219/976 2967/1220/977
f 2960/1221/682 2943/1222/978 2941/1223/979 2964/1224/682
f 2951/1225/980 2949/1226/981 2962/1227/982 2961/1228/983
f 2971/1229/673 2945/1230/673 2952/1231/673 2953/1232/673
f 2964/1224/682 2941/1223/979 2940/1218/975 2963/1217/974
f 2966/1234/989 2965/1235/990 2946/1236/991 2950/1237/992
f 2950/1237/992 2951/1225/980 2961/1228/983 2966/1234/989
f 2943/1222/978 2960/1221/682 2962/1227/982 2949/1226/981
f 2965/1235/990 2967/1220/977 2942/1219/976 2946/1236/991
f 2945/1230/673 2969/1238/673 2954/1239/673 2952/1231/673
f 2970/1215/673 2959/1214/673 2957/1212/673 2948/1211/673
f 2947/1216/673 2971/1229/673 2953/1232/673 2955/1213/673
f 2969/1238/673 2944/1210/673 2956/1209/673 2954/1239/673
usemtl yellow_tech
f 3213/1491/1203 3209/1492/1204 3207/1493/1191 3214/1494/1192
f 3210/1495/1205 3215/1496/1194 3207/1493/1191 3209/1492/1204
f 3219/1497/1206 3213/1491/1203 3214/1494/1192 3223/1498/1198
f 3211/1499/677 3217/1500/677 3218/1501/677 3216/1502/677
f 3211/1499/677 3216/1502/677 3215/1503/1194 3210/1504/1205
f 3220/1505/1207 3211/1499/677 3210/1504/1205 3221/1506/1208
f 3220/1505/1207 3224/1507/677 3217/1500/677 3211/1499/677
f 3225/1508/1209 3212/1509/1210 3213/1491/1203 3219/1497/1206
f 3221/941/1208 3210/1495/1205 3209/1492/1204 3222/1510/1211
f 3212/1509/1210 3222/1510/1211 3209/1492/1204 3213/1491/1203
f 3253/1539/1232 3251/1540/1233 3246/1541/1234 3252/1542/1235
f 3248/1543/1236 3247/1544/1237 3246/1541/1234 3251/1540/1233
f 3243/1545/1229 3245/1546/1238 3247/1544/1237 3242/1547/1228
f 3246/1541/1234 3244/1548/1239 3249/1549/1240 3252/1542/1235
f 3247/1544/1237 3245/1546/1238 3244/1548/1239 3246/1541/1234
f 3247/1544/1237 3248/1543/1236 3250/1550/1224 3242/1547/1228
usemtl frame
f 3265/1582/747 3301/1583/747 3300/1584/747 3263/1585/747
f 3264/1584/747 3266/1583/747 3265/1582/747 3263/1585/747
f 3270/1590/747 3272/1591/747 3304/1592/747 3303/1593/747
f 3302/1594/747 3267/1595/747 3269/1596/747 3303/1593/747
f 3276/1597/747 3278/1598/747 3277/1599/747 3293/1052/747
f 3274/1592/747 3282/1600/747 3279/1601/747 3275/1602/747
f 3299/1603/747 3285/1604/747 3296/1605/747 3297/1606/747
f 3307/1599/747 3308/1598/747 3306/1597/747 3323/1052/747
f 3281/1607/747 3284/1608/747 3285/1604/747 3280/1609/747
f 3295/1610/747 3280/1609/747 3285/1604/747 3299/1603/747
f 3279/1601/747 3280/1609/747 3295/1610/747 3278/1598/747
f 3268/1594/747 3266/1583/747 3281/1607/747 3282/1600/747
f 3284/1608/747 3281/1607/747 3266/1583/747 3264/1584/747
f 3275/1602/747 3279/1601/747 3278/1598/747 3276/1597/747
f 3271/1593/747 3268/1594/747 3282/1600/747 3274/1592/747
f 3269/1596/747 3267/1595/747 3268/1594/747 3271/1593/747
f 3273/1615/747 3262/911/747 3306/1597/747 3305/1602/747
f 3328/1616/747 3329/1603/747 3325/1610/747 3324/1617/747
f 3274/1592/747 3272/1591/747 3270/1590/747 3271/1593/747
f 3276/1597/747 3262/911/747 3273/1615/747 3275/1602/747
f 3304/1592/747 3305/1602/747 3309/1601/747 3312/1600/747
f 3295/1610/747 3299/1603/747 3298/1616/747 3294/1617/747
f 3327/1606/747 3326/1605/747 3315/1604/747
f 3329/1603/747 3327/1606/747 3315/1604/747
f 3311/1607/747 3310/1609/747 3315/1604/747 3314/1608/747
f 3325/1610/747 3329/1603/747 3315/1604/747 3310/1609/747
f 3309/1601/747 3308/1598/747 3325/1610/747 3310/1609/747
f 3302/1594/747 3312/1600/747 3311/1607/747 3301/1583/747
f 3314/1608/747 3300/1584/747 3301/1583/747 3311/1607/747
f 3305/1602/747 3306/1597/747 3308/1598/747 3309/1601/747
f 3303/1593/747 3304/1592/747 3312/1600/747 3302/1594/747
f 3283/1692/747 3284/1608/747 3264/1584/747 3292/1053/747
usemtl busy_grid
f 3393/909/682 3392/910/682 3383/1459/682 3168/1460/682
f 3397/909/682 3393/910/682 3394/911/682 3167/1644/682
f 3371/909/1254 3370/910/682 3369/911/682 3372/912/682
f 3369/909/682 3376/910/682 3377/911/682 3372/912/682
f 3376/909/682 3395/910/682 3398/911/682 3377/912/682
f 3379/909/682 3382/910/682 3380/911/682 3182/912/682
f 3383/909/682 3392/910/682 3382/911/682 3379/912/682
f 3384/909/682 3386/910/682 3400/911/682 3399/912/682
f 3167/909/682 3385/910/682 3402/911/682 3397/912/682
f 3375/911/682 3369/912/682 3370/909/682 3367/1645/682
f 3386/909/682 3384/910/682 3387/911/682 3388/912/682
f 3399/909/682 3400/910/682 3401/911/682 3396/912/682
f 3401/909/682 3398/910/682 3395/911/682 3396/912/682
f 3392/909/682 3404/910/682 3403/911/682 3382/912/682
f 3402/909/682 3407/910/682 3406/911/682 3397/912/682
f 3397/909/682 3406/910/682 3405/911/682 3393/912/682
f 3393/909/682 3405/910/682 3404/911/682 3392/912/682
f 3404/909/682 3409/910/682 3408/911/682 3403/912/682
f 3405/909/682 3410/910/682 3409/911/682 3404/912/682
f 3406/909/682 3411/910/682 3410/911/682 3405/912/682
f 3407/909/682 3412/910/682 3411/911/682 3406/912/682
f 3409/909/682 3414/910/682 3413/911/682 3408/912/682
f 3410/909/682 3415/910/682 3414/911/682 3409/912/682
f 3411/909/682 3416/910/682 3415/911/682 3410/912/682
f 3412/909/682 3417/910/682 3416/911/682 3411/912/682
f 3417/909/682 3422/910/682 3421/911/682 3416/912/682
f 3414/909/682 3419/910/682 3418/911/682 3413/912/682
f 3415/909/682 3420/910/682 3419/911/682 3414/912/682
f 3416/909/682 3421/910/682 3420/911/682 3415/912/682
f 3369/909/682 3375/910/682 3422/911/682 3376/912/682
f 3421/909/682 3422/910/682 3375/911/682 3423/912/682
f 3420/909/682 3421/910/682 3423/911/682 3389/912/682
f 3395/909/682 3376/910/682 3422/911/682 3417/912/682
f 3396/909/682 3395/910/682 3417/911/682 3412/912/682
f 3399/909/682 3396/910/682 3412/911/682 3407/912/682
f 3402/909/682 3384/910/682 3399/911/682 3407/912/682
f 3381/1006/682 3378/1646/682 3382/912/682 3403/1647/682
f 3382/912/682 3378/1646/682 3380/1648/682
f 3391/909/682 3381/1006/682 3403/911/682 3408/912/682
f 3390/909/682 3391/1649/682 3408/911/682 3413/912/682
f 3373/909/682 3390/1446/682 3413/911/682 3418/912/682
f 3391/909/682 3427/910/682 3425/911/682 3381/912/682
f 3390/909/682 3426/910/682 3427/911/682 3391/912/682
f 3373/909/682 3424/910/682 3426/911/682 3390/912/682
f 3381/1144/682 3425/911/682 3378/912/682
f 3418/909/682 3428/910/682 3374/911/682 3373/912/682
f 3419/909/682 3429/910/682 3428/911/682 3418/912/682
f 3419/909/682 3420/910/682 3389/911/682 3429/912/682
f 3428/909/682 3433/910/682 3431/911/682 3374/912/682
f 3429/909/682 3434/910/682 3433/911/682 3428/912/682
f 3423/909/682 3432/910/682 3430/911/682 3389/912/682
f 3389/909/682 3430/910/682 3434/911/682 3429/912/682
f 3375/909/682 3368/910/682 3432/911/682 3423/912/682
f 3370/1671/682 3371/1384/1254 3456/1382/1259
f 3368/1672/682 3375/911/682 3367/1645/682
f 3168/1460/682 3394/912/682 3393/909/682
f 3402/909/682 3385/912/682 3387/911/682 3384/910/682
usemtl 
f 2876/974/747 2657/975/747 2724/976/747 2719/977/747
f 2723/978/747 2712/979/747 2876/974/747 2719/977/747
f 2721/980/747 2708/981/747 2712/979/747 2723/978/747
f 2712/982/748 2713/983/748 2875/984/748 2876/985/748
f 2708/1059/673 2703/1060/673 2713/1061/673 2712/1062/673
f 2721/980/747 2724/976/747 2657/975/747
f 2657/975/747 2708/981/747 2721/980/747
o final_area
v 1.681110 9.313128 -13.709942 0.2397 0.2197 0.1290
v 1.732406 9.351391 -13.709942 0.2224 0.2060 0.1196
v 1.679729 9.393100 -13.709942 0.1768 0.1548 0.0863
v 1.626862 9.352308 -13.709936 0.0984 0.0880 0.0405
v 1.427542 9.391905 -13.527825 0.3730 0.3598 0.2212
v 1.126041 9.391081 -13.687624 0.2893 0.2750 0.1653
v 1.427708 9.352431 -13.567307 0.3459 0.3358 0.2051
v 1.152652 9.351607 -13.714128 0.3895 0.3780 0.2333
v 1.427366 9.352431 -13.488340 0.2865 0.2717 0.1629
v 1.099182 9.351607 -13.660691 0.2541 0.2341 0.1388
v 1.067504 9.391081 -13.854266 0.1251 0.0906 0.0458
v 1.289481 9.391081 -14.620369 0.3257 0.3644 0.3653
v 1.178255 9.391081 -14.231548 0.0999 0.0292 0.0170
v 1.027723 9.351607 -13.854443 0.1510 0.0857 0.0471
v 1.255297 9.351607 -14.640106 0.2718 0.3009 0.3001
v 1.144070 9.351607 -14.251288 0.1663 0.0662 0.0409
v 1.427542 9.312958 -13.527825 0.4822 0.4651 0.2913
v 1.125732 9.312134 -13.687087 0.3947 0.3833 0.2366
v 1.067512 9.312134 -13.854261 0.1209 0.0654 0.0327
v 1.289481 9.312134 -14.620369 0.4361 0.4891 0.4979
v 1.178254 9.312134 -14.231552 0.1456 0.1017 0.0544
v 1.107292 9.351607 -13.854084 0.1559 0.1384 0.0752
v 1.323667 9.351607 -14.600632 0.4776 0.5352 0.5425
v 1.212443 9.351607 -14.211812 0.1265 0.1050 0.0536
v 1.018040 9.172331 -13.389207 0.2388 0.2148 0.1258
v 1.018216 9.132857 -13.349722 0.2134 0.1988 0.1145
v 1.018040 9.093384 -13.389207 0.2325 0.2484 0.2363
v 1.017864 9.132857 -13.428691 0.2327 0.2223 0.1297
v 1.163867 9.172331 -13.429319 0.2992 0.2845 0.1716
v 1.387630 9.166635 -13.539619 0.4054 0.3930 0.2433
v 1.538079 9.128116 -13.534323 0.2438 0.2231 0.1310
v 1.508502 9.087404 -13.509657 0.2315 0.1969 0.1149
v 1.392989 9.122891 -13.509232 0.2424 0.2280 0.1342
v 1.182851 9.132857 -13.396425 0.2056 0.1855 0.1061
v 1.547223 9.095169 -13.578725 0.2329 0.2026 0.1182
v 1.373083 9.133155 -13.581544 0.4543 0.4432 0.2764
v 1.144131 9.132857 -13.463505 0.3135 0.3023 0.1830
v 1.163868 9.093384 -13.429319 0.2612 0.2823 0.2824
v 1.377927 9.089867 -13.550320 0.2066 0.2178 0.1990
v 1.517646 9.054457 -13.554059 0.2112 0.1712 0.0984
v 1.584492 9.599936 -11.209942 0.4176 0.4079 0.2529
v 1.616899 9.552711 -11.209942 0.5358 0.5216 0.3287
v 1.570291 9.520594 -11.209942 0.4251 0.4154 0.2578
v 1.540386 9.566841 -11.210241 0.2589 0.2529 0.1498
v 1.571038 9.582040 -11.367085 0.3826 0.3703 0.2283
v 1.408229 9.596992 -11.488678 0.4613 0.4429 0.2770
v 1.090539 9.626778 -11.435122 0.4471 0.4297 0.2681
v 0.751907 9.633310 -11.401810 0.3432 0.3325 0.2031
v 0.584743 9.703032 -11.209942 0.3752 0.3657 0.2249
v 0.537161 9.669020 -11.209942 0.3809 0.3711 0.2284
v 0.577971 9.618606 -11.209942 0.0185 0.0193 0.0182
v 0.626797 9.651023 -11.209942 0.3933 0.3851 0.2377
v 0.755216 9.600330 -11.356875 0.3839 0.3688 0.2278
v 1.089268 9.597104 -11.387031 0.3509 0.2773 0.1742
v 1.391682 9.567808 -11.444307 0.3435 0.2815 0.1755
v 1.529249 9.554130 -11.342754 0.3200 0.3021 0.1836
v 1.595122 9.533697 -11.381201 0.4453 0.4337 0.2700
v 1.410108 9.550299 -11.518565 0.6908 0.6751 0.4306
v 1.088916 9.576666 -11.463308 0.6231 0.6002 0.3819
v 0.734159 9.590033 -11.432285 0.3467 0.3364 0.2055
v 0.737463 9.557053 -11.387356 0.4494 0.4312 0.2692
v 1.090051 9.549056 -11.414201 0.4296 0.3623 0.2302
v 1.404035 9.520736 -11.468370 0.3909 0.3372 0.2110
v 1.553333 9.505788 -11.356871 0.3778 0.3620 0.2234
v 0.599712 9.780411 -13.557821 0.2195 0.1818 0.1053
v 0.573117 9.744488 -13.591629 0.1821 0.1632 0.0912
v 0.648423 9.765872 -13.581411 0.2278 0.2090 0.1214
v 0.621828 9.729959 -13.615222 0.1951 0.1807 0.1026
v 0.593966 9.861470 -13.684723 0.1784 0.1641 0.0910
v 0.566487 9.815392 -13.697069 0.1919 0.1636 0.0924
v 0.645126 9.837158 -13.691236 0.1244 0.1132 0.0574
v 0.614375 9.783022 -13.705743 0.1152 0.0934 0.0444
v 0.667795 9.675012 -13.534015 0.2320 0.2208 0.1295
v 0.695967 9.578120 -13.538860 0.2474 0.2274 0.1340
v 0.622958 9.671380 -13.500944 0.2406 0.2227 0.1306
v 0.656763 9.555110 -13.506760 0.2333 0.2161 0.1261
v 0.637327 9.657260 -13.577301 0.1793 0.1680 0.0937
v 0.659863 9.579747 -13.581179 0.2299 0.2008 0.1170
v 0.592486 9.653642 -13.544233 0.2272 0.2023 0.1176
v 0.620660 9.556736 -13.549078 0.2231 0.1944 0.1127
v -0.686111 8.203170 -12.751058 0.4412 0.0596 0.0866
v -0.692691 8.242643 -12.790531 0.3175 0.0019 0.0256
v -0.699269 8.203170 -12.830005 0.4374 0.0946 0.1105
v -0.692691 8.163696 -12.790531 0.4183 0.0872 0.1031
v 0.063878 8.203170 -12.751058 0.3969 0.0791 0.0926
v 0.057309 8.242643 -12.790531 0.3551 0.0614 0.0771
v 0.050732 8.203170 -12.830005 0.5811 0.1441 0.1648
v 0.057299 8.163696 -12.790531 0.6413 0.1649 0.1868
v -0.442694 8.163696 -12.790531 0.6152 0.1545 0.1751
v -0.192698 8.163696 -12.790531 0.5115 0.1198 0.1377
v -0.186118 8.203170 -12.751058 0.3879 0.0660 0.0826
v -0.436115 8.203170 -12.751058 0.4374 0.0616 0.0866
v -0.442691 8.242643 -12.790531 0.4123 0.0485 0.0760
v -0.192691 8.242643 -12.790531 0.4222 0.0800 0.0988
v -0.199269 8.203170 -12.830005 0.5333 0.1282 0.1472
v -0.449269 8.203170 -12.830005 0.5313 0.1257 0.1450
v -0.686112 8.054732 -12.751058 0.3981 0.0578 0.0795
v -0.692691 8.094206 -12.790531 0.3932 0.0629 0.0825
v -0.699270 8.054732 -12.830005 0.3711 0.0734 0.0884
v -0.692691 8.015259 -12.790531 0.3576 0.0681 0.0827
v 0.063878 8.054732 -12.751058 0.3791 0.0683 0.0841
v 0.057308 8.094206 -12.790531 0.6118 0.1514 0.1735
v 0.050731 8.054732 -12.830005 0.9078 0.2517 0.2819
v 0.057299 8.015259 -12.790531 0.5378 0.1327 0.1507
v -0.442695 8.015259 -12.790531 0.5182 0.1201 0.1394
v -0.192698 8.015259 -12.790531 0.4783 0.1125 0.1274
v -0.186119 8.054732 -12.751058 0.4054 0.0726 0.0892
v -0.436115 8.054732 -12.751058 0.4342 0.0708 0.0931
v -0.442691 8.094206 -12.790531 0.5186 0.1080 0.1307
v -0.192692 8.094206 -12.790531 0.4848 0.1040 0.1232
v -0.199269 8.054732 -12.830005 0.5064 0.1198 0.1380
v -0.449269 8.054732 -12.830005 0.5762 0.1428 0.1629
v -0.844693 8.228842 -13.949871 0.1767 0.1594 0.1611
v -0.283143 8.571942 -13.717972 0.3690 0.0798 0.0922
v -0.428846 8.564536 -13.668112 0.3792 0.0826 0.0964
v 0.264020 8.844014 -14.312131 0.2216 0.0726 0.0551
v 0.225801 8.913094 -14.311795 0.1740 0.0411 0.0329
v -0.882913 8.297920 -13.949534 0.0746 0.0792 0.0800
v 0.254478 8.883661 -14.274009 0.1766 0.0299 0.0300
v -0.854236 8.268490 -13.911748 0.1335 0.1200 0.1207
v -0.691829 8.195669 -13.016572 0.4335 0.0918 0.1084
v -0.466975 8.535952 -13.697189 0.4024 0.0896 0.1042
v -0.390718 8.553647 -13.707405 0.3918 0.0873 0.1011
v 0.066244 8.405959 -13.219697 0.0835 0.0836 0.0830
v 0.046508 8.482217 -13.214408 0.0642 0.0705 0.0700
v -0.711565 8.271926 -13.011283 0.3525 0.0424 0.0644
v 0.066592 8.444088 -13.178924 0.0482 0.0548 0.0553
v -0.691480 8.233797 -12.975799 0.4132 0.0770 0.0946
v -0.717219 8.293768 -13.009766 0.4519 0.0920 0.1113
v -0.312444 8.338943 -13.077361 0.4653 0.1008 0.1186
v -0.332529 8.377071 -13.112845 0.4248 0.0857 0.1033
v 0.040854 8.504058 -13.212891 0.0748 0.0733 0.0697
v 0.021117 8.580316 -13.207603 0.0226 0.0356 0.0298
v -0.736956 8.370025 -13.004478 0.0000 0.0000 0.0000
v 0.041202 8.542187 -13.172118 0.0360 0.0496 0.0505
v -0.716871 8.331896 -12.968993 0.3944 0.0662 0.0850
v -0.744563 8.399420 -13.002442 0.0126 0.0201 0.0199
v -0.312792 8.300814 -13.118134 0.5370 0.1258 0.1459
v -0.337834 8.437041 -13.070556 0.4465 0.0948 0.1117
v 0.013510 8.609710 -13.205567 0.0516 0.0618 0.0632
v -0.006227 8.685967 -13.200279 0.0000 0.0176 0.0161
v -0.764299 8.475677 -12.997154 0.0000 0.0000 0.0000
v 0.013858 8.647839 -13.164794 0.0004 0.0222 0.0220
v -0.744215 8.437548 -12.961669 0.0000 0.0000 0.0000
v -0.046160 8.145822 -13.471953 0.2141 0.2098 0.2034
v -0.084289 8.117237 -13.501030 0.1270 0.1082 0.1087
v -0.357920 8.475170 -13.106040 0.3901 0.0774 0.0922
v -0.327774 9.056015 -13.997454 0.1277 0.1423 0.1207
v -0.404032 9.038320 -13.987237 0.0458 0.0746 0.0624
v -0.122416 8.128126 -13.461737 0.1101 0.0946 0.0954
v -0.365903 9.066904 -13.958160 0.1099 0.1240 0.0980
v -0.084289 8.156711 -13.432659 0.1811 0.1712 0.1710
v -0.144258 8.123060 -13.458810 0.1804 0.1712 0.1741
v -0.182387 8.094475 -13.487886 0.1132 0.0911 0.0912
v -0.338182 8.398912 -13.111328 0.4975 0.1137 0.1323
v -0.422028 9.020824 -13.977135 0.0963 0.1141 0.0975
v -0.498285 9.003129 -13.966918 0.0679 0.0920 0.0831
v -0.220516 8.105364 -13.448593 0.1023 0.0868 0.0871
v -0.460156 9.031713 -13.937841 0.1086 0.1237 0.0942
v -0.182387 8.133949 -13.419517 0.1338 0.1141 0.1137
v -0.249910 8.098550 -13.444655 0.1731 0.1629 0.1652
v -0.288038 8.069965 -13.473732 0.1078 0.0833 0.0819
v -0.365178 8.542693 -13.063231 0.4077 0.0849 0.1006
v -0.531525 9.008743 -13.970156 0.1329 0.1444 0.1050
v -0.607782 8.991048 -13.959939 0.0723 0.0908 0.0781
v -0.326167 8.080854 -13.434439 0.0977 0.0752 0.0755
v -0.569654 9.019632 -13.930862 0.1090 0.1262 0.0961
v -0.288039 8.109439 -13.405361 0.1243 0.1051 0.1056
v -0.946806 8.413412 -13.948971 0.0931 0.0852 0.0848
v -0.975482 8.442843 -13.986756 0.1442 0.1308 0.1248
v -0.385263 8.580822 -13.098717 0.3660 0.0717 0.0867
v 0.161908 9.028585 -14.311232 0.2547 0.0688 0.0613
v 0.123690 9.097664 -14.310895 0.1720 0.0404 0.0323
v -0.985024 8.482491 -13.948634 0.1022 0.0997 0.0962
v 0.152366 9.068233 -14.273108 0.1618 0.0418 0.0307
v -0.956348 8.453060 -13.910848 0.0840 0.0825 0.0799
v -0.893852 8.317707 -13.949436 0.1276 0.1087 0.1088
v -0.922528 8.347138 -13.987223 0.1249 0.1099 0.1105
v -0.365526 8.504564 -13.104005 0.6596 0.1702 0.1922
v 0.233953 8.943473 -14.317936 0.2121 0.0575 0.0474
v 0.195737 9.012552 -14.317600 0.1910 0.0749 0.0496
v -0.932071 8.386786 -13.949100 0.0936 0.0873 0.0829
v 0.224411 8.983121 -14.279813 0.1718 0.0445 0.0335
v -0.903394 8.357355 -13.911314 0.0826 0.0764 0.0745
v -0.359401 8.554247 -13.707756 0.3771 0.0819 0.0950
v -0.321272 8.582831 -13.678679 0.3884 0.0855 0.0995
v -0.186967 8.600918 -13.734703 0.3505 0.0739 0.0867
v -0.263225 8.583223 -13.724487 0.3310 0.0672 0.0795
v -0.225096 8.611807 -13.695410 0.3653 0.0783 0.0916
v -0.392448 8.720999 -14.130100 0.5358 0.1346 0.1526
v -0.430668 8.790077 -14.129765 0.2745 0.0496 0.0599
v -0.401991 8.760647 -14.091978 0.2647 0.0492 0.0576
v -0.329949 8.630590 -14.133686 0.2588 0.0464 0.0553
v -0.368167 8.699669 -14.133350 0.2755 0.0504 0.0606
v -0.339492 8.670238 -14.095564 0.2720 0.0490 0.0592
v -0.290337 8.536428 -14.131001 0.2717 0.0602 0.0624
v -0.328555 8.605507 -14.130665 0.2290 0.0370 0.0450
v -0.299879 8.576076 -14.092878 0.2553 0.0455 0.0538
v 0.133243 8.054732 -12.762875 0.3430 0.1263 0.0888
v 0.133243 8.094206 -12.802348 0.3869 0.1716 0.1207
v 0.133243 8.054732 -12.841822 0.5158 0.2261 0.1645
v 0.133243 8.015259 -12.802348 0.3744 0.1153 0.0841
v 0.248009 8.054732 -12.825508 0.4336 0.1710 0.1237
v 0.322786 8.054732 -12.987898 0.8385 0.3313 0.2540
v 0.321301 8.055556 -13.181977 0.9170 0.3521 0.2733
v 0.248009 8.055556 -13.344366 0.8529 0.3499 0.2672
v 0.220999 8.015259 -12.852573 0.4786 0.1414 0.1089
v 0.283313 8.015259 -12.987898 0.7023 0.2399 0.1870
v 0.283313 8.015259 -13.186501 0.7685 0.2639 0.2071
v 0.221000 8.016083 -13.317302 0.7366 0.2698 0.2083
v 0.220996 8.094206 -12.852572 0.4992 0.2172 0.1577
v 0.283313 8.094206 -12.987898 0.7366 0.3407 0.2533
v 0.283313 8.094206 -13.186501 0.7861 0.3667 0.2735
v 0.220996 8.095030 -13.317302 0.7326 0.3424 0.2541
v 0.133242 8.062422 -13.386216 0.6020 0.2570 0.1903
v 0.133242 8.022948 -13.351677 0.5959 0.2330 0.1746
v 0.133242 8.101895 -13.351677 0.6106 0.2812 0.2065
v 0.193990 8.054732 -12.879638 0.5348 0.2204 0.1623
v 0.242849 8.054732 -12.987898 0.4925 0.2199 0.1589
v 0.243838 8.054732 -13.186501 0.5534 0.2493 0.1821
v 0.193989 8.055556 -13.290237 0.5327 0.2484 0.1803
v 0.133241 8.055556 -13.326551 0.4650 0.2205 0.1579
v 0.133243 8.203170 -12.762875 0.3808 0.1379 0.0985
v 0.133243 8.242643 -12.802348 0.2980 0.0948 0.0647
v 0.133243 8.203170 -12.841822 0.4402 0.1735 0.1257
v 0.133243 8.163696 -12.802348 0.4345 0.1376 0.1044
v 0.248009 8.203170 -12.825508 0.4765 0.1678 0.1249
v 0.322786 8.203170 -12.987898 1.0243 0.5372 0.4002
v 0.321301 8.203994 -13.181977 0.8925 0.4289 0.3210
v 0.248009 8.203994 -13.344366 0.8861 0.4235 0.3168
v 0.220999 8.163696 -12.852573 0.5662 0.1462 0.1197
v 0.283313 8.163696 -12.987898 0.8817 0.3208 0.2512
v 0.283313 8.163696 -13.186501 0.8889 0.3346 0.2604
v 0.221000 8.164520 -13.317302 0.8237 0.3377 0.2576
v 0.220996 8.242643 -12.852572 0.3898 0.1678 0.1190
v 0.283313 8.242643 -12.987898 0.6647 0.3544 0.2580
v 0.283313 8.242643 -13.186501 0.7209 0.3668 0.2695
v 0.220996 8.243467 -13.317302 0.6832 0.3470 0.2543
v 0.133242 8.210859 -13.386216 0.5923 0.2755 0.2013
v 0.133242 8.171386 -13.351677 0.6378 0.2608 0.1952
v 0.133242 8.250333 -13.351677 0.4992 0.2510 0.1800
v 0.193990 8.203170 -12.879638 0.4404 0.1484 0.1100
v 0.242849 8.203170 -12.987898 0.4250 0.1526 0.1114
v 0.243838 8.203170 -13.186501 0.4325 0.1721 0.1242
v 0.193989 8.203994 -13.290237 0.4895 0.1875 0.1382
v 0.133241 8.203994 -13.326551 0.3961 0.1489 0.1069
v 0.133243 8.289107 -12.762875 0.3588 0.1319 0.0938
v 0.133243 8.328581 -12.802348 0.3304 0.1373 0.0948
v 0.133243 8.289107 -12.841822 0.4464 0.2050 0.1467
v 0.133243 8.249634 -12.802348 0.2481 0.0731 0.0474
v 0.248009 8.289107 -12.825508 0.4667 0.1743 0.1278
v 0.322786 8.289107 -12.987898 0.9257 0.4850 0.3599
v 0.321301 8.289931 -13.181977 0.8872 0.4494 0.3337
v 0.248009 8.289931 -13.344366 0.8250 0.4173 0.3092
v 0.220999 8.249634 -12.852573 0.3523 0.1577 0.1094
v 0.283313 8.249634 -12.987898 0.8303 0.4681 0.3434
v 0.283313 8.249634 -13.186501 0.8784 0.4568 0.3383
v 0.221000 8.250458 -13.317302 0.8584 0.4217 0.3142
v 0.220996 8.328581 -12.852572 0.4414 0.1943 0.1389
v 0.283313 8.328581 -12.987898 0.6101 0.3040 0.2216
v 0.283313 8.328581 -13.186501 0.7077 0.3650 0.2677
v 0.220996 8.329405 -13.317302 0.6532 0.3333 0.2435
v 0.133242 8.296797 -13.386216 0.6053 0.2991 0.2179
v 0.133242 8.257323 -13.351677 0.5989 0.3166 0.2284
v 0.133242 8.336270 -13.351677 0.5014 0.2453 0.1763
v 0.193990 8.289107 -12.879638 0.4253 0.1793 0.1285
v 0.242849 8.289107 -12.987898 0.4749 0.2289 0.1640
v 0.243838 8.289107 -13.186501 0.4837 0.2397 0.1715
v 0.193989 8.289931 -13.290237 0.5251 0.2561 0.1849
v 0.133241 8.289931 -13.326551 0.4314 0.2025 0.1441
v 0.100305 8.594207 -12.209942 0.2645 0.2551 0.1514
v -0.029920 9.156709 -13.647320 0.2028 0.1706 0.0978
v 0.028891 8.906715 -11.341350 0.3194 0.3089 0.1871
v -0.059691 9.156709 -12.709947 0.2506 0.2330 0.1375
v -0.059691 9.156709 -12.209946 0.2527 0.2414 0.1425
v 0.028891 8.906715 -13.578413 0.2114 0.1954 0.1125
v 0.087706 8.656707 -13.509501 0.2261 0.1955 0.1138
v 0.100305 8.594207 -12.709938 0.1441 0.1228 0.0641
v 0.016570 8.906707 -12.709938 0.1757 0.1535 0.0848
v -0.000165 8.969207 -12.709947 0.2006 0.1827 0.1035
v 0.006747 8.969207 -12.209942 0.2788 0.2682 0.1600
v 2.133241 8.219249 -11.741192 0.2132 0.1051 0.0617
v 0.028891 8.906715 -12.209954 0.3004 0.2818 0.1704
v 2.133241 7.906706 -11.522442 0.1990 0.0912 0.0536
v 2.070741 7.906706 -11.522442 0.1733 0.1037 0.0564
v 2.070741 8.406707 -11.522442 0.2055 0.1088 0.0627
v 2.133241 8.406707 -11.522442 0.1913 0.0807 0.0460
v 2.070693 8.406707 -11.459942 0.1732 0.0784 0.0438
v 2.133241 8.406707 -13.459942 0.0544 0.0166 0.0080
v 1.383241 8.406708 -13.462452 0.2810 0.1824 0.1137
v 0.454424 7.906707 -13.209942 0.8722 0.3529 0.2704
v 0.133241 7.906707 -13.178692 0.5683 0.2039 0.1536
v 2.133241 7.906707 -13.459942 0.0614 0.0184 0.0085
v 0.133241 7.906707 -11.459942 0.2129 0.0782 0.0486
v 0.133241 8.219207 -13.178692 0.5296 0.1938 0.1449
v 0.133241 8.406706 -13.178692 0.5755 0.2904 0.2100
v 0.133241 8.469207 -11.959942 0.2853 0.2779 0.1664
v 0.133241 8.406709 -11.959942 0.2560 0.0948 0.0623
v 1.383241 8.328582 -13.459942 0.2920 0.1802 0.1103
v 1.195741 8.223113 -12.959942 0.3043 0.1311 0.0868
v 0.651938 7.906707 -13.459942 0.6145 0.2711 0.1996
v 1.195741 8.223113 -13.459942 0.3317 0.1723 0.1126
v 0.651938 7.906707 -12.959942 0.6131 0.2547 0.1891
v 0.633241 8.469207 -11.959942 0.2686 0.2608 0.1549
v 0.633241 8.469207 -11.459942 0.2769 0.2684 0.1598
v 0.883241 8.328582 -11.959942 0.3166 0.1861 0.1166
v 1.070741 8.223113 -11.959942 0.3041 0.1695 0.1067
v 0.883241 8.328582 -11.459942 0.1985 0.1677 0.0948
v 1.070741 8.223113 -11.459942 0.1824 0.1570 0.0872
v 2.133241 8.469207 -13.459942 0.2058 0.1908 0.1086
v 2.133241 8.469208 -12.959942 0.1993 0.1794 0.1019
v 2.133241 8.406707 -11.959942 0.2066 0.0926 0.0538
v 1.633241 8.406707 -11.959942 0.2295 0.1667 0.0973
v 1.633241 8.469207 -11.459942 0.2952 0.2537 0.1520
v 1.633193 8.406707 -11.459942 0.2388 0.1561 0.0916
v 2.133241 8.469207 -11.459942 0.2773 0.2683 0.1596
v 1.597072 7.906707 -11.959942 0.2123 0.1308 0.0746
v 1.597072 7.906707 -11.459942 0.1501 0.1073 0.0561
v 1.070741 8.098113 -11.459942 0.2341 0.0903 0.0578
v 0.883242 8.469209 -11.459942 0.2363 0.2206 0.1285
v 1.299903 7.906707 -11.459942 0.2526 0.0834 0.0560
v 1.299903 7.906707 -11.959947 0.2547 0.1038 0.0680
v 1.070741 8.098113 -11.959947 0.3136 0.1395 0.0926
v 1.070741 8.160613 -11.959942 0.2825 0.1175 0.0783
v 0.883241 8.266082 -11.959942 0.3196 0.1271 0.0875
v 1.070741 8.160613 -11.459942 0.2466 0.0800 0.0531
v 0.633241 8.406708 -11.959942 0.2864 0.1073 0.0725
v 0.633241 8.406708 -11.459942 0.2540 0.1020 0.0671
v 0.883241 8.266083 -11.459942 0.2800 0.1063 0.0724
v 0.741612 8.406709 -11.959942 0.2807 0.2393 0.1434
v 0.741612 8.406709 -11.459942 0.1838 0.1688 0.0956
v 0.133242 8.906707 -12.709942 0.2366 0.2082 0.1214
v 0.133242 8.969207 -12.709947 0.2080 0.1971 0.1124
v 0.133243 8.969207 -12.209946 0.2431 0.2319 0.1358
v 2.070693 7.906707 -11.459942 0.1759 0.0775 0.0420
v 1.070703 8.406709 -11.459942 0.2588 0.1952 0.1172
v 0.883242 8.406709 -11.459942 0.2261 0.2042 0.1184
v 0.970049 8.096162 -13.459942 0.4614 0.2169 0.1520
v 1.520813 8.406708 -11.459942 0.2016 0.1486 0.0844
v 1.520829 8.469208 -11.459942 0.2544 0.1937 0.1151
v 1.195741 8.098113 -13.459942 0.0941 0.0339 0.0163
v 0.966579 7.906707 -13.459942 0.0236 0.0075 0.0035
v 0.966578 7.906707 -12.959942 0.2527 0.0943 0.0608
v 1.195741 8.098113 -12.959942 0.1913 0.0777 0.0456
v 1.633241 8.406707 -13.459942 0.0810 0.0275 0.0133
v 1.383241 8.266082 -13.459942 0.0873 0.0205 0.0107
v 1.633241 8.469207 -13.459942 0.2323 0.1985 0.1164
v 1.383241 8.266082 -12.959942 0.1760 0.0635 0.0350
v 1.633241 8.469207 -12.959942 0.2180 0.1872 0.1078
v 1.633241 8.406707 -12.959942 0.1272 0.0431 0.0225
v 1.195741 8.160614 -13.459942 0.0719 0.0201 0.0099
v 1.195741 8.160614 -12.959942 0.1591 0.0451 0.0245
v 1.383241 8.328583 -12.959942 0.2610 0.1238 0.0783
v 1.522122 8.406703 -12.959942 0.2414 0.1495 0.0889
v 1.522141 8.406713 -13.459942 0.2595 0.1823 0.1087
v 0.320741 8.594207 -12.709942 0.1989 0.1889 0.1054
v 0.320741 8.594207 -12.647442 0.2161 0.2030 0.1106
v 2.133241 8.406708 -12.959942 0.1356 0.0495 0.0263
v 0.133241 8.406707 -12.959942 0.5045 0.2441 0.1756
v 0.133193 8.469208 -12.959942 0.1980 0.1777 0.1006
v 0.133193 8.594208 -12.209942 0.2726 0.2632 0.1567
v 0.445767 8.469208 -12.959942 0.1779 0.1642 0.0903
v 0.445741 8.469208 -11.959942 0.2881 0.2809 0.1678
v 0.320741 8.594208 -12.209942 0.2881 0.2718 0.1621
v 0.320741 8.594208 -12.272442 0.2335 0.2302 0.1269
v 2.133241 8.469208 -11.959942 0.2663 0.2575 0.1528
v 0.445741 8.469207 -12.772419 0.2142 0.1891 0.1077
v 0.445741 8.469207 -12.147371 0.2492 0.2372 0.1391
v 0.633367 8.469208 -12.959942 0.2744 0.1897 0.1149
v 0.633379 8.469207 -12.772419 0.2199 0.1998 0.1143
v 2.133241 8.469208 -12.772442 0.2320 0.2207 0.1299
v 2.133241 8.469208 -12.147442 0.3016 0.2935 0.1776
v 0.633394 8.469207 -12.147371 0.2576 0.2463 0.1446
v 0.133241 8.594208 -12.709942 0.2142 0.1973 0.1136
v -0.116759 8.906708 -12.647442 0.0000 0.0000 0.0000
v -0.116759 8.594208 -12.647442 0.0000 0.0000 0.0000
v 0.133241 8.594208 -12.647442 0.1869 0.1870 0.0866
v 0.133241 8.906708 -12.647442 0.1623 0.1637 0.0664
v 0.133241 8.594208 -12.272442 0.1587 0.1647 0.0634
v -0.116759 8.594208 -12.272442 0.0000 0.0000 0.0000
v -0.116759 8.906708 -12.272442 0.0000 0.0000 0.0000
v 0.133241 8.906708 -12.272442 0.1457 0.1519 0.0526
v 0.133241 8.906708 -12.209942 0.2793 0.2664 0.1594
v 0.083566 10.281707 -13.509503 0.2213 0.2029 0.1175
v 0.083566 10.281707 -11.410259 0.2854 0.2755 0.1655
v 0.028891 8.906715 -11.981434 0.2724 0.2610 0.1555
v 0.134411 8.469208 -13.476007 0.1808 0.1601 0.0896
v 0.134410 8.469206 -11.459942 0.2744 0.2637 0.1574
v -0.054258 9.781707 -13.647320 0.2140 0.1847 0.1057
v -0.029920 9.156709 -11.272442 0.3301 0.3136 0.1908
v 0.633358 8.406706 -12.959942 0.5723 0.2539 0.1855
v 1.633203 8.469208 -11.959942 0.2923 0.2700 0.1619
v 1.633205 8.469208 -12.772442 0.2384 0.2211 0.1293
v 1.633224 8.469208 -12.147442 0.2627 0.2535 0.1513
v 0.445741 8.469208 -11.459942 0.2955 0.2830 0.1702
v 2.133194 10.281707 -11.410259 0.3115 0.2994 0.1811
v 0.695742 10.281707 -11.410259 0.3604 0.3477 0.2132
v 1.715309 10.281707 -11.410259 0.3658 0.3540 0.2175
v 0.445742 10.281707 -11.410259 0.3277 0.3137 0.1908
v 1.465309 10.281707 -11.410259 0.3401 0.3295 0.2008
v 0.414492 9.156707 -11.272442 0.3663 0.3517 0.2160
v 0.445741 8.656707 -11.410261 0.2505 0.2352 0.1387
v 0.664492 10.094212 -11.297545 0.5723 0.5606 0.3543
v 0.414492 10.094212 -11.360024 0.2978 0.2826 0.1701
v 0.414492 9.781707 -11.272442 0.3854 0.3735 0.2302
v 1.539492 10.094213 -11.297545 0.4280 0.4167 0.2589
v 1.789492 10.094212 -11.297545 0.5546 0.5422 0.3421
v 1.539492 9.781707 -11.209942 0.4109 0.3973 0.2464
v 1.789492 9.781707 -11.209942 0.4684 0.4567 0.2853
v 0.883242 9.594207 -11.272442 0.3309 0.2864 0.1762
v 0.883242 9.594207 -11.209942 0.3151 0.2236 0.1418
v 1.383242 9.594207 -11.209942 0.3281 0.2056 0.1343
v 0.664492 9.781707 -11.272442 0.3934 0.3768 0.2330
v 0.664492 10.094212 -11.360024 0.3976 0.3854 0.2382
v 1.539492 10.094213 -11.360024 0.3105 0.2999 0.1811
v 0.883242 9.156707 -11.280016 0.3481 0.3101 0.1914
v 0.883242 9.156446 -11.220951 0.3620 0.2647 0.1695
v 0.883242 9.781707 -11.272442 0.4031 0.3859 0.2393
v 1.539492 9.156707 -11.272442 0.3618 0.3484 0.2139
v 1.383242 9.781707 -11.272442 0.3847 0.3689 0.2278
v 1.539492 9.781707 -11.272442 0.4120 0.4014 0.2487
v 0.883242 8.656707 -11.410257 0.2203 0.2101 0.1213
v 0.664492 8.656707 -11.410257 0.2706 0.2603 0.1546
v 0.664492 9.156710 -11.218232 0.3673 0.3588 0.2200
v 0.664492 8.656707 -11.346718 0.4146 0.4054 0.2513
v 1.539492 8.656707 -11.410257 0.2598 0.2482 0.1467
v 1.383242 8.656707 -11.410257 0.2173 0.1980 0.1140
v 0.664492 9.594405 -11.210947 0.5045 0.4940 0.3102
v 0.664492 9.156713 -11.280019 0.3553 0.3412 0.2085
v 1.539492 9.156707 -11.209942 0.3714 0.3617 0.2223
v 1.789492 8.656717 -11.347758 0.4441 0.4331 0.2694
v 1.539492 8.656717 -11.347758 0.3480 0.3392 0.2073
v 1.789492 8.656717 -11.410258 0.3163 0.3050 0.1846
v 1.789492 9.156707 -11.272442 0.3554 0.3402 0.2088
v 1.789492 9.156707 -11.209942 0.3783 0.3690 0.2271
v 0.664492 9.781707 -11.209942 0.3825 0.3731 0.2297
v 0.664492 9.594454 -11.273360 0.4598 0.4492 0.2802
v 0.445741 8.656707 -11.346722 0.3530 0.3437 0.2102
v 1.383242 9.156707 -11.272442 0.3544 0.3112 0.1928
v 1.383242 9.156707 -11.209942 0.3597 0.2534 0.1631
v 1.383242 9.594207 -11.272442 0.3113 0.2742 0.1672
v 0.883242 10.094212 -11.360024 0.3154 0.3034 0.1839
v 1.383242 10.094212 -11.360024 0.3084 0.2994 0.1806
v 1.539492 9.594207 -11.272442 0.3327 0.3237 0.1968
v 1.789492 9.594205 -11.209942 0.5427 0.5307 0.3344
v 1.539492 9.594205 -11.209942 0.2983 0.2907 0.1750
v 1.789492 9.594205 -11.272442 0.5185 0.5071 0.3187
v 0.414492 9.156707 -11.209942 0.3903 0.3804 0.2347
v 0.414492 9.594405 -11.210947 0.4213 0.4110 0.2549
v 0.414492 10.094212 -11.297545 0.4381 0.4279 0.2664
v 0.414492 9.781707 -11.209942 0.4178 0.4076 0.2527
v 0.414492 9.594405 -11.272442 0.4282 0.4106 0.2556
v -0.054258 9.781707 -11.272442 0.3048 0.2931 0.1769
v 1.309502 10.281707 -11.410259 0.3174 0.3031 0.1836
v 0.891717 10.281707 -11.410259 0.3227 0.3102 0.1884
v 1.789492 10.094212 -11.360024 0.3949 0.3765 0.2329
v 1.789492 9.781707 -11.272442 0.4381 0.4222 0.2626
v 2.133194 9.781707 -11.272442 0.3617 0.3472 0.2131
v 2.133194 8.656717 -11.410258 0.2975 0.2866 0.1720
v 2.133194 9.156707 -11.272442 0.3242 0.3151 0.1915
v 0.087705 8.656707 -11.410261 0.2878 0.2762 0.1657
v -0.046966 9.594405 -11.272442 0.3062 0.2975 0.1796
v -0.046965 9.594405 -13.647320 0.2194 0.1990 0.1152
v 0.083566 10.281711 -12.678699 0.2482 0.2333 0.1373
v 0.083566 10.281708 -12.241198 0.2755 0.2509 0.1503
v -0.054258 9.781708 -12.709947 0.2263 0.2128 0.1232
v -0.054258 9.781707 -12.209953 0.2810 0.2713 0.1623
v -0.048424 9.594405 -12.209953 0.2797 0.2652 0.1591
v -0.052800 9.594405 -12.709947 0.2354 0.2193 0.1280
v 2.133241 7.906706 -11.741192 0.1994 0.1187 0.0684
v 0.096491 8.656706 -11.967871 0.3049 0.2947 0.1775
v 0.092460 8.656707 -11.712062 0.3078 0.2963 0.1790
v 0.083566 10.281708 -11.788829 0.2985 0.2898 0.1743
v 0.100305 8.656707 -12.964483 0.2250 0.2048 0.1187
v 0.016570 8.906707 -12.984964 0.2238 0.2097 0.1209
v 1.133305 8.469208 -11.959942 0.2535 0.2404 0.1413
v 1.133304 8.469208 -12.959942 0.2421 0.1571 0.0941
v 1.133301 8.406705 -12.959942 0.3641 0.1745 0.1178
v 1.154585 8.406708 -11.959942 0.2457 0.1781 0.1054
v 1.133309 8.469208 -12.147406 0.2315 0.2252 0.1313
v 1.633241 8.406707 -12.459942 0.1612 0.0648 0.0340
v 0.633300 8.406707 -12.459942 0.3771 0.1350 0.0967
v 1.143943 8.406706 -12.459942 0.3016 0.1102 0.0728
v 2.133194 10.281707 -13.509503 0.2191 0.1895 0.1091
v 0.695742 10.281707 -13.509503 0.2227 0.1895 0.1091
v 1.739233 10.281707 -13.509503 0.2120 0.1979 0.1140
v 0.445742 10.281707 -13.509503 0.2272 0.2106 0.1226
v 1.489233 10.281707 -13.509503 0.2226 0.2090 0.1212
v 0.414492 9.156707 -13.647320 0.2190 0.1886 0.1087
v 0.445741 8.656707 -13.509501 0.2119 0.1923 0.1104
v 0.664492 10.094212 -13.622217 0.1867 0.1640 0.0909
v 0.414492 10.094212 -13.559738 0.2090 0.1955 0.1125
v 0.414492 9.781707 -13.647320 0.1950 0.1808 0.1025
v 1.539492 10.094213 -13.622217 0.1834 0.1751 0.0981
v 1.789492 10.094212 -13.622217 0.1546 0.1416 0.0762
v 1.539492 9.781707 -13.709820 0.1856 0.1752 0.0985
v 1.789492 9.781707 -13.709820 0.1913 0.1794 0.1014
v 0.883242 9.594207 -13.647320 0.2671 0.2487 0.1476
v 0.883242 9.594207 -13.709820 0.3057 0.2916 0.1762
v 1.383242 9.594207 -13.709820 0.4254 0.4162 0.2582
v 0.664492 9.781707 -13.647320 0.2067 0.1969 0.1129
v 0.664492 10.094212 -13.559738 0.2582 0.2417 0.1431
v 1.539492 10.094213 -13.559738 0.2185 0.2058 0.1185
v 0.883242 9.156707 -13.639747 0.3145 0.2946 0.1784
v 0.883242 9.156446 -13.698812 0.3503 0.3399 0.2080
v 0.883242 9.781707 -13.647320 0.2199 0.2018 0.1169
v 1.539492 9.156707 -13.647320 0.3179 0.2927 0.1780
v 1.383242 9.781707 -13.647320 0.2309 0.2221 0.1292
v 1.539492 9.781707 -13.647320 0.2318 0.2209 0.1287
v 0.883242 8.656707 -13.509505 0.2427 0.1731 0.1001
v 0.664492 8.656707 -13.509505 0.2294 0.1660 0.0969
v 0.664492 9.156710 -13.701530 0.1872 0.1696 0.0945
v 0.664492 8.656707 -13.573045 0.1562 0.1469 0.0793
v 1.539492 8.656707 -13.509505 0.2449 0.1977 0.1175
v 1.383242 8.656707 -13.509505 0.2550 0.1884 0.1136
v 0.664492 9.594405 -13.708815 0.1756 0.1581 0.0873
v 0.664492 9.156713 -13.639744 0.2326 0.2149 0.1253
v 1.539492 9.156707 -13.709820 0.1932 0.1711 0.0964
v 1.789492 8.656717 -13.572004 0.1848 0.1678 0.0937
v 1.539492 8.656717 -13.572004 0.1890 0.1712 0.0963
v 1.789492 8.656717 -13.509504 0.2352 0.1973 0.1151
v 1.789492 9.156707 -13.647320 0.2381 0.2056 0.1204
v 1.789492 9.156707 -13.709820 0.2628 0.2309 0.1374
v 0.664492 9.781707 -13.709820 0.1590 0.1463 0.0795
v 0.664492 9.594454 -13.646402 0.1915 0.1691 0.0948
v 0.445741 8.656707 -13.573040 0.1599 0.1436 0.0782
v 1.383242 9.156707 -13.647320 0.6505 0.6334 0.4029
v 1.383242 9.156707 -13.709820 0.4839 0.4735 0.2965
v 1.383242 9.594207 -13.647320 0.3074 0.2922 0.1766
v 0.883242 10.094212 -13.559738 0.2220 0.2126 0.1231
v 1.383242 10.094212 -13.559738 0.2393 0.2306 0.1348
v 1.539492 9.594207 -13.647320 0.2224 0.2097 0.1214
v 1.789492 9.594205 -13.709820 0.1872 0.1695 0.0953
v 1.539492 9.594205 -13.709820 0.1636 0.1525 0.0841
v 1.789492 9.594205 -13.647320 0.2077 0.1773 0.1018
v 0.414492 9.156707 -13.709820 0.2052 0.1849 0.1055
v 0.414492 9.594405 -13.708815 0.2083 0.1783 0.1024
v 0.414492 10.094212 -13.622217 0.2027 0.1900 0.1086
v 0.414492 9.781707 -13.709820 0.1926 0.1764 0.0999
v 0.414492 9.594405 -13.647320 0.2148 0.1903 0.1099
v 1.333425 10.281707 -13.509503 0.2425 0.2307 0.1358
v 0.880922 10.281707 -13.509503 0.2286 0.2200 0.1283
v 1.789492 10.094212 -13.559738 0.2239 0.2027 0.1166
v 1.789492 9.781707 -13.647320 0.2109 0.1997 0.1148
v 2.133194 9.781707 -13.647320 0.2190 0.2020 0.1169
v 2.133194 8.656717 -13.509504 0.2310 0.1794 0.1038
v 2.133194 9.156707 -13.647320 0.2365 0.1883 0.1113
v 0.133241 8.406709 -11.459942 0.2398 0.0841 0.0544
v 0.133241 7.906707 -11.959942 0.2218 0.0823 0.0515
v 0.133241 7.906706 -12.959942 0.6059 0.2068 0.1589
v 0.133241 7.906706 -12.272442 0.3104 0.1199 0.0842
v 0.133241 8.219207 -12.647442 0.3483 0.1002 0.0777
v 0.133241 8.219207 -12.272442 0.3050 0.1137 0.0777
v 0.133241 7.906707 -12.647442 0.4396 0.1568 0.1174
v 1.195741 8.406708 -13.465841 0.3196 0.1836 0.1184
v 0.133241 8.406709 -12.272442 0.2902 0.1096 0.0737
v 0.133241 8.406709 -12.647442 0.4341 0.1834 0.1309
v 0.133241 8.219206 -12.959942 0.5639 0.1818 0.1404
v 0.133241 8.219249 -11.959942 0.2423 0.0964 0.0622
v 0.133241 8.219272 -11.459942 0.2532 0.0898 0.0588
v 0.445741 8.469208 -13.476007 0.2027 0.1746 0.0993
v 1.383241 8.469208 -13.464460 0.2598 0.1819 0.1076
v 1.522141 8.469208 -13.461950 0.2570 0.1791 0.1063
v 0.414492 8.406706 -13.467975 0.8177 0.4037 0.2995
v 0.438602 8.221160 -13.459942 0.9569 0.4837 0.3609
v 0.681464 8.223113 -13.459942 0.6177 0.3012 0.2189
v 0.633241 8.406708 -13.476007 0.5700 0.2609 0.1897
v 0.633241 8.469208 -13.476007 0.2341 0.1803 0.1058
v 1.758359 7.906706 -13.459942 0.0968 0.0264 0.0148
v 1.383241 7.906706 -13.459942 0.1267 0.0444 0.0226
v 1.195741 7.906706 -13.459942 0.0637 0.0181 0.0086
v 2.133241 7.906706 -12.959942 0.1167 0.0306 0.0166
v 0.470050 7.906707 -13.459942 0.7556 0.3148 0.2372
v 2.133241 7.906706 -11.959942 0.1857 0.0994 0.0554
v 2.133241 8.219207 -12.647442 0.2342 0.0970 0.0632
v 2.133241 8.219207 -12.272442 0.2350 0.1084 0.0679
v 2.133241 8.219206 -12.959942 0.1435 0.0277 0.0154
v 2.133241 8.219249 -11.959942 0.2071 0.1021 0.0604
v 0.438799 7.906706 -12.959942 0.7892 0.3262 0.2475
v 2.133241 8.219206 -13.459942 0.0972 0.0245 0.0126
v 2.133241 8.406708 -12.647442 0.2251 0.0793 0.0501
v 2.133241 7.906707 -12.647442 0.1977 0.0817 0.0497
v 2.133241 8.406708 -12.272442 0.2093 0.0961 0.0580
v 2.133241 7.906707 -12.272442 0.2047 0.1047 0.0614
v 2.133241 8.219249 -11.522442 0.2235 0.1075 0.0636
v 1.708748 8.219206 -13.459942 0.0908 0.0326 0.0153
v 1.383241 8.147521 -13.459942 0.0740 0.0214 0.0104
v 0.883241 8.150039 -11.459942 0.2963 0.0866 0.0608
v 0.633241 8.219271 -11.459942 0.2859 0.1149 0.0775
v 0.633241 7.906706 -11.459942 0.2290 0.0859 0.0550
v 0.883241 7.906707 -11.459942 0.2589 0.1060 0.0700
v 1.070741 7.906707 -11.459942 0.2485 0.0908 0.0593
v 0.195742 7.906707 -13.397442 0.7272 0.2826 0.2154
v 0.195742 7.906707 -13.459942 0.6865 0.2634 0.2004
v 0.133241 7.906707 -13.397442 0.6034 0.2235 0.1693
v 0.195742 8.406704 -13.397442 0.7079 0.3442 0.2539
v 0.133241 8.406704 -13.397442 0.6174 0.3088 0.2253
v 0.195742 8.406704 -13.459942 0.6946 0.3420 0.2517
v 0.133241 8.219207 -13.397442 0.7710 0.3870 0.2851
v 0.195742 8.219206 -13.459942 0.8311 0.4018 0.2993
v 0.195742 8.219206 -13.397442 0.8884 0.4486 0.3334
v 0.651938 7.906707 -13.210230 0.7334 0.3239 0.2425
v 2.133241 8.469207 -13.210230 0.1792 0.1646 0.0912
v 1.195741 8.223113 -13.210230 0.3413 0.1745 0.1131
v 1.633241 8.469207 -13.210230 0.1964 0.1651 0.0929
v 1.383241 8.328582 -13.210230 0.3223 0.1883 0.1206
v 1.522132 8.406709 -13.210230 0.2423 0.1695 0.0992
v 0.883241 8.328582 -11.709942 0.2848 0.2696 0.1619
v 1.070741 8.223113 -11.709942 0.2625 0.2361 0.1404
v 1.597072 7.906707 -11.709942 0.1856 0.1357 0.0752
v 0.741612 8.406709 -11.709942 0.2833 0.2702 0.1619
v 0.133825 8.469207 -11.709942 0.3100 0.2999 0.1811
v 0.445741 8.469208 -11.709942 0.3286 0.3197 0.1943
v 0.633324 8.469207 -11.709942 0.3131 0.3048 0.1846
v -0.047660 9.594405 -11.719125 0.3306 0.3211 0.1955
v 0.028891 8.906715 -11.715271 0.3498 0.3386 0.2067
v -0.054258 9.781707 -11.719511 0.3300 0.3218 0.1957
v -0.044100 9.156709 -11.718972 0.3052 0.2941 0.1772
v -0.047071 9.156709 -13.224218 0.2503 0.2298 0.1351
v 0.133709 8.469208 -13.178692 0.2078 0.1803 0.1044
v -0.050326 9.594405 -13.209641 0.2397 0.2053 0.1213
v 0.083566 10.281710 -13.135517 0.2208 0.2046 0.1183
v -0.054258 9.781707 -13.197054 0.2351 0.2196 0.1278
v 0.094964 8.656707 -13.195506 0.2261 0.2067 0.1208
v 0.021793 8.906711 -13.223078 0.2237 0.1979 0.1145
v 0.633313 8.469208 -13.178692 0.2429 0.1701 0.1003
v 0.445756 8.469208 -13.178692 0.2243 0.1933 0.1125
v 0.633308 8.406707 -13.178692 0.5798 0.2742 0.1984
v 2.133241 8.406707 -11.741192 0.1737 0.0890 0.0485
v 1.633217 8.406707 -11.741192 0.2057 0.1480 0.0842
v 1.633222 8.469207 -11.741192 0.2804 0.2587 0.1541
v 2.133241 8.469208 -11.741192 0.2911 0.2790 0.1669
v 1.851943 7.906707 -11.459942 0.1536 0.0832 0.0427
v 1.851943 8.406707 -11.459942 0.1957 0.0974 0.0558
v 2.070741 8.219249 -11.522442 0.1984 0.1052 0.0594
v 2.070741 8.219249 -11.459942 0.2140 0.1068 0.0605
v 1.851943 8.219249 -11.459942 0.2107 0.1118 0.0638
v 1.520813 8.219249 -11.459942 0.2593 0.1652 0.0996
v 0.970049 8.096162 -12.959942 0.3904 0.1769 0.1232
v 1.826990 7.906707 -11.959942 0.1824 0.1030 0.0566
v 1.826990 7.906707 -11.725567 0.1811 0.1093 0.0611
v 1.081160 8.033662 -13.459942 0.0613 0.0177 0.0088
v 1.081160 8.033662 -12.959942 0.2748 0.1123 0.0740
v 0.970049 8.096162 -13.210230 0.5152 0.2527 0.1797
v 0.938602 8.223113 -13.459942 0.4305 0.2210 0.1503
v 0.894459 8.469568 -13.472762 0.3777 0.2257 0.1454
v 0.905652 8.405679 -13.469475 0.3742 0.2171 0.1405
v 1.573553 7.906707 -12.272442 0.2079 0.1082 0.0639
v 1.826990 7.906707 -12.272442 0.1938 0.1213 0.0692
v 1.520740 7.906707 -12.647442 0.2532 0.1089 0.0710
v 1.826990 7.906707 -12.647442 0.1825 0.0856 0.0494
v 1.475983 7.906707 -12.959942 0.1570 0.0612 0.0339
v 1.787932 7.906707 -12.959942 0.1348 0.0589 0.0304
v 0.703028 7.906707 -12.647442 0.4347 0.1854 0.1320
v 0.438799 7.906706 -12.647442 0.4749 0.1939 0.1417
v 0.744357 7.906707 -12.272442 0.3140 0.1360 0.0907
v 0.438799 7.906706 -12.272442 0.3318 0.1250 0.0868
v 0.744357 7.906707 -11.959942 0.2308 0.0672 0.0425
v 0.438799 7.906706 -11.959942 0.2485 0.0859 0.0562
v 0.383241 8.406708 -11.459942 0.2968 0.0961 0.0685
v 0.383241 8.219272 -11.459942 0.3048 0.1198 0.0819
v 0.383241 7.906706 -11.459942 0.2459 0.0954 0.0622
v 0.966579 7.906707 -12.647442 0.3632 0.1602 0.1112
v 0.966579 7.906707 -12.272442 0.2823 0.1310 0.0837
v 1.299902 7.906707 -12.647442 0.2667 0.1085 0.0706
v 1.299902 7.906707 -12.272442 0.2555 0.1289 0.0794
v 1.299902 7.906707 -12.959942 0.1888 0.0671 0.0373
v 0.966579 7.906707 -11.959947 0.2374 0.1033 0.0662
v 2.133241 8.531706 -12.959942 0.1964 0.1805 0.1025
v 2.133241 8.531707 -11.959942 0.2664 0.2429 0.1445
v 2.133241 8.531707 -12.772442 0.2166 0.2006 0.1157
v 2.133241 8.531707 -12.147442 0.2498 0.2388 0.1409
v 2.133241 8.656716 -13.210230 0.2727 0.1813 0.1080
v 2.133241 8.656717 -11.741192 0.3150 0.3053 0.1840
v 2.133241 8.656717 -12.772442 0.2327 0.1926 0.1131
v 2.133241 8.656717 -12.147442 0.2942 0.2777 0.1669
v 2.133241 9.156706 -13.210230 0.2692 0.2152 0.1295
v 2.133241 9.156706 -11.741192 0.3535 0.3384 0.2074
v 2.133241 9.219207 -12.772442 0.2952 0.2541 0.1580
v 2.133241 9.219207 -12.147442 0.2514 0.2382 0.1443
v 2.133241 9.781706 -13.210230 0.2104 0.2001 0.1146
v 2.133241 9.781706 -11.741192 0.3614 0.3469 0.2127
v 2.133241 9.781707 -12.772442 0.2375 0.2204 0.1289
v 2.133241 9.781707 -12.147442 0.3043 0.2925 0.1763
v 2.133241 10.281706 -13.210230 0.2052 0.1824 0.1046
v 2.133241 10.281706 -11.741192 0.3154 0.3037 0.1839
v 2.133241 10.281706 -12.772442 0.2187 0.2093 0.1211
v 2.133241 10.281706 -12.147442 0.2816 0.2681 0.1605
v 1.295740 8.096162 -11.709942 0.2361 0.1998 0.1167
v 1.295719 8.096173 -11.959942 0.2543 0.1826 0.1077
v 1.295714 8.096176 -11.459942 0.1662 0.1354 0.0736
v 1.326755 8.406708 -11.459942 0.2590 0.1915 0.1142
v 1.345196 8.469208 -11.459942 0.2297 0.1700 0.0981
v 1.308400 8.221183 -11.459942 0.2201 0.1754 0.1013
v 2.258242 9.281707 -12.772442 0.2884 0.2368 0.2381
v 2.258242 9.281707 -12.147442 0.0245 0.0144 0.0162
v 0.445741 8.469207 -12.459894 0.2616 0.2411 0.1431
v 0.320741 8.594207 -12.459942 0.2464 0.2357 0.1317
v 0.633387 8.469207 -12.459894 0.2230 0.2098 0.1201
v 2.133241 8.469208 -12.459942 0.2730 0.2574 0.1557
v 1.633215 8.469208 -12.459942 0.2781 0.2602 0.1560
v 0.133241 8.594208 -12.459942 0.1683 0.1831 0.0656
v -0.116759 8.594208 -12.459942 0.0000 0.0000 0.0000
v 0.883242 8.469207 -12.647442 0.1611 0.1550 0.0775
v 0.883242 8.469207 -12.709942 0.1735 0.1376 0.0725
v 1.383242 8.469208 -12.647442 0.2595 0.2519 0.1492
v 1.383242 8.469208 -12.709942 0.1730 0.1453 0.0798
v 1.383242 8.469208 -12.272442 0.1782 0.1659 0.0934
v 1.383242 8.469208 -12.459942 0.2473 0.2028 0.1189
v 1.383242 8.469208 -12.209942 0.2539 0.2467 0.1461
v 0.883242 8.469207 -12.209942 0.2154 0.2120 0.1171
v 0.883242 8.469207 -12.459942 0.2179 0.2006 0.1145
v 0.883242 8.469207 -12.272442 0.1893 0.1856 0.0985
v 0.493501 10.281709 -13.150459 0.2583 0.2239 0.1329
v 0.903436 10.281708 -13.165401 0.2686 0.2210 0.1328
v 1.313371 10.281708 -13.180345 0.2100 0.2002 0.1151
v 1.723306 10.281707 -13.195287 0.2362 0.2247 0.1311
v 0.493501 10.281710 -12.697447 0.2416 0.2059 0.1205
v 0.903436 10.281709 -12.716196 0.1953 0.1765 0.1004
v 1.313371 10.281708 -12.734944 0.1993 0.1827 0.1040
v 1.723306 10.281708 -12.753693 0.2301 0.2218 0.1294
v 0.493501 10.281708 -12.222446 0.2681 0.2566 0.1537
v 0.903436 10.281708 -12.203695 0.3008 0.2888 0.1743
v 1.313371 10.281708 -12.184944 0.3008 0.2880 0.1736
v 1.723306 10.281707 -12.166193 0.2891 0.2796 0.1677
v 0.493501 10.281707 -11.779302 0.3229 0.3136 0.1901
v 0.903436 10.281707 -11.769774 0.3442 0.3327 0.2032
v 1.313371 10.281707 -11.760247 0.3732 0.3618 0.2223
v 1.723306 10.281707 -11.750719 0.3474 0.3320 0.2035
v -0.616758 8.594207 -12.647442 0.0000 0.0000 0.0000
v -0.616758 8.594207 -12.272442 0.0000 0.0000 0.0000
v -0.616758 8.594207 -12.459942 0.0000 0.0000 0.0000
v -0.616758 8.656707 -12.647442 0.0000 0.0000 0.0000
v -0.116759 8.656707 -12.647442 0.0000 0.0000 0.0000
v -0.116759 8.844207 -12.647442 0.0000 0.0000 0.0000
v -0.116759 8.906707 -12.647442 0.0000 0.0000 0.0000
v -0.616758 8.906707 -12.647442 0.0000 0.0000 0.0000
v -0.616758 8.844207 -12.647442 0.0000 0.0000 0.0000
v -0.616758 8.844207 -12.709942 0.0000 0.0000 0.0000
v -0.116759 8.844207 -12.709942 0.0000 0.0000 0.0000
v -0.116759 8.656707 -12.709942 0.0000 0.0000 0.0000
v -0.616758 8.656707 -12.709942 0.0000 0.0000 0.0000
v -0.616758 8.656707 -12.272442 0.0000 0.0000 0.0000
v -0.616758 8.656707 -12.209942 0.0000 0.0000 0.0000
v -0.616758 8.844207 -12.209942 0.0000 0.0000 0.0000
v -0.616758 8.844207 -12.272442 0.0000 0.0000 0.0000
v -0.616758 8.906707 -12.272442 0.0000 0.0000 0.0000
v -0.116758 8.844207 -12.209942 0.0000 0.0000 0.0000
v -0.116758 8.656707 -12.209942 0.0000 0.0000 0.0000
v -0.116758 8.656707 -12.272442 0.0000 0.0000 0.0000
v -0.116758 8.844207 -12.272442 0.0000 0.0000 0.0000
v -0.616758 8.906707 -12.459942 0.0000 0.0000 0.0000
v -0.616758 8.844207 -12.459942 0.0000 0.0000 0.0000
v -0.616758 8.656707 -12.459942 0.0000 0.0000 0.0000
v -0.366758 8.594207 -12.647442 0.0000 0.0000 0.0000
v -0.366758 8.594207 -12.272442 0.0000 0.0000 0.0000
v -0.366758 8.594207 -12.459942 0.0000 0.0000 0.0000
v -0.366758 8.656707 -12.647442 0.0000 0.0000 0.0000
v -0.366758 8.906707 -12.647442 0.0000 0.0000 0.0000
v -0.366758 8.844207 -12.647442 0.0000 0.0000 0.0000
v -0.366758 8.844207 -12.709942 0.0000 0.0000 0.0000
v -0.366758 8.656707 -12.709942 0.0000 0.0000 0.0000
v -0.366758 8.844207 -12.209942 0.0000 0.0000 0.0000
v -0.366758 8.656707 -12.209942 0.0000 0.0000 0.0000
v -0.366758 8.656707 -12.272442 0.0000 0.0000 0.0000
v -0.366758 8.906707 -12.272442 0.0000 0.0000 0.0000
v -0.366758 8.844207 -12.272442 0.0000 0.0000 0.0000
v 0.883242 9.094207 -13.683148 0.3219 0.3113 0.1889
v 1.383242 9.094207 -13.692723 0.5720 0.5598 0.3538
v 0.883242 9.094207 -12.209942 0.2834 0.2643 0.1567
v 1.383242 9.094207 -12.209942 0.3374 0.3195 0.1963
v 1.383242 9.094207 -11.227039 0.3574 0.2761 0.1744
v 1.383242 9.156706 -11.209942 0.3597 0.2534 0.1631
v 0.883242 9.094207 -10.334935 0.5194 0.1764 0.1615
v 1.383242 9.094207 -10.334935 0.4108 0.1529 0.1277
v -0.866759 8.344207 -11.084942 0.3948 0.0902 0.1022
v -0.116759 8.344207 -11.084942 0.3778 0.0857 0.0972
v -0.679258 7.906707 -12.209942 0.3742 0.0619 0.0790
v 0.070742 7.906707 -12.209942 0.3465 0.0532 0.0702
v -0.679258 7.906707 -12.709942 0.4419 0.0818 0.1015
v 0.070742 7.906707 -12.709942 0.4645 0.0956 0.1154
v 0.070742 7.906707 -12.647442 0.3570 0.0814 0.0804
v 0.070742 7.906707 -12.272442 0.3943 0.1151 0.0984
v 0.133242 7.906707 -12.647442 0.3809 0.1282 0.0982
v 0.133242 7.906707 -12.272442 0.4242 0.1537 0.1168
v -0.679258 7.906707 -12.647442 0.4361 0.0779 0.0976
v -0.679258 7.906707 -12.272442 0.3084 0.0276 0.0463
v -0.023008 8.125457 -11.647442 0.3264 0.0567 0.0707
v 0.883242 9.094207 -11.084942 0.3905 0.1888 0.1380
v 1.383242 9.094207 -11.084942 0.3510 0.2130 0.1419
v 0.883242 9.719207 -11.084942 0.4021 0.1190 0.1139
v 0.883242 9.531707 -10.334935 0.5078 0.1685 0.1560
v 0.945742 9.531707 -10.334942 0.5380 0.1817 0.1677
v 0.945742 9.594207 -10.334942 0.4699 0.1626 0.1450
v 1.320742 9.594207 -10.334942 0.4182 0.1318 0.1220
v 1.320742 9.219207 -10.334942 0.4588 0.1806 0.1490
v 0.945742 9.219207 -10.334942 0.4732 0.1841 0.1536
v 0.945742 9.344207 -10.334942 0.7442 0.2250 0.2328
v 0.945742 9.594207 -10.272442 0.5818 0.1739 0.1761
v 1.320742 9.594207 -10.272442 0.5132 0.1461 0.1502
v 1.320742 9.219207 -10.272442 0.5166 0.1671 0.1579
v 0.945742 9.219207 -10.272442 0.5529 0.1939 0.1755
v 0.945742 9.344207 -10.272442 0.7290 0.2198 0.2273
v 0.945742 9.531707 -10.272442 0.7385 0.2303 0.2330
v 0.883242 9.531707 -10.272442 0.6989 0.2112 0.2170
v 0.883242 9.344207 -10.272442 0.7310 0.2122 0.2257
v 1.320742 9.719207 -10.334942 0.4366 0.1346 0.1274
v 1.383242 9.719207 -10.334942 0.4179 0.1285 0.1208
v 1.383242 9.594207 -10.334942 0.4555 0.1356 0.1324
v 1.383242 9.219207 -10.334942 0.4020 0.1476 0.1238
v 0.945742 9.719207 -10.334942 0.4764 0.1481 0.1416
v 1.320742 9.531707 -10.272442 0.5474 0.2005 0.1765
v 1.320742 9.344207 -10.272442 0.6020 0.1863 0.1849
v 0.883242 9.219207 -10.334935 0.4967 0.1906 0.1613
v -0.116758 8.781707 -10.334942 0.3916 0.0943 0.1033
v 0.883242 9.344207 -10.334935 0.6162 0.1942 0.1910
v -0.116758 8.594207 -10.334942 0.3903 0.0882 0.1010
v -0.116758 8.969206 -10.334942 0.4032 0.0940 0.1062
v -0.866758 8.969206 -10.334942 0.5104 0.1256 0.1432
v -0.116758 8.594207 -10.272442 0.3998 0.0928 0.1053
v -0.866759 8.344207 -10.334942 0.4547 0.1106 0.1245
v -0.116759 8.344207 -10.334942 0.3831 0.0864 0.0990
v -0.866758 8.594207 -10.334942 0.8506 0.2356 0.2633
v -0.866758 8.781706 -10.334942 0.9563 0.2685 0.2995
v -0.929258 8.594207 -11.084942 0.4200 0.0959 0.1108
v -0.929258 8.594207 -10.272442 0.6552 0.1731 0.1947
v -0.741758 8.156707 -12.209942 0.4613 0.0902 0.1111
v -0.679258 8.156707 -12.209942 0.3435 0.0539 0.0696
v -0.866758 8.594207 -11.084942 0.3801 0.0859 0.0972
v -0.116758 8.781706 -10.272442 0.3816 0.0866 0.0984
v -0.773008 8.125457 -11.647442 0.3776 0.0813 0.0937
v -0.773008 8.375457 -11.647442 0.3616 0.0744 0.0873
v -0.835507 8.375457 -11.647442 0.3999 0.0893 0.1023
v -0.835507 8.562957 -11.647442 0.6026 0.1524 0.1731
v -0.773008 8.562957 -11.647442 0.3947 0.0934 0.1021
v -0.929258 8.781706 -10.272442 0.6804 0.1804 0.2031
v -0.773008 8.750457 -11.647442 0.4293 0.0990 0.1136
v -0.866758 8.969207 -11.084942 0.4189 0.0969 0.1109
v -0.679258 8.531707 -12.209942 0.4382 0.0963 0.1112
v -0.929258 8.781706 -11.084942 0.4180 0.0959 0.1103
v -0.866758 8.781706 -11.084942 0.4045 0.0922 0.1057
v -0.116759 8.969206 -11.084942 0.3799 0.0861 0.0978
v 0.883241 9.719206 -10.334935 0.4788 0.1549 0.1445
v 1.383241 9.719206 -11.084942 0.3629 0.1023 0.0988
v 0.883241 9.594206 -11.084942 0.3710 0.1968 0.1379
v 1.383241 9.594206 -11.084942 0.3486 0.1673 0.1201
v 1.383241 9.594206 -11.209942 0.3281 0.2056 0.1343
v 0.883242 9.094207 -11.236614 0.3760 0.2850 0.1816
v 0.883242 9.156446 -11.220951 0.3620 0.2647 0.1695
v 0.883242 9.594207 -11.209942 0.2990 0.2019 0.1282
v -0.023008 8.750457 -11.647442 0.3841 0.0824 0.0961
v 0.070742 8.531707 -12.209942 0.3753 0.0718 0.0859
v -0.679258 8.156707 -12.272442 0.3659 0.0559 0.0734
v -0.679258 8.031707 -12.272442 0.3411 0.0470 0.0640
v -0.679258 8.031707 -12.647442 0.3951 0.0678 0.0850
v -0.679258 8.406707 -12.647442 0.3576 0.0000 0.0000
v -0.679258 8.406707 -12.272442 0.3552 0.0481 0.0655
v -0.679258 8.344207 -12.272442 0.3231 0.0298 0.0495
v -0.679258 8.344207 -12.209942 0.3580 0.0646 0.0773
v -0.741758 8.156707 -12.272442 0.4102 0.0664 0.0873
v -0.741758 8.031707 -12.272442 0.3557 0.0375 0.0614
v -0.741758 8.031707 -12.647442 0.5459 0.1150 0.1387
v -0.741758 8.406707 -12.647442 0.4473 0.1033 0.1170
v -0.741758 8.406707 -12.272442 0.3998 0.0893 0.1000
v -0.741758 8.344207 -12.272442 0.4358 0.0834 0.1016
v -0.741758 8.344207 -12.209942 0.4972 0.1182 0.1343
v -0.679258 8.156706 -12.647442 0.6582 0.1582 0.1829
v -0.679258 8.344206 -12.647442 0.4304 0.0190 0.0606
v -0.741758 8.156706 -12.647442 0.7035 0.1719 0.1990
v -0.741758 8.344206 -12.647442 0.4900 0.0913 0.1143
v -0.679258 8.531707 -12.272442 0.3698 0.0728 0.0847
v -0.679258 8.531707 -12.647442 0.3936 0.0554 0.0753
v -0.679258 8.531707 -12.709942 0.3648 0.0587 0.0755
v -0.679258 8.250457 -12.709942 0.4207 0.0578 0.0809
v 0.070742 8.531706 -12.709942 0.3537 0.0600 0.0759
v 0.070742 8.531707 -12.647442 0.3470 0.0605 0.0735
v 0.070742 8.531707 -12.272442 0.3782 0.0713 0.0867
v 0.070742 8.219207 -12.647442 0.4254 0.0878 0.1014
v 0.070742 8.219206 -12.709942 0.5270 0.1162 0.1360
v 0.883242 9.406707 -11.084942 0.3999 0.1806 0.1363
v -0.023008 8.437957 -11.647442 0.3798 0.0793 0.0930
v -0.116759 8.656707 -11.084942 0.4148 0.0996 0.1107
v 0.070742 8.219207 -12.209942 0.3562 0.0573 0.0729
v 0.070742 8.219207 -12.272442 0.3971 0.0846 0.0900
v 0.133241 8.219207 -12.647442 0.3354 0.0976 0.0757
v 0.133242 8.219207 -12.272442 0.4330 0.1455 0.1156
v -0.491759 8.344207 -11.084942 0.3779 0.0832 0.0958
v -0.304258 7.906707 -12.209942 0.3789 0.0631 0.0771
v -0.304258 7.906707 -12.709942 0.4846 0.0961 0.1172
v -0.304258 7.906707 -12.647442 0.4786 0.0892 0.1107
v -0.304258 7.906707 -12.272442 0.4095 0.0689 0.0880
v -0.491758 8.781706 -10.334942 0.6312 0.1663 0.1862
v -0.491759 8.344207 -10.334942 0.4605 0.1108 0.1260
v -0.491758 8.969206 -10.334942 0.4996 0.1236 0.1397
v -0.523008 8.781706 -10.272442 0.6121 0.1580 0.1788
v -0.523008 8.594207 -10.272442 0.6169 0.1613 0.1813
v -0.491758 8.969206 -11.084942 0.4174 0.0962 0.1098
v -0.398008 8.750457 -11.647442 0.3775 0.0797 0.0932
v -0.304258 8.531707 -12.209942 0.3832 0.0800 0.0906
v -0.398008 8.125457 -11.647442 0.3807 0.0814 0.0922
v -0.491758 8.594207 -10.334942 0.6551 0.1774 0.1955
v -0.866759 8.344207 -10.709942 0.4677 0.1131 0.1286
v 0.883242 9.094207 -10.709938 0.4742 0.1591 0.1448
v 1.383242 9.094207 -10.709938 0.4038 0.1567 0.1278
v -0.866758 8.969206 -10.709942 0.4690 0.1130 0.1288
v -0.866758 8.781706 -10.709942 0.6041 0.1585 0.1770
v -0.929258 8.594207 -10.678692 0.6167 0.1619 0.1813
v -0.929258 8.781706 -10.678692 0.6123 0.1596 0.1794
v -0.866758 8.594207 -10.709942 0.5750 0.1490 0.1667
v -0.116758 8.969206 -10.709942 0.4053 0.0975 0.1079
v 1.383242 9.719207 -10.709942 0.4066 0.1407 0.1223
v 1.383242 9.594207 -10.709942 0.4610 0.1548 0.1401
v -0.116759 8.344207 -10.709942 0.4511 0.1100 0.1234
v 0.883242 9.719206 -10.709938 0.4613 0.1585 0.1415
v -0.491758 8.969206 -10.709942 0.4480 0.1058 0.1208
v -0.491759 8.344207 -10.709942 0.4911 0.1220 0.1372
v 0.383241 8.719207 -11.084942 0.3981 0.0948 0.1054
v 0.383242 9.156707 -10.334938 0.3499 0.1092 0.0980
v 0.383242 8.969207 -10.334938 0.3993 0.1180 0.1129
v 0.383242 9.344206 -10.334938 0.4149 0.1235 0.1185
v 0.383241 8.719207 -10.334938 0.4770 0.1270 0.1352
v 0.383242 8.969207 -10.272442 0.4528 0.1158 0.1257
v 0.383242 9.344206 -11.084942 0.3887 0.1053 0.1062
v 0.383242 9.156706 -10.272442 0.4054 0.1237 0.1162
v 0.383242 9.031707 -11.084942 0.4334 0.1107 0.1192
v 0.383242 9.344206 -10.709940 0.4320 0.1357 0.1267
v 0.383241 8.719207 -10.709940 0.4219 0.1063 0.1150
v 1.383242 9.094207 -11.749738 0.3706 0.3560 0.2192
v 0.883242 9.094207 -11.754525 0.3468 0.3223 0.1970
v 0.883242 9.094207 -13.167677 0.1989 0.1864 0.1057
v 1.383242 9.094207 -13.167677 0.2396 0.2213 0.1303
v 0.883242 9.094207 -12.272442 0.1995 0.1892 0.1044
v 1.383242 9.094207 -12.272442 0.2537 0.2430 0.1457
v 0.883242 9.094207 -12.647442 0.2408 0.2208 0.1271
v 1.383242 9.094207 -12.647442 0.2748 0.2571 0.1560
v 0.883242 9.094207 -12.709942 0.2130 0.1946 0.1097
v 1.383242 9.094207 -12.709942 0.2481 0.2306 0.1370
v 0.945742 9.094207 -12.272442 0.2466 0.2299 0.1355
v 0.945742 9.094207 -12.647442 0.2544 0.2356 0.1397
v 1.320742 9.094207 -12.272442 0.2355 0.2189 0.1282
v 1.320742 9.094207 -12.647442 0.2445 0.2280 0.1341
v 0.945742 9.094207 -12.209942 0.3052 0.2795 0.1697
v 0.945742 9.094207 -12.709942 0.1908 0.1792 0.1014
v 1.320742 9.094207 -12.709942 0.2020 0.1808 0.1034
v 1.320742 9.094207 -12.209942 0.3171 0.2984 0.1812
v 0.883242 8.906707 -12.209942 0.2336 0.2280 0.1286
v 1.383242 8.906707 -12.209942 0.2713 0.2614 0.1578
v 1.383242 8.906707 -11.749738 0.2784 0.2662 0.1590
v 0.883242 8.906707 -11.754525 0.2530 0.2452 0.1441
v 0.883242 8.906707 -13.167677 0.2740 0.1671 0.1003
v 1.383242 8.906707 -13.167677 0.2690 0.1823 0.1108
v 0.883242 8.906707 -12.272442 0.2142 0.2093 0.1146
v 1.383242 8.906707 -12.272442 0.2557 0.2350 0.1415
v 0.883242 8.906707 -12.647442 0.1794 0.1662 0.0863
v 1.383242 8.906707 -12.647442 0.2614 0.2482 0.1491
v 0.883242 8.906707 -12.709942 0.2068 0.1671 0.0901
v 1.383242 8.906707 -12.709942 0.2592 0.2171 0.1301
v 1.383242 9.094207 -11.289669 0.3850 0.3293 0.2063
v 0.883242 9.094207 -11.296296 0.3819 0.3399 0.2115
v 1.383242 8.906707 -11.341350 0.2703 0.2594 0.1541
v 0.883242 8.906707 -11.346137 0.3185 0.3024 0.1829
v 0.883242 8.906707 -13.574626 0.2188 0.1549 0.0893
v 1.383242 8.906707 -13.574626 0.2489 0.1623 0.0990
v 0.883242 9.094207 -13.623466 0.2690 0.2577 0.1532
v 1.383242 9.094207 -13.630094 0.5729 0.5580 0.3529
v 1.383242 8.469208 -12.209942 0.2539 0.2467 0.1461
v 0.883242 8.469208 -12.209942 0.2316 0.2250 0.1285
v 1.383242 8.469208 -12.709942 0.2266 0.1979 0.1169
v 0.883242 8.469208 -12.709942 0.1756 0.1421 0.0742
v 0.883242 8.469208 -12.272442 0.1662 0.1615 0.0843
v 1.383242 8.469208 -12.272442 0.2483 0.2384 0.1430
v 0.883242 8.469208 -12.647442 0.1864 0.1798 0.0979
v 1.383242 8.469208 -12.647442 0.2561 0.2468 0.1474
v -0.866758 8.344207 -13.834942 0.3157 0.0642 0.0750
v -0.116758 8.344207 -13.834942 0.2387 0.0418 0.0489
v -0.491758 8.344207 -13.834942 0.2942 0.0569 0.0673
v -0.773008 8.125457 -13.272442 0.4277 0.0962 0.1115
v -0.023008 8.125457 -13.272442 0.4651 0.1043 0.1220
v -0.398008 8.125457 -13.272442 0.4976 0.1143 0.1332
v -0.116758 8.344207 -14.584942 0.3524 0.0769 0.0885
v -0.866758 8.344207 -14.584942 0.2830 0.0534 0.0638
v 0.883242 9.094207 -13.834942 0.1026 0.0488 0.0236
v 1.383242 9.094207 -14.584935 0.1019 0.0856 0.0401
v 0.883242 9.094207 -14.584935 0.1564 0.0819 0.0462
v 1.383242 9.094207 -13.834942 0.2320 0.2116 0.1240
v -0.116758 8.344207 -14.209942 0.3898 0.0918 0.1026
v 0.883242 9.094207 -14.209938 0.1221 0.0333 0.0213
v 0.383242 8.719207 -13.834942 0.2183 0.0380 0.0426
v 0.383242 8.719207 -14.584938 0.3074 0.0666 0.0739
v 0.383242 8.719207 -14.209940 0.2466 0.0487 0.0529
v -0.491758 8.344207 -14.584942 0.3394 0.0721 0.0836
v -0.866758 8.344207 -14.209942 0.3099 0.0627 0.0734
v -0.491758 8.344207 -14.209942 0.4124 0.0955 0.1093
v 1.383242 9.094207 -14.209938 0.1392 0.1161 0.0611
v -0.116758 8.969206 -13.834942 0.2651 0.0472 0.0568
v 0.883242 9.719206 -13.834942 0.0958 0.0246 0.0151
v 0.883242 9.594206 -13.834942 0.0928 0.0398 0.0195
v 1.383242 9.594206 -13.834942 0.1161 0.0580 0.0289
v 1.383242 9.719206 -13.834942 0.0821 0.0230 0.0131
v 0.883242 9.719206 -14.584942 0.1005 0.0293 0.0171
v 1.383242 9.719206 -14.584942 0.1232 0.0783 0.0391
v -0.116758 8.969206 -14.584942 0.4160 0.1090 0.1142
v -0.866758 8.969206 -14.584942 0.2807 0.0526 0.0629
v -0.866758 8.969206 -13.834942 0.2643 0.0491 0.0573
v 0.883242 9.719206 -14.210411 0.1376 0.0792 0.0418
v 1.383242 9.719206 -14.210411 0.0980 0.0395 0.0199
v -0.866758 8.969206 -14.210411 0.3193 0.0648 0.0761
v -0.116758 8.969206 -14.210411 0.2106 0.0303 0.0377
v 0.383242 9.344206 -13.834942 0.1856 0.0366 0.0341
v 0.383242 9.344206 -14.584942 0.1970 0.0417 0.0384
v 0.383242 9.344206 -14.210411 0.1246 0.0207 0.0177
v -0.023008 8.750456 -13.272442 0.4533 0.1060 0.1220
v -0.304258 8.531706 -12.709942 0.3961 0.0721 0.0888
v -0.773008 8.750456 -13.272442 0.3366 0.0690 0.0810
v -0.491758 8.969206 -14.584942 0.3228 0.0662 0.0778
v -0.491758 8.969206 -13.834942 0.2635 0.0464 0.0560
v -0.491758 8.969206 -14.210411 0.3700 0.0809 0.0941
v -0.398008 8.750456 -13.272442 0.4445 0.1028 0.1186
v 0.383242 9.031706 -14.584940 0.2341 0.0660 0.0555
v 0.883242 9.406706 -14.584938 0.1402 0.0430 0.0272
v -0.116758 8.656706 -14.584942 0.4019 0.0914 0.1054
v -0.491758 8.656706 -14.584942 0.3449 0.0740 0.0855
v -0.866758 8.656706 -14.584942 0.3042 0.0635 0.0719
v -0.866758 8.656706 -14.210176 0.3855 0.0877 0.1001
v -0.866758 8.656706 -13.834942 0.3032 0.0597 0.0699
v -0.773008 8.437957 -13.272442 0.4343 0.0997 0.1152
v 1.383242 9.406706 -14.584938 0.1090 0.0893 0.0430
v 1.383242 9.406706 -14.210175 0.1035 0.0376 0.0200
v 1.383242 9.406706 -13.834942 0.1979 0.1576 0.0908
v 0.383242 9.031706 -13.834942 0.2383 0.0404 0.0484
v -0.116758 8.656706 -13.834942 0.3320 0.0702 0.0810
v 0.883242 9.406706 -13.834942 0.0822 0.0332 0.0162
v -0.023008 8.437956 -13.272442 0.8346 0.2289 0.2566
v 0.070742 8.219206 -12.709942 0.5270 0.1162 0.1360
v 1.383242 9.594206 -13.709820 0.4254 0.4162 0.2582
v 0.883242 9.594206 -13.709820 0.3057 0.2916 0.1762
v 1.383242 9.156707 -13.709820 0.4839 0.4735 0.2965
v 1.383242 9.406707 -13.709820 0.7122 0.6973 0.4454
v 0.883242 9.156446 -13.698812 0.3503 0.3399 0.2080
v 0.883242 9.406707 -13.698812 0.0000 0.0000 0.0000
v 0.883242 8.656707 -13.509505 0.2427 0.1731 0.1001
v 1.383242 8.656707 -13.509505 0.2550 0.1884 0.1136
v 1.383242 8.656707 -11.410257 0.2179 0.1951 0.1124
v 0.883242 8.656707 -11.410257 0.2249 0.2157 0.1248
v 0.883242 9.469207 -12.209942 0.3099 0.2942 0.1778
v 1.383242 9.469207 -12.209942 0.3539 0.3256 0.2006
v 0.883242 9.469207 -12.272442 0.2261 0.2127 0.1230
v 1.383242 9.469207 -12.272442 0.2600 0.2468 0.1465
v 0.883242 9.469207 -12.647442 0.2113 0.2022 0.1151
v 1.383242 9.469207 -12.647442 0.2502 0.2324 0.1385
v 0.883242 9.469207 -12.709942 0.2275 0.2110 0.1226
v 1.383242 9.469207 -12.709942 0.2328 0.2128 0.1247
v 0.945742 9.469207 -12.272442 0.1162 0.1072 0.0538
v 0.945742 9.469207 -12.647442 0.2271 0.2106 0.1229
v 1.320742 9.469207 -12.272442 0.1987 0.1874 0.1063
v 1.320742 9.469207 -12.647442 0.2372 0.2057 0.1204
v 0.945742 9.469207 -12.209942 0.3407 0.3231 0.1980
v 0.945742 9.469207 -12.709942 0.1997 0.1777 0.1017
v 1.320742 9.469207 -12.709942 0.1916 0.1733 0.0977
v 1.320742 9.469207 -12.209942 0.3543 0.3269 0.2009
v 1.320742 9.469207 -12.272442 0.1762 0.1659 0.0920
v 1.320742 9.469207 -12.647442 0.2390 0.2077 0.1218
v 0.945742 9.469207 -12.272442 0.2230 0.2084 0.1216
v 0.945742 9.469207 -12.647442 0.2329 0.2155 0.1261
v 1.320742 9.281707 -12.272442 0.2388 0.2195 0.1278
v 1.383242 9.281707 -12.272442 0.2628 0.2486 0.1489
v 1.383242 9.281707 -12.209942 0.3404 0.3215 0.1982
v 1.320742 9.281707 -12.209942 0.3411 0.3089 0.1894
v 0.945742 9.281707 -12.272442 0.2557 0.2399 0.1425
v 0.945742 9.281707 -12.209942 0.3412 0.3160 0.1938
v 0.883242 9.281707 -12.209942 0.3230 0.2930 0.1784
v 0.883242 9.281707 -12.272442 0.2354 0.2078 0.1202
v 0.945742 9.281707 -12.709942 0.2128 0.2030 0.1167
v 0.945742 9.281707 -12.647442 0.2629 0.2442 0.1457
v 0.883242 9.281707 -12.709942 0.2000 0.1818 0.1028
v 0.883242 9.281707 -12.647442 0.2622 0.2503 0.1474
v 1.383242 9.281707 -12.709942 0.2324 0.2109 0.1235
v 1.383242 9.281707 -12.647442 0.2829 0.2699 0.1628
v 1.320742 9.281707 -12.647442 0.2656 0.2437 0.1448
v 1.320742 9.281707 -12.709942 0.1965 0.1764 0.0998
v 0.883242 10.031707 -12.209942 0.2920 0.2766 0.1662
v 1.383242 10.031707 -12.209942 0.3144 0.3033 0.1836
v 0.883242 10.031707 -12.709942 0.2175 0.1927 0.1115
v 1.383242 10.031707 -12.709942 0.2260 0.2092 0.1222
v 1.383242 9.750457 -12.709942 0.2067 0.1900 0.1088
v 1.383242 9.750457 -12.209942 0.3372 0.3190 0.1951
v 0.883242 9.750457 -12.209942 0.3210 0.3081 0.1868
v 0.883242 9.750457 -12.709942 0.2193 0.2034 0.1177
v 1.383242 9.594207 -13.709820 0.4930 0.4829 0.3026
v 1.383242 9.156707 -13.709820 0.4839 0.4735 0.2965
v 0.938125 9.352230 -13.709942 0.2430 0.2272 0.1336
v 0.998495 9.368406 -13.709942 0.2869 0.2737 0.1643
v 0.930037 9.382416 -13.709942 0.2354 0.2164 0.1265
v 0.899838 9.374325 -13.709942 0.2517 0.2426 0.1433
v 0.982306 9.428774 -13.709942 0.3253 0.3046 0.1849
v 1.278238 9.411010 -13.709942 0.5963 0.5824 0.3690
v 1.157506 9.378655 -13.709942 0.3569 0.3451 0.2115
v 1.149418 9.408841 -13.709942 0.2856 0.2650 0.1593
v 1.089037 9.392660 -13.709942 0.2071 0.1816 0.1040
v 1.072861 9.453031 -13.709942 0.2411 0.2301 0.1349
v 1.294417 9.350643 -13.709942 0.6272 0.6127 0.3891
v 1.354788 9.366819 -13.709942 1.1536 1.1307 0.7334
v 1.346700 9.397005 -13.709942 1.1501 1.1275 0.7313
v 1.383242 9.406793 -13.709820 1.1117 1.0889 0.7058
v 0.972051 9.337786 -13.709942 0.2657 0.2512 0.1493
v 0.911680 9.321609 -13.709942 0.2017 0.1920 0.1097
v 0.919768 9.291424 -13.709942 0.2312 0.2171 0.1268
v 0.988230 9.277419 -13.709942 0.2989 0.2873 0.1731
v 1.108977 9.309773 -13.709942 0.3587 0.3394 0.2083
v 1.117065 9.279588 -13.709942 0.3352 0.3237 0.1972
v 1.177431 9.295753 -13.709942 0.3775 0.3646 0.2246
v 1.193607 9.235383 -13.709942 0.4427 0.4304 0.2680
v 0.883242 9.154502 -13.709942 0.3133 0.3031 0.1835
v 0.883242 9.216934 -13.709942 0.2668 0.2576 0.1531
v 0.883242 9.281641 -13.709942 0.2144 0.2050 0.1183
v 1.284162 9.259655 -13.709942 0.4957 0.4809 0.3017
v 1.374718 9.283919 -13.709942 0.7397 0.7239 0.4631
v 1.366630 9.314104 -13.709942 0.9660 0.9461 0.6108
v 1.267988 9.320023 -13.709942 0.4841 0.4719 0.2956
v 1.328359 9.336199 -13.709942 0.7977 0.7810 0.5009
v 1.336460 9.305964 -13.709942 0.8419 0.8247 0.5301
v 0.907916 9.094207 -13.709942 0.2772 0.2679 0.1600
v 1.383242 9.094207 -13.709942 0.6019 0.5887 0.3732
v 0.883242 9.436253 -13.709942 0.2614 0.2497 0.1483
v 1.064352 9.594206 -13.709942 0.2780 0.2564 0.1534
v 0.883242 9.594206 -13.709942 0.2633 0.2530 0.1501
v 0.938125 9.352230 -13.772442 0.1175 0.1038 0.0518
v 0.998495 9.368406 -13.772442 0.2238 0.1973 0.1151
v 0.930037 9.382416 -13.772442 0.1440 0.1280 0.0682
v 0.899838 9.374325 -13.772442 0.1066 0.0953 0.0458
v 0.982306 9.428774 -13.772442 0.2226 0.2058 0.1197
v 1.278238 9.411010 -13.772442 0.3189 0.2957 0.1801
v 1.157506 9.378655 -13.772442 0.3573 0.3422 0.2100
v 1.149418 9.408841 -13.772442 0.1674 0.1599 0.0883
v 1.089037 9.392660 -13.772442 0.1792 0.1376 0.0775
v 1.072861 9.453031 -13.772442 0.1446 0.0949 0.0507
v 1.294417 9.350643 -13.772442 0.3123 0.2990 0.1811
v 1.354788 9.366819 -13.772442 0.4148 0.3983 0.2473
v 1.346700 9.397005 -13.772442 0.5782 0.5648 0.3573
v 1.383242 9.406793 -13.772320 0.6156 0.5987 0.3802
v 0.972051 9.337786 -13.772442 0.1595 0.1353 0.0739
v 0.911680 9.321609 -13.772442 0.1078 0.0934 0.0449
v 0.919768 9.291424 -13.772442 0.0763 0.0508 0.0213
v 0.988230 9.277419 -13.772442 0.1323 0.1136 0.0588
v 1.108977 9.309773 -13.772442 0.2982 0.2865 0.1726
v 1.117065 9.279588 -13.772442 0.2415 0.2218 0.1307
v 1.177431 9.295753 -13.772442 0.2441 0.2344 0.1379
v 1.193607 9.235383 -13.772442 0.2157 0.1884 0.1095
v 0.883242 9.281641 -13.772442 0.0700 0.0415 0.0176
v 1.284162 9.259655 -13.772442 0.1897 0.1669 0.0946
v 1.374718 9.283919 -13.772442 0.3774 0.3639 0.2242
v 1.366630 9.314104 -13.772442 0.5132 0.4998 0.3143
v 1.267988 9.320023 -13.772442 0.3179 0.3068 0.1861
v 1.328359 9.336199 -13.772442 0.4271 0.4129 0.2568
v 1.336460 9.305964 -13.772442 0.5674 0.5532 0.3497
v 1.210464 9.155931 -13.709863 0.5420 0.5219 0.3296
v 1.224349 9.094207 -13.709942 0.4988 0.4879 0.3061
v 0.633407 8.469207 -11.959942 0.2772 0.2652 0.1575
vn 0.4575 -0.6231 0.6344
vn -0.4532 -0.6288 -0.6319
vn -0.4608 0.6165 -0.6384
vn -0.3475 0.6705 0.6555
vn -0.5464 0.6969 0.4646
vn -0.5354 0.6968 0.4773
vn 0.7132 0.7009 -0.0148
vn 0.5395 0.6959 -0.4741
vn 0.5522 0.6960 -0.4590
vn 0.7133 0.7006 -0.0200
vn 0.6893 0.6963 0.2001
vn 0.6894 0.6963 0.1996
vn 0.6900 0.6963 0.1974
vn -0.6895 0.6963 -0.1995
vn -0.6893 0.6963 -0.2000
vn -0.6901 0.6963 -0.1974
vn -0.7109 0.7030 0.0206
vn -0.7110 0.7026 0.0279
vn -0.5363 -0.6946 0.4796
vn -0.5470 -0.6947 0.4672
vn -0.3455 -0.6674 0.6597
vn 0.3490 -0.6710 -0.6542
vn 0.5387 -0.6984 -0.4713
vn 0.5517 -0.6984 -0.4558
vn -0.7121 -0.7018 0.0205
vn -0.7122 -0.7014 0.0278
vn -0.6893 -0.6963 -0.2000
vn -0.6895 -0.6963 -0.1995
vn -0.6901 -0.6963 -0.1974
vn 0.6900 -0.6963 0.1974
vn 0.6893 -0.6963 0.2001
vn 0.6894 -0.6963 0.1996
vn 0.7123 -0.7016 -0.0191
vn 0.7122 -0.7019 -0.0141
vn 0.3480 0.6679 -0.6579
vn 0.4640 0.6117 0.6407
vn -1.0000 -0.0000 0.0045
vn 0.1954 0.6881 0.6988
vn 0.2923 0.6589 0.6931
vn 0.2792 0.6633 0.6943
vn 0.2473 0.5762 0.7790
vn 0.2624 0.5831 0.7689
vn 0.1279 0.5156 0.8472
vn -0.1909 0.6950 -0.6932
vn -0.2442 0.7281 -0.6405
vn -0.2376 0.7241 -0.6474
vn -0.0463 0.7856 -0.6170
vn -0.0500 0.7854 -0.6169
vn 0.1969 0.7710 -0.6056
vn -0.2035 -0.7683 0.6069
vn 0.0556 -0.7828 0.6198
vn 0.0477 -0.7832 0.6200
vn 0.2528 -0.7213 0.6448
vn 0.2471 -0.7182 0.6505
vn 0.1954 -0.6881 0.6988
vn -0.2535 -0.5920 -0.7650
vn -0.2470 -0.5889 -0.7695
vn -0.2865 -0.6693 -0.6855
vn -0.2749 -0.6728 -0.6868
vn -0.1909 -0.6950 -0.6932
vn -0.1250 -0.5238 -0.8426
vn 0.8344 -0.3464 0.4288
vn -0.4469 0.8649 0.2286
vn -0.0573 0.8503 0.5232
vn -0.0404 0.8493 0.5263
vn -0.4486 0.8647 0.2260
vn 0.0742 -0.8652 -0.4959
vn 0.0332 -0.8663 -0.4983
vn 0.4384 -0.8678 -0.2340
vn 0.4368 -0.8679 -0.2366
vn -0.5527 -0.4829 0.6793
vn -0.7373 -0.5200 0.4313
vn -0.7402 -0.5202 0.4260
vn -0.5853 0.8100 -0.0359
vn -0.8518 -0.5060 0.1355
vn 0.0864 -0.5039 0.8594
vn 0.0909 -0.4973 0.8628
vn 0.1164 -0.4585 0.8810
vn 0.2684 -0.6103 0.7453
vn 0.2509 -0.6056 0.7552
vn 0.4479 -0.6438 0.6204
vn -0.6946 -0.5895 -0.4122
vn 0.7354 0.5198 -0.4347
vn 0.8415 0.5194 -0.1486
vn 0.7311 0.5191 -0.4427
vn 0.2444 0.5212 -0.8177
vn 0.2358 0.5217 -0.8199
vn -0.0824 0.5253 -0.8469
vn -0.0803 0.5268 -0.8462
vn -0.4552 0.6321 -0.6271
vn -0.2743 0.6039 -0.7484
vn -0.2529 0.5989 -0.7599
vn 0.7015 0.5876 0.4032
vn 0.1244 0.8223 0.5553
vn 0.0645 0.8284 0.5565
vn 0.1166 0.8233 0.5555
vn 0.5652 -0.8247 0.0189
vn -0.1127 -0.8469 -0.5197
vn -0.1162 -0.8474 -0.5181
vn -0.0694 -0.8401 -0.5380
vn -0.8643 0.2551 0.4334
vn -0.8645 0.2572 0.4318
vn -0.8648 0.3979 0.3063
vn -0.8013 -0.0725 0.5938
vn -0.8017 -0.0710 0.5934
vn -0.7419 -0.2469 0.6234
vn 0.7419 0.2469 -0.6234
vn 0.8013 0.0726 -0.5938
vn 0.8017 0.0710 -0.5934
vn 0.2976 -0.9100 -0.2889
vn 0.5818 0.1290 0.8030
vn 0.5478 0.3106 0.7768
vn 0.5474 0.3121 0.7765
vn 0.4754 0.6349 0.6090
vn 0.4756 0.6339 0.6099
vn 0.4397 0.7628 0.4741
vn 0.8679 -0.2575 -0.4248
vn 0.8679 -0.2575 -0.4247
vn 0.8699 -0.3968 -0.2930
vn -0.5067 -0.7446 -0.4346
vn -0.5102 -0.6246 -0.5913
vn -0.5103 -0.6274 -0.5882
vn -0.5478 -0.3105 -0.7768
vn -0.5474 -0.3122 -0.7765
vn -0.5818 -0.1290 -0.8030
vn -0.0000 -0.7071 0.7071
vn -0.0000 0.7071 0.7071
vn -0.0000 -0.7071 -0.7071
vn -0.0000 0.7071 -0.7071
vn 0.5137 -0.5272 0.6769
vn -0.1709 0.7102 0.6829
vn 0.3598 -0.6830 0.6356
vn 0.0062 0.6830 0.7304
vn 0.2588 -0.8365 0.4830
vn 0.6830 0.5120 0.5209
vn -0.6830 0.1951 0.7039
vn -0.8408 -0.4665 0.2747
vn 0.7018 0.6985 0.1399
vn 0.6982 0.6954 0.1699
vn 0.5338 0.6897 0.4892
vn 0.5283 0.6897 0.4952
vn 0.3613 -0.6701 0.6484
vn 0.5338 -0.6897 0.4892
vn 0.5283 -0.6897 0.4952
vn 0.7062 -0.6944 0.1380
vn 0.7018 -0.6921 0.1685
vn 0.7076 0.6938 -0.1340
vn 0.7036 0.6871 -0.1814
vn 0.7141 -0.6860 -0.1392
vn 0.7099 -0.6795 -0.1854
vn 0.5205 0.6790 -0.5178
vn 0.5081 0.6786 -0.5304
vn 0.4828 -0.6816 -0.5498
vn 0.4831 -0.6816 -0.5496
vn 0.2300 -0.6464 -0.7275
vn 0.3063 0.6486 -0.6968
vn 0.3613 0.6701 0.6484
vn -0.3334 0.5643 0.7553
vn -0.5237 0.6445 0.5571
vn -0.5195 0.6432 0.5625
vn -0.6923 0.6995 0.1775
vn -0.6958 0.7033 0.1453
vn -0.6928 0.7010 -0.1690
vn -0.6961 0.7044 -0.1390
vn -0.5415 0.6901 -0.4802
vn -0.5343 0.6899 -0.4885
vn -0.3792 0.6687 -0.6396
vn 0.3062 0.6486 -0.6968
vn -0.0000 -0.0000 -1.0000
vn -0.0000 0.2205 -0.9754
vn -0.0000 0.1292 -0.9916
vn -0.2534 0.9674 -0.0000
vn -0.4903 0.8716 -0.0000
vn -0.5010 0.8654 -0.0000
vn -0.2654 0.9641 -0.0000
vn 0.4914 0.8709 -0.0000
vn 0.4997 0.8662 -0.0001
vn 0.2587 0.9660 -0.0000
vn 0.4908 0.8713 -0.0000
vn 0.4866 0.8736 -0.0000
vn -0.0000 1.0000 -0.0000
vn -1.0000 0.0001 -0.0000
vn -1.0000 -0.0003 -0.0000
vn -0.0000 -1.0000 -0.0000
vn 0.2770 0.9609 -0.0000
vn 0.1371 0.9906 -0.0000
vn 0.5120 0.8590 -0.0000
vn -0.6410 -0.7675 -0.0000
vn -0.4903 -0.8716 -0.0000
vn -0.2534 -0.9674 -0.0000
vn -0.1256 -0.9921 -0.0000
vn -1.0000 -0.0000 -0.0000
vn 1.0000 -0.0000 -0.0000
vn -0.0000 0.2548 -0.9670
vn -0.0000 0.1721 -0.9851
vn 0.6245 -0.7810 -0.0000
vn 0.4903 -0.8716 -0.0000
vn -0.0000 -0.0000 1.0000
vn 0.2534 -0.9674 -0.0000
vn 0.1256 -0.9921 -0.0000
vn -0.0000 0.9712 -0.2382
vn -0.0000 0.9960 -0.0892
vn -0.0000 0.9522 0.3054
vn -0.0000 0.9665 0.2568
vn 0.7071 0.7071 -0.0000
vn -0.0000 0.9960 0.0892
vn -0.0000 0.9712 0.2382
vn 0.7071 0.7071 0.0001
vn -0.0001 0.8944 -0.4472
vn -0.0000 0.9522 -0.3054
vn 1.0000 -0.0001 0.0004
vn 0.9924 -0.1233 0.0016
vn 0.9944 -0.1058 0.0021
vn 0.9640 -0.2657 -0.0000
vn 0.9998 0.0157 0.0112
vn 0.9996 0.0263 0.0138
vn -0.0000 -0.0001 -1.0000
vn -0.0001 -0.0000 -1.0000
vn -0.0000 -0.0001 1.0000
vn -0.0001 -0.0000 1.0000
vn -0.0000 0.8944 0.4472
vn 0.9682 0.2475 0.0369
vn 0.9833 0.1815 0.0118
vn 0.9704 0.2410 0.0163
vn -0.1256 0.9921 -0.0000
vn -0.0000 0.9665 -0.2568
vn 0.2586 0.9660 -0.0000
vn 0.0017 -0.2645 -0.9644
vn 0.0011 -0.2626 -0.9649
vn -0.0000 -0.2588 -0.9659
vn 0.9994 0.0337 -0.0000
vn 0.9996 0.0283 -0.0000
vn 0.9981 0.0624 -0.0000
vn -0.0000 -0.1362 -0.9907
vn -0.0000 -0.2699 -0.9629
vn -0.0000 0.1341 -0.9910
vn -0.0000 0.2593 -0.9658
vn 0.0021 0.0093 -1.0000
vn 0.0011 -0.1350 -0.9908
vn 0.0005 -0.1356 -0.9908
vn 0.0014 0.0062 -1.0000
vn 0.0011 0.1351 -0.9908
vn -0.0000 -0.2643 -0.9644
vn -0.0000 -0.2625 -0.9649
vn -0.0000 1.0000 -0.0001
vn -0.0000 0.2657 -0.9640
vn -0.0170 0.1329 -0.9910
vn -0.0171 0.2559 -0.9666
vn -0.0170 0.1298 -0.9914
vn -0.0083 0.0063 -0.9999
vn -0.0000 -0.1336 -0.9910
vn -0.0009 -0.2625 -0.9649
vn -0.0010 -0.1347 -0.9909
vn -0.0010 -0.1243 -0.9923
vn -0.0015 -0.2646 -0.9644
vn 0.0013 -0.1349 -0.9909
vn -0.0000 0.2609 -0.9654
vn -0.0000 0.1366 -0.9906
vn -0.0000 0.1222 -0.9925
vn 0.9995 0.0303 -0.0087
vn 0.9997 0.0212 -0.0087
vn 0.9932 -0.1167 -0.0004
vn 0.9948 -0.1019 -0.0004
vn 1.0000 0.0058 -0.0065
vn 1.0000 0.0022 0.0022
vn 0.9921 -0.1257 -0.0005
vn 0.9926 -0.1210 -0.0013
vn 0.9892 0.1464 0.0024
vn 0.9882 0.1529 -0.0097
vn 0.9905 0.1353 0.0231
vn 0.9913 0.1309 -0.0168
vn 0.9894 0.1442 -0.0176
vn -0.0000 0.2592 -0.9658
vn -0.0000 0.2616 -0.9652
vn 0.9686 0.2486 -0.0069
vn 0.9651 0.2618 -0.0055
vn -0.1314 0.9913 -0.0000
vn 0.9444 0.3288 -0.0022
vn 0.9553 0.2955 -0.0063
vn 0.9579 0.2870 -0.0120
vn 0.9606 0.2777 -0.0115
vn 0.9620 0.2725 0.0169
vn 0.9590 0.2829 0.0158
vn 0.9634 0.2676 0.0131
vn 0.9791 0.2030 -0.0105
vn 0.9702 0.2421 -0.0054
vn 0.9724 0.2331 0.0071
vn 0.9730 0.2307 0.0071
vn 0.9745 0.2241 -0.0105
vn 0.9746 0.2222 -0.0274
vn 0.9707 0.2404 -0.0046
vn 0.9673 0.2529 0.0174
vn 0.0017 -0.2645 0.9644
vn -0.0000 -0.2588 0.9659
vn 0.0011 -0.2626 0.9649
vn -0.0000 -0.1362 0.9907
vn -0.0000 -0.2699 0.9629
vn -0.0000 0.1341 0.9910
vn -0.0055 0.2397 0.9708
vn -0.0045 0.2532 0.9674
vn 0.0021 0.0093 1.0000
vn 0.0014 0.0062 1.0000
vn 0.0005 -0.1356 0.9908
vn 0.0011 -0.1350 0.9908
vn 0.0011 0.1351 0.9908
vn -0.0000 -0.2643 0.9644
vn -0.0000 -0.2625 0.9649
vn -0.0025 0.2046 0.9788
vn -0.0050 0.2163 0.9763
vn -0.0000 1.0000 0.0001
vn -0.0081 0.1283 0.9917
vn -0.0123 0.1151 0.9933
vn -0.0000 0.2657 0.9640
vn -0.0131 0.1302 0.9914
vn -0.0126 0.1400 0.9901
vn -0.0170 0.1329 0.9910
vn -0.0170 0.1298 0.9914
vn -0.0171 0.2559 0.9666
vn -0.0083 0.0063 0.9999
vn -0.0000 -0.1336 0.9910
vn -0.0009 -0.2625 0.9649
vn -0.0015 -0.2646 0.9644
vn -0.0010 -0.1243 0.9923
vn -0.0010 -0.1347 0.9909
vn 0.0013 -0.1349 0.9909
vn -0.0010 0.2585 0.9660
vn -0.0000 0.2606 0.9654
vn -1.0000 -0.0000 0.0001
vn -1.0000 -0.0001 -0.0000
vn 0.9753 0.2208 -0.0105
vn -0.0000 0.1222 0.9925
vn -0.0000 0.1366 0.9906
vn -0.0000 0.2277 0.9737
vn -0.0000 0.2052 0.9787
vn -0.0140 0.0364 0.9992
vn -0.0181 0.0321 0.9993
vn -0.0094 0.0316 0.9995
vn -0.0059 0.2233 0.9747
vn -0.0046 0.0264 0.9996
vn 0.0001 0.0339 0.9994
vn 1.0000 -0.0001 -0.0002
vn 1.0000 -0.0000 -0.0002
vn -0.0029 0.0533 0.9986
vn 0.0172 0.0437 0.9989
vn 0.0086 0.0237 0.9997
vn 0.0173 0.0226 0.9996
vn 0.0086 0.0113 0.9999
vn 0.9914 0.1279 0.0269
vn -1.0000 0.0004 -0.0000
vn -1.0000 0.0001 -0.0004
vn -1.0000 -0.0000 -0.0004
vn -1.0000 -0.0001 -0.0004
vn 0.7424 -0.6700 -0.0000
vn -0.0132 0.0435 0.9990
vn -1.0000 -0.0001 0.0001
vn -1.0000 -0.0000 -0.0001
vn -0.0000 0.2555 0.9668
vn -0.0000 0.1759 0.9844
vn -1.0000 -0.0001 -0.0001
vn -0.0000 0.2561 -0.9666
vn -0.0000 0.1758 0.9844
vn 0.9737 0.2277 0.0074
vn 0.9764 0.2160 0.0070
vn 0.9800 0.1989 -0.0093
vn 0.4472 -0.8944 -0.0000
vn -0.0002 0.0006 1.0000
vn -0.2095 0.9778 -0.0000
vn -0.0000 0.9829 -0.1844
vn -0.0000 0.9846 -0.1749
vn -0.0000 0.9320 -0.3624
vn -0.0000 0.9829 0.1844
vn -0.0000 0.9812 0.1930
vn -0.2059 0.9690 -0.1366
vn -0.6000 0.8000 -0.0000
vn -0.3162 0.9487 -0.0000
vn 0.3162 -0.9487 -0.0000
vn 0.6000 -0.8000 -0.0000
vn -0.0000 -0.9320 0.3624
vn -0.0000 -0.9812 0.1930
vn -0.0000 -0.9846 0.1749
vn 0.9974 -0.0000 0.0716
vn 0.9958 -0.0000 0.0911
vn 0.9864 -0.0000 0.1644
vn -0.0000 0.9812 -0.1930
vn -0.9864 -0.0000 -0.1644
vn -0.9966 -0.0000 -0.0825
vn -0.9974 -0.0000 -0.0716
vn 0.2059 -0.9690 0.1366
vn -0.0000 -0.9829 0.1844
vn 0.9974 -0.0000 -0.0716
vn 0.9966 -0.0000 -0.0825
vn 0.9958 -0.0000 -0.0911
vn -0.9958 -0.0000 -0.0911
vn -0.0000 0.9846 0.1749
vn -0.0000 -0.9812 -0.1930
vn -0.0000 -0.9320 -0.3624
vn -0.0000 -0.9829 -0.1844
vn -0.0000 0.9320 0.3624
vn -0.2059 0.9690 0.1366
vn 0.2059 -0.9690 -0.1366
vn -0.0000 -0.9846 -0.1749
vn 0.9864 -0.0000 -0.1644
vn -0.9864 -0.0000 0.1644
vn -0.0000 0.2521 0.9677
vn 0.0046 0.2571 -0.9664
vn 0.8944 0.4472 -0.0000
vn -0.8944 0.4472 -0.0000
vn -0.0001 0.0003 1.0000
vn -0.0001 0.0005 1.0000
vn -0.0010 -0.0047 1.0000
vn -0.0002 -0.0001 1.0000
vn -0.0002 -0.0002 1.0000
vn -0.0002 -0.0004 1.0000
vn -0.0001 0.0004 1.0000
vn -0.0008 -0.0040 1.0000
vn -0.0004 -0.0000 1.0000
vn -0.0002 -0.0000 1.0000
vn -0.0006 -0.0016 1.0000
vn 0.2588 -0.9659 -0.0000
vn 0.9659 0.2588 -0.0000
vn -0.2588 0.9659 -0.0000
vn 0.9659 0.2590 -0.0000
vn 0.2589 -0.9659 -0.0000
vn 0.2587 -0.9660 -0.0000
vn -0.9659 -0.2588 -0.0000
vn 0.2587 -0.9659 -0.0000
vn -0.2587 0.9660 -0.0000
vn -0.2605 0.9655 -0.0000
vn -0.9659 -0.2589 -0.0000
vn -0.2589 0.9659 -0.0000
vn 0.9659 0.2589 -0.0000
vn -0.0001 -0.0007 1.0000
vn -0.0001 -0.0012 1.0000
vn -0.0001 -0.0016 1.0000
vt 0.000000 0.000000
vt 1.000000 0.000000
vt 1.000000 1.000000
vt 0.000000 1.000000
vt 0.500000 0.500000
vt 1.000000 0.500000
vt 0.500000 1.000000
vt 0.125000 1.000000
vt 0.000000 1.000000
vt 0.000000 0.000009
vt 0.125000 -0.000000
vt 0.500000 0.187534
vt 0.000000 0.999668
vt 0.999834 0.500000
vt 0.500442 0.000442
vt 0.000000 0.999116
vt 0.500063 0.000000
vt 0.500063 1.000000
vt 0.000000 0.500061
vt 0.125016 0.000071
vt 0.999752 -0.000000
vt 0.999752 1.000000
vt -0.000000 0.000000
vt 0.000000 0.500187
vt 0.500063 0.000000
vt 0.500063 1.000000
vt 0.124969 0.999975
vt 0.000000 1.000000
vt -0.000000 -0.000000
vt 0.799490 0.600085
vt 0.799495 0.800071
vt 0.000018 0.600023
vt 0.799915 -0.000000
vt 0.799915 1.000000
vt 0.000024 0.800025
vt 0.000000 0.000024
vt 0.799915 1.000000
vt 0.000000 1.000000
vt 0.000000 0.400000
vt 0.799945 0.000000
vt 0.000000 0.200000
vt 0.799355 0.599875
vt 0.799370 -0.000000
vt -0.000000 0.000132
vt 0.799475 0.000132
vt -0.000000 1.000000
vt 0.799350 0.799833
vt 0.000000 0.507264
vt 1.000000 0.475598
vt 1.000000 0.000000
vt -0.000000 1.000000
vt 1.000000 0.000000
vt 0.000000 -0.000000
vt 0.149716 0.874721
vt 0.174446 1.000000
vt 0.424597 0.950620
vt 0.375228 0.700483
vt 0.737764 0.827254
vt 0.500000 0.095491
vt 0.206107 0.095492
vt 0.024472 0.654509
vt 0.000000 0.500000
vt 0.500000 0.000000
vt 0.500000 1.000000
vt 0.975528 0.654508
vt 0.793893 0.095491
vt 1.000000 0.723409
vt 0.000000 0.723409
vt 1.000000 0.276591
vt 1.000000 0.000000
vt -0.000000 0.000000
vt -0.000000 0.276591
vt 0.000000 0.880082
vt 0.333334 0.880082
vt 0.333334 0.000000
vt 0.666669 0.000000
vt 0.666669 0.880082
vt 1.000000 0.880082
vt 0.666669 1.000000
vt 0.333334 1.000000
vt 0.409697 1.000000
vt 0.294060 0.999999
vt 0.294060 0.000000
vt 0.422951 0.000000
vt 0.000000 0.000000
vt 0.915469 0.875000
vt 0.915469 0.125000
vt 0.166667 -0.000000
vt 0.166667 1.000000
vt 0.000000 1.000000
vt 0.750000 1.000000
vt 0.000000 0.875000
vt 0.750000 0.875000
vt 0.750000 0.125000
vt 0.000000 0.125000
vt -0.000000 0.000000
vt 0.750000 -0.000000
vt 0.750000 0.125000
vt -0.000000 0.125000
vt 0.749999 0.000009
vt 0.749997 0.125008
vt 0.000007 -0.000000
vt 0.000001 0.000000
vt 0.000000 0.999999
vt 0.250001 1.000000
vt 0.250001 0.000000
vt 0.250001 1.000000
vt 0.000001 0.999999
vt 0.000000 0.625000
vt 0.272018 0.124477
vt 0.000000 0.000000
vt 0.303345 0.000000
vt 0.000000 1.000000
vt 0.100000 0.800000
vt 0.100000 0.999999
vt 0.000000 0.450000
vt 0.100000 0.600001
vt 0.100000 0.300001
vt 0.100000 0.200000
vt 0.100000 -0.000000
vt 0.000000 1.000000
vt 0.000000 0.666666
vt 0.333334 1.000000
vt 0.333334 -0.000000
vt -0.000000 -0.000000
vt 0.250000 -0.000000
vt 0.000000 0.500000
vt 0.250000 1.000000
vt 0.000000 1.000000
vt 0.200000 1.000000
vt 0.000000 0.999999
vt 0.200000 0.000002
vt 0.200000 0.000000
vt 0.200000 1.000000
vt -0.000000 1.000000
vt 0.200000 1.000000
vt 0.000000 0.999998
vt 0.200000 0.000002
vt 0.200000 1.000000
vt -0.000000 1.000000
vt -0.000000 0.000000
vt 0.200000 0.000000
vt 0.166664 1.000000
vt 0.000000 0.000000
vt 0.750000 0.000000
vt 0.750000 0.875000
vt 0.000000 0.875000
vt -0.000000 1.000000
vt 0.920409 0.000000
vt -0.000000 0.125000
vt -0.000000 0.875000
vt 0.910834 1.000000
vt 0.999999 0.125000
vt 0.874999 0.125000
vt 0.875000 0.875000
vt 1.000000 0.875000
vt 0.874999 0.000000
vt 0.125001 0.000000
vt 0.125001 0.125000
vt 0.000000 0.125000
vt 0.000000 0.875000
vt 0.125001 0.875000
vt 0.875000 1.000000
vt 0.125001 1.000000
vt 0.500001 -0.000000
vt 0.500001 1.000000
vt 0.000000 0.000000
vt -0.000000 1.000000
vt 0.083334 0.250000
vt 0.083334 0.750000
vt 0.250002 0.750000
vt 0.250002 0.250000
vt 0.915469 0.000000
vt 0.083334 0.250000
vt 0.083334 0.750000
vt 0.250002 0.750000
vt 0.250002 0.250000
vt 0.083334 0.750000
vt 0.250001 0.750000
vt 0.250001 0.250000
vt 0.407427 -0.000000
vt 0.407427 1.000000
vt 0.409626 -0.000000
vt 0.000000 0.000000
vt 0.000000 1.000000
vt 0.409626 1.000000
vt 0.250001 0.250000
vt 0.915469 1.000000
vt 0.000000 1.000000
vt 0.407548 1.000000
vt 0.407548 -0.000000
vt 0.000000 0.112332
vt 0.142858 0.000000
vt 0.000000 0.000000
vt 0.000000 1.000000
vt 0.142857 1.000000
vt 0.142859 1.000000
vt 0.142859 0.000000
vt 0.000000 0.000000
vt 0.000000 1.000000
vt 0.142859 0.000000
vt 0.000000 0.000000
vt -0.000000 -0.000000
vt 0.000000 1.000000
vt 0.142857 1.000000
vt 0.142857 -0.000000
vt 0.000000 1.000000
vt 0.000003 -0.000000
vt 0.200000 -0.000000
vt 0.200000 1.000000
vt 0.200000 1.000000
vt 0.000000 1.000000
vt -0.000000 -0.000000
vt 0.200000 -0.000000
vt 0.000000 1.000000
vt -0.000000 -0.000000
vt 0.405478 -0.000000
vt 0.405478 0.880049
vt 0.000000 0.999990
vt 0.749987 0.875000
vt 0.749999 1.000000
vt 0.000000 1.000000
vt 0.000000 0.000001
vt 0.250000 1.000000
vt 0.000000 0.000000
vt 0.250000 0.000000
vt -0.000000 1.000000
vt 0.832292 0.999371
vt 0.832291 0.000000
vt 0.332917 0.000000
vt -0.000000 0.000000
vt 0.500243 1.000000
vt 0.500243 0.000000
vt 0.000000 1.000000
vt 0.667317 0.999999
vt 0.667316 -0.000000
vt 0.455100 0.000000
vt 0.455100 1.000000
vt 0.054710 0.800000
vt 0.054710 -0.000000
vt 0.726030 0.999999
vt 0.667316 0.000000
vt 0.000000 0.999999
vt 0.435617 1.000000
vt 0.435617 0.199164
vt 0.000000 0.000000
vt 0.485739 0.000000
vt 0.375000 0.000000
vt 0.375000 1.000000
vt 0.625000 1.000000
vt 0.625000 0.000000
vt -0.000000 0.000000
vt 0.000000 1.000000
vt 0.500000 1.000000
vt 0.500000 -0.000000
vt 0.500000 0.000000
vt 0.000000 1.000000
vt 0.500000 1.000000
vt 0.500000 0.999999
vt 0.500000 0.500000
vt -0.000000 -0.000000
vt 0.999999 -0.000000
vt 0.000000 1.000000
vt 0.500000 1.000000
vt 0.500000 0.000000
vt 0.000000 0.000000
vt 0.500000 0.500000
vt 1.000000 1.000000
vt 0.500000 0.000000
vt 0.500000 0.000000
vt 0.000000 0.000000
vt 0.500000 0.499994
vt 0.500000 0.999998
vt 1.000000 1.000000
vt 1.000000 -0.000000
vt 0.500000 0.499994
vt 0.000000 0.499994
vt 0.000000 1.000000
vt 0.888889 1.000000
vt 0.888889 -0.000000
vt 0.888889 1.000000
vt 0.888889 -0.000000
vt -0.000000 0.000000
vt 0.000000 1.000000
vt 0.888889 1.000000
vt 0.888889 -0.000000
vt 0.000000 -0.000000
vt 0.000000 1.000000
vt 0.000000 -0.000000
vt 0.888889 1.000000
vt 0.888889 0.000000
vt -0.000000 0.000000
vt 0.000000 1.000000
vt 0.888889 0.000000
vt 0.444444 1.000000
vt 0.444443 0.000000
vt 0.222220 1.000000
vt 0.222224 1.000000
vt 0.000000 -0.000000
vt 0.000000 1.000000
vt 0.222222 -0.000000
vt 0.444444 1.000000
vt 0.444444 -0.000000
vt 0.888889 1.000000
vt 0.222222 -0.000000
vt 0.444444 1.000000
vt 0.444444 0.000000
vt 0.888889 1.000000
vt 0.888889 -0.000000
vt 0.000000 0.000000
vt 0.000000 1.000000
vt 0.444444 1.000000
vt 0.444444 -0.000000
vt 0.222222 1.000000
vt 0.444444 1.000000
vt 0.444444 0.000000
vt 0.222222 1.000000
vt 0.444444 1.000000
vt 0.444444 -0.000000
vt 0.222222 1.000000
vt 0.222222 1.000000
vt -0.000000 0.000000
vt -0.000000 1.000000
vt 0.888889 1.000000
vt 0.888889 0.000000
vt 0.000000 1.000000
vt 0.170615 0.314515
vt 0.176973 0.692214
vt 0.354290 1.000000
vt 0.300207 0.090123
vt 0.000000 -0.000000
vt 1.000000 0.000000
vt 1.000000 0.443626
vt -0.000000 1.000000
vt 0.189303 0.329280
vt 0.321077 0.973319
vt 0.182504 0.733245
vt 0.476301 0.066851
vt 0.409399 0.316328
vt 0.193386 0.124747
vt 0.226811 0.000000
vt 0.082122 0.338227
vt 0.123223 0.137546
vt 0.750449 0.626381
vt 0.703506 0.298376
vt 0.000000 0.254407
vt 0.000000 0.774552
vt -0.000000 0.347235
vt 0.068589 0.091310
vt 0.000000 0.278545
vt 0.050726 0.089230
vt 0.145385 0.114593
vt 0.783627 0.416572
vt 0.087845 0.707882
vt 0.000000 0.739645
vt 0.047423 0.916628
vt 0.135916 0.892917
vt 0.131762 0.922593
vt 0.537320 0.975039
vt 0.533129 0.040707
vt 0.763787 0.000000
vt 0.763788 1.000000
vt 0.176079 0.000001
vt -0.000000 1.000000
vt 0.748464 1.000000
vt 0.164597 1.000000
vt 0.131488 0.145331
vt 0.131488 0.276818
vt 0.000001 0.276818
vt 0.000001 0.145331
vt 0.222214 0.888846
vt 0.222214 1.000000
vt 0.000000 1.000000
vt 0.000000 0.888846
vt 0.131493 0.328717
vt 0.000001 0.328717
vt 0.000000 0.591717
vt 0.131493 0.591717
vt 0.222214 0.333308
vt 0.222214 0.555524
vt 0.000000 0.555524
vt 0.000000 0.333308
vt 0.131488 0.079587
vt 0.000001 0.079586
vt 0.131488 0.408299
vt 0.131488 0.671257
vt 0.000001 0.671257
vt 0.000001 0.408299
vt 0.131493 0.262970
vt 0.000001 0.262970
vt 0.131744 0.000000
vt 0.000257 0.000000
vt 0.222186 0.444546
vt 0.000001 0.444545
vt 0.000000 0.666718
vt 0.222186 0.666718
vt 0.222214 0.000000
vt 0.000000 0.000000
vt 0.131493 0.131492
vt 0.000001 0.131493
vt 0.222186 0.000000
vt 0.000001 -0.000001
vt 0.000001 0.111086
vt 0.222186 0.111086
vt 0.222186 0.222360
vt 0.000001 0.222360
vt 0.131488 0.737002
vt 0.000000 0.737001
vt 0.131493 0.000000
vt 0.000001 0.000000
vt 0.131487 0.868513
vt 0.000000 0.868513
vt 0.131493 0.854696
vt 0.000001 0.854696
vt 0.000001 0.920443
vt 0.131493 0.920444
vt 0.131488 1.000000
vt 0.000001 1.000000
vt 0.131493 1.000000
vt 0.131493 0.723204
vt 0.000001 0.723204
vt 0.000001 0.999999
vt 0.222186 0.999999
vt 0.222214 0.777738
vt 0.000000 0.777738
vt 0.714083 0.927664
vt 0.714083 -0.000000
vt 0.017048 -0.000000
vt 0.663821 0.043338
vt 0.000000 0.000000
vt 1.000000 0.598149
vt 1.000000 1.000000
s 1
usemtl yellow_tech
f 3476/1735/1268 3484/1736/1268 3468/1737/1268 3469/1738/1268
f 3474/1735/1269 3471/1736/1269 3468/1737/1269 3484/1738/1269
f 3471/1735/1270 3474/1736/1270 3472/1737/1270 3470/1738/1270
f 3476/1735/1271 3472/1736/1271 3473/1737/1272 3477/1738/1273
f 3477/1735/1286 3485/1736/1287 3484/1737/1288 3476/1738/1288
f 3474/1735/1289 3484/1736/1289 3485/1737/1290 3475/1738/1291
f 3473/1735/1275 3472/1736/1302 3474/1737/1302 3475/1738/1276
f 3470/1735/1303 3472/1736/1303 3476/1737/1303 3469/1738/1303
f 3493/1735/1304 3492/1736/1304 3495/1737/1304 3494/1738/1304
f 3493/1735/1305 3501/1736/1306 3496/1737/1307 3492/1738/1305
f 3496/1735/1307 3501/1736/1306 3500/1737/1308 3497/1738/1309
f 3498/1735/1310 3497/1736/1309 3500/1737/1308 3499/1738/1310
f 3495/1735/1311 3492/1736/1311 3496/1737/1312 3504/1738/1313
f 3496/1735/1312 3497/1736/1314 3503/1737/1315 3504/1738/1313
f 3502/1735/1316 3503/1736/1315 3497/1737/1314 3498/1738/1316
f 3507/1735/1317 3499/1736/1317 3500/1737/1318 3506/1738/1319
f 3500/1735/1318 3501/1736/1320 3505/1737/1321 3506/1738/1319
f 3494/1735/1322 3505/1736/1321 3501/1737/1320 3493/1738/1322
f 3503/1735/1323 3506/1736/1324 3505/1737/1325 3504/1738/1326
f 3494/1735/1327 3495/1736/1327 3504/1737/1326 3505/1738/1325
f 3502/1735/1328 3507/1736/1328 3506/1737/1324 3503/1738/1323
f 3499/1735/1329 3507/1736/1329 3502/1737/1329 3498/1738/1329
f 3512/1735/1330 3513/1736/1331 3522/1737/1332 3523/1738/1333
f 3530/1735/1334 3525/1736/1335 3524/1737/1336 3531/1738/1337
f 3522/1735/1338 3530/1736/1338 3531/1737/1339 3523/1738/1340
f 3511/1735/1341 3508/1738/1341 3512/1737/1330 3523/1736/1333
f 3523/1735/1340 3531/1736/1339 3510/1737/1342 3511/1738/1342
f 3521/1735/1343 3529/1736/1344 3530/1737/1345 3522/1738/1345
f 3520/1735/1346 3528/1736/1347 3529/1737/1344 3521/1738/1343
f 3519/1735/1348 3518/1736/1348 3528/1737/1347 3520/1738/1346
f 3527/1735/1349 3528/1738/1349 3518/1737/1349 3517/1736/1349
f 3512/1735/1350 3508/1736/1351 3509/1737/1351 3524/1738/1352
f 3513/1735/1353 3525/1736/1354 3526/1737/1355 3514/1738/1356
f 3516/1735/1357 3515/1738/1358 3527/1737/1359 3517/1736/1357
f 3514/1735/1356 3526/1736/1355 3527/1737/1359 3515/1738/1358
f 3515/1735/1360 3516/1738/1360 3519/1737/1360 3520/1736/1360
f 3514/1735/1361 3515/1736/1362 3520/1737/1362 3521/1738/1363
f 3513/1735/1331 3514/1736/1361 3521/1737/1363 3522/1738/1332
f 3531/1735/1337 3524/1736/1336 3509/1737/1364 3510/1738/1364
f 3529/1735/1365 3526/1736/1366 3525/1737/1335 3530/1738/1334
f 3528/1735/1367 3527/1736/1367 3526/1737/1366 3529/1738/1365
f 3513/1735/1353 3512/1736/1350 3524/1737/1352 3525/1738/1354
f 3533/1735/1368 3532/1736/1369 3536/1737/1370 3537/1738/1370
f 3533/1735/1368 3546/1736/1371 3542/1737/1372 3532/1738/1369
f 3543/1735/1373 3542/1736/1372 3546/1737/1371 3547/1738/1373
f 3541/1735/1374 3545/1736/1374 3544/1737/1375 3540/1738/1376
f 3547/1735/1377 3545/1736/1377 3541/1737/1377 3543/1738/1377
f 3541/1735/1378 3540/1736/1379 3542/1737/1380 3543/1738/1378
f 3532/1735/1381 3542/1736/1380 3540/1737/1379 3534/1738/1382
f 3534/1735/1382 3538/1736/1383 3536/1737/1383 3532/1738/1381
f 3535/1735/1384 3534/1736/1385 3540/1737/1376 3544/1738/1375
f 3538/1735/1386 3534/1736/1385 3535/1737/1384 3539/1738/1386
f 3537/1735/1387 3539/1736/1387 3535/1737/1388 3533/1738/1389
f 3544/1735/1390 3546/1736/1391 3533/1737/1389 3535/1738/1388
f 3545/1735/1392 3547/1736/1392 3546/1737/1391 3544/1738/1390
f 3875/1735/1501 3873/1736/1502 3874/1737/1502 3876/1738/1501
f 3876/1735/1501 3912/1736/1436 3913/1737/1436 3875/1738/1501
f 3898/1735/1513 3899/1736/1513 3897/1737/1503 3902/1738/1503
f 3912/1735/1436 3902/1736/1503 3897/1737/1503 3913/1738/1436
f 3891/1735/1514 3892/1736/1515 3905/1737/1515 3915/1738/1516
f 3895/1735/1517 3891/1736/1514 3915/1737/1516 3916/1738/1517
f 3903/1735/1518 3895/1736/1517 3916/1737/1517 3918/1738/1518
f 3903/1735/1518 3918/1736/1518 3917/1737/1502 3870/1738/1502
f 3963/1735/1563 3964/1738/1563 3962/1737/1564 3961/1736/1564
f 3964/1735/1563 3963/1738/1563 4001/1737/1465 4000/1736/1465
f 3986/1735/1580 3990/1738/1565 3985/1737/1565 3987/1736/1580
f 4000/1735/1465 4001/1738/1465 3985/1737/1565 3990/1736/1565
f 3979/1735/1583 4003/1738/1584 3993/1737/1585 3980/1736/1585
f 3983/1735/1586 4004/1738/1586 4003/1737/1584 3979/1736/1583
f 3991/1735/1587 4006/1738/1587 4004/1737/1586 3983/1736/1586
f 3991/1735/1587 3958/1738/1564 4005/1737/1564 4006/1736/1587
f 4230/1797/1436 4231/1741/1436 4211/1737/1436 4212/1736/1436
f 4228/1797/1465 4206/1736/1465 4209/1737/1465 4229/1798/1465
f 4207/1735/1465 4228/1797/1465 4229/1798/1465 4208/1738/1465
f 4215/1735/1436 4216/1738/1436 4231/1741/1436 4230/1797/1436
usemtl red_tech
f 3491/1739/1278 3480/1740/1279 3478/1737/1274 3489/1741/1277
f 3479/1739/1280 3480/1740/1279 3491/1737/1278 3490/1741/1280
f 3483/1739/1281 3480/1740/1282 3479/1737/1283 3482/1741/1283
f 3480/1739/1282 3483/1740/1281 3481/1737/1284 3478/1741/1285
f 3488/1739/1294 3486/1740/1293 3481/1737/1292 3483/1741/1295
f 3482/1739/1296 3487/1740/1296 3488/1737/1294 3483/1741/1295
f 3487/1739/1297 3490/1740/1297 3491/1737/1298 3488/1741/1299
f 3488/1739/1299 3491/1740/1298 3489/1737/1300 3486/1741/1301
f 3574/1739/1393 3573/1740/1393 3571/1737/1393 3568/1741/1393
f 3574/1739/1394 3568/1741/1394 3569/1737/1394 3577/1740/1394
f 3578/1739/1395 3570/1741/1395 3571/1737/1395 3573/1740/1395
f 3577/1739/1396 3569/1741/1396 3570/1737/1396 3578/1740/1396
f 3565/1739/1396 3576/1741/1396 3579/1737/1396 3566/1740/1396
f 3576/1739/1396 3577/1741/1396 3578/1737/1396 3579/1740/1396
f 3566/1739/1395 3579/1741/1395 3572/1737/1395 3567/1740/1395
f 3579/1739/1395 3578/1741/1395 3573/1737/1395 3572/1740/1395
f 3564/1739/1394 3575/1741/1394 3576/1737/1394 3565/1740/1394
f 3575/1739/1394 3574/1741/1394 3577/1737/1394 3576/1740/1394
f 3564/1739/1393 3567/1740/1393 3572/1737/1393 3575/1741/1393
f 3575/1739/1393 3572/1740/1393 3573/1737/1393 3574/1741/1393
f 3606/1739/1399 3622/1740/1399 3599/1737/1399 3602/1741/1399
f 3614/1739/1400 3606/1740/1400 3602/1737/1400 3600/1741/1400
f 3651/1739/1397 3644/1740/1397 3660/1737/1397 3662/1741/1397
f 3648/1739/1398 3661/1740/1398 3662/1737/1398 3650/1741/1398
f 3627/1739/1402 3620/1740/1402 3581/1737/1402 3653/1741/1402
f 3625/1739/1401 3621/1740/1401 3620/1737/1401 3627/1741/1401
f 3653/1739/1402 3581/1740/1402 3623/1737/1402 3626/1741/1402
f 3652/1739/1403 3653/1740/1403 3626/1737/1403 3624/1741/1403
f 3625/1739/1403 3627/1740/1403 3653/1737/1403 3652/1741/1403
f 3603/1739/1399 3596/1740/1399 3622/1737/1399 3606/1741/1399
f 3601/1739/1400 3603/1740/1400 3606/1737/1400 3614/1741/1400
f 3649/1739/1404 3645/1740/1404 3644/1737/1404 3651/1741/1404
f 3662/1739/1397 3660/1740/1397 3647/1737/1397 3650/1741/1397
f 3661/1739/1398 3649/1740/1398 3651/1737/1398 3662/1741/1398
f 3671/1739/1405 3679/1740/1406 3678/1737/1407 3670/1741/1408
f 3669/1739/1409 3674/1740/1410 3670/1737/1411 3666/1741/1409
f 3671/1739/1412 3670/1740/1411 3674/1737/1410 3675/1741/1413
f 3672/1739/1414 3680/1740/1415 3679/1737/1406 3671/1741/1405
f 3672/1739/1416 3671/1740/1412 3675/1737/1413 3676/1741/1417
f 3673/1739/1418 3681/1740/1419 3680/1737/1415 3672/1741/1414
f 3673/1739/1420 3672/1740/1416 3676/1737/1417 3677/1741/1421
f 3673/1739/1420 3677/1740/1421 3683/1737/1422 3682/1741/1422
f 3681/1739/1419 3673/1740/1418 3682/1737/1423 3684/1741/1423
f 3667/1739/1424 3666/1740/1424 3670/1737/1408 3678/1741/1407
f 3684/1739/1425 3689/1740/1425 3688/1737/1426 3681/1741/1427
f 3681/1739/1427 3688/1740/1426 3687/1737/1428 3680/1741/1429
f 3680/1739/1429 3687/1740/1428 3686/1737/1430 3679/1741/1431
f 3679/1739/1431 3686/1740/1430 3685/1737/1432 3678/1741/1433
f 3668/1739/1434 3667/1740/1434 3678/1737/1433 3685/1741/1432
f 4267/1796/1436 4279/1739/1436 4271/1741/1436 4266/1738/1436
f 4279/1796/1436 4280/1739/1436 4270/1741/1436 4271/1738/1436
f 4269/1796/1436 4270/1739/1436 4280/1741/1436 4268/1738/1436
f 4272/1796/1436 4271/1739/1436 4270/1741/1436 4273/1738/1436
f 4391/1796/1436 4272/1739/1436 4273/1741/1436 4389/1738/1436
f 4301/1796/1650 4307/1739/1648 4292/1741/1649 4300/1738/1650
f 4301/1796/1650 4300/1739/1650 4294/1741/1648 4333/1738/1649
f 4374/1796/1460 4292/1739/1649 4307/1741/1648 4375/1738/1460
f 4362/1796/1436 4363/1739/1436 4293/1741/1436 4303/1738/1436
f 4294/1796/1648 4327/1739/1460 4332/1741/1460 4333/1738/1649
f 4337/1796/1460 4330/1739/1460 4331/1741/1460 4332/1738/1460
f 4332/1796/1460 4327/1739/1460 4336/1741/1460 4337/1738/1460
f 4327/1796/1460 4328/1739/1460 4329/1741/1460 4336/1738/1460
f 4297/1796/1436 4287/1739/1436 4363/1741/1436 4362/1738/1436
f 4293/1796/1460 4374/1739/1460 4375/1741/1460 4303/1738/1460
f 4297/1796/1436 4391/1739/1436 4389/1741/1436 4287/1738/1436
usemtl orange_tech
f 3478/1735/1274 3473/1736/1275 3475/1737/1276 3489/1738/1277
f 3478/1735/1285 3481/1736/1284 3477/1737/1273 3473/1738/1272
f 3481/1735/1292 3486/1736/1293 3485/1737/1287 3477/1738/1286
f 3486/1735/1301 3489/1736/1300 3475/1737/1291 3485/1738/1290
f 3558/1735/1393 3557/1736/1393 3555/1737/1393 3552/1738/1393
f 3558/1735/1394 3552/1738/1394 3553/1737/1394 3561/1736/1394
f 3562/1735/1395 3554/1738/1395 3555/1737/1395 3557/1736/1395
f 3561/1735/1396 3553/1738/1396 3554/1737/1396 3562/1736/1396
f 3549/1735/1396 3560/1738/1396 3563/1737/1396 3550/1736/1396
f 3560/1735/1396 3561/1738/1396 3562/1737/1396 3563/1736/1396
f 3550/1735/1395 3563/1738/1395 3556/1737/1395 3551/1736/1395
f 3563/1735/1395 3562/1738/1395 3557/1737/1395 3556/1736/1395
f 3548/1735/1394 3559/1738/1394 3560/1737/1394 3549/1736/1394
f 3559/1735/1394 3558/1738/1394 3561/1737/1394 3560/1736/1394
f 3548/1735/1393 3551/1736/1393 3556/1737/1393 3559/1738/1393
f 3559/1735/1393 3556/1736/1393 3557/1737/1393 3558/1738/1393
f 3665/1735/1397 3663/1736/1397 3583/1737/1397 3586/1738/1397
f 3664/1735/1398 3585/1736/1398 3587/1737/1398 3665/1738/1398
f 3597/1735/1399 3605/1736/1399 3591/1737/1399 3594/1738/1399
f 3598/1735/1400 3597/1736/1400 3594/1737/1400 3592/1738/1400
f 3587/1735/1397 3580/1736/1397 3663/1737/1397 3665/1738/1397
f 3584/1735/1398 3664/1736/1398 3665/1737/1398 3586/1738/1398
f 3630/1735/1399 3646/1736/1399 3607/1737/1399 3610/1738/1399
f 3638/1735/1400 3630/1736/1400 3610/1737/1400 3608/1738/1400
f 3643/1735/1397 3636/1736/1397 3657/1737/1397 3659/1738/1397
f 3640/1735/1398 3658/1736/1398 3659/1737/1398 3642/1738/1398
f 3617/1735/1401 3613/1736/1401 3612/1737/1401 3619/1738/1401
f 3656/1735/1402 3654/1736/1402 3615/1737/1402 3618/1738/1402
f 3655/1735/1403 3656/1736/1403 3618/1737/1403 3616/1738/1403
f 3619/1735/1402 3612/1736/1402 3654/1737/1402 3656/1738/1402
f 3617/1735/1403 3619/1736/1403 3656/1737/1403 3655/1738/1403
f 3635/1735/1402 3628/1736/1402 3590/1737/1402 3582/1738/1402
f 3633/1735/1403 3635/1736/1403 3582/1737/1403 3589/1738/1403
f 3633/1735/1401 3629/1736/1401 3628/1737/1401 3635/1738/1401
f 3582/1735/1402 3590/1736/1402 3631/1737/1402 3634/1738/1402
f 3589/1735/1403 3582/1736/1403 3634/1737/1403 3632/1738/1403
f 3595/1735/1399 3588/1736/1399 3605/1737/1399 3597/1738/1399
f 3593/1735/1400 3595/1736/1400 3597/1737/1400 3598/1738/1400
f 3641/1735/1404 3637/1736/1404 3636/1737/1404 3643/1738/1404
f 3659/1735/1397 3657/1736/1397 3639/1737/1397 3642/1738/1397
f 3658/1735/1398 3641/1736/1398 3643/1737/1398 3659/1738/1398
f 3611/1735/1399 3604/1736/1399 3646/1737/1399 3630/1738/1399
f 3609/1735/1400 3611/1736/1400 3630/1737/1400 3638/1738/1400
f 3695/1735/1405 3703/1736/1406 3702/1737/1407 3694/1738/1408
f 3693/1735/1409 3698/1736/1410 3694/1737/1411 3690/1738/1409
f 3695/1735/1412 3694/1736/1411 3698/1737/1410 3699/1738/1413
f 3696/1735/1414 3704/1736/1415 3703/1737/1406 3695/1738/1405
f 3696/1735/1416 3695/1736/1412 3699/1737/1413 3700/1738/1417
f 3697/1735/1418 3705/1736/1419 3704/1737/1415 3696/1738/1414
f 3697/1735/1420 3696/1736/1416 3700/1737/1417 3701/1738/1421
f 3697/1735/1420 3701/1736/1421 3707/1737/1422 3706/1738/1422
f 3705/1735/1419 3697/1736/1418 3706/1737/1423 3708/1738/1423
f 3691/1735/1424 3690/1736/1424 3694/1737/1408 3702/1738/1407
f 3708/1735/1425 3713/1736/1425 3712/1737/1426 3705/1738/1427
f 3705/1735/1427 3712/1736/1426 3711/1737/1428 3704/1738/1429
f 3704/1735/1429 3711/1736/1428 3710/1737/1430 3703/1738/1431
f 3703/1735/1431 3710/1736/1430 3709/1737/1432 3702/1738/1433
f 3692/1735/1434 3691/1736/1434 3702/1737/1433 3709/1738/1432
f 3719/1735/1405 3727/1736/1406 3726/1737/1407 3718/1738/1408
f 3717/1735/1409 3722/1736/1410 3718/1737/1411 3714/1738/1409
f 3719/1735/1412 3718/1736/1411 3722/1737/1410 3723/1738/1413
f 3720/1735/1414 3728/1736/1415 3727/1737/1406 3719/1738/1405
f 3720/1735/1416 3719/1736/1412 3723/1737/1413 3724/1738/1417
f 3721/1735/1418 3729/1736/1419 3728/1737/1415 3720/1738/1414
f 3721/1735/1420 3720/1736/1416 3724/1737/1417 3725/1738/1421
f 3721/1735/1420 3725/1736/1421 3731/1737/1422 3730/1738/1422
f 3729/1735/1419 3721/1736/1418 3730/1737/1435 3732/1738/1435
f 3715/1735/1424 3714/1736/1424 3718/1737/1408 3726/1738/1407
f 3732/1735/1425 3737/1736/1425 3736/1737/1426 3729/1738/1427
f 3729/1735/1427 3736/1736/1426 3735/1737/1428 3728/1738/1429
f 3728/1735/1429 3735/1736/1428 3734/1737/1430 3727/1738/1431
f 3727/1735/1431 3734/1736/1430 3733/1737/1432 3726/1738/1433
f 3716/1735/1434 3715/1736/1434 3726/1737/1433 3733/1738/1432
usemtl tech_smooth
f 4098/1735/1449 3859/1736/1450 3780/1737/1450 4097/1738/1449
f 4097/1735/1451 3780/1736/1451 3779/1737/1451 4096/1738/1451
f 4099/1735/1448 3833/1736/1448 3859/1737/1448 4098/1738/1448
f 3788/1735/1455 3786/1736/1455 3790/1737/1455 3789/1738/1455
f 3796/1735/1456 3792/1736/1456 3791/1737/1456 3793/1738/1456
f 3795/1735/1457 3794/1736/1458 3792/1737/1456 3796/1738/1456
f 3786/1742/1459 3793/1743/1459 3791/1744/1459 3790/1745/1459
f 4110/1735/1463 4109/1736/1463 3808/1737/1464 3811/1738/1464
f 3811/1735/1460 3808/1736/1460 3818/1737/1460 3819/1738/1460
f 3815/1735/1464 3813/1736/1464 3812/1737/1466 3817/1738/1467
f 3819/1735/1464 3818/1736/1464 3813/1737/1464 3815/1738/1464
f 4094/1735/1448 4087/1738/1448 3827/1737/1468 3829/1736/1469
f 3833/1735/1448 3839/1736/1448 3861/1737/1448 3859/1738/1448
f 3829/1746/1469 3834/1736/1448 3837/1737/1448 3836/1738/1448
f 4164/1735/1448 3835/1736/1448 3840/1737/1448 4166/1738/1448
f 3835/1735/1448 3830/1736/1473 3771/1737/1448 3840/1738/1448
f 3944/1735/1436 3816/1736/1436 3821/1737/1436 3945/1738/1436
f 3756/1735/1451 3825/1736/1451 3817/1737/1467 3812/1738/1466
f 3779/1735/1451 3780/1736/1451 3948/1737/1451 4050/1738/1451
f 3950/1735/1451 3946/1736/1451 3794/1737/1458 3949/1738/1451
f 3780/1735/1465 3859/1736/1465 3943/1737/1465 3946/1738/1465
f 3840/1737/1448 3771/1738/1448 4625/1747/1448
f 4168/1735/1448 3861/1736/1448 3839/1737/1448 4167/1738/1448
f 3816/1735/1492 3860/1736/1448 3838/1737/1448 3778/1738/1448
f 3854/1735/1448 4087/1736/1448 4094/1737/1448 4028/1738/1448
f 3770/1735/1544 4069/1736/1442 3758/1737/1448 4046/1738/1448
f 3758/1735/1448 4069/1736/1442 3768/1737/1442 4040/1738/1448
f 3859/1735/1448 3861/1736/1448 3947/1737/1448 3943/1738/1448
f 3817/1735/1467 3948/1736/1451 3950/1737/1451 3945/1738/1451
f 3836/1735/1436 3944/1736/1436 3945/1737/1436 3858/1738/1436
f 3945/1735/1451 3950/1736/1451 3949/1737/1451 3858/1738/1451
f 3825/1735/1451 4048/1736/1451 3948/1737/1451 3817/1738/1467
f 4625/1748/1465 3771/1749/1465 3797/1737/1465
f 3765/1735/1451 3794/1736/1458 3795/1737/1457 4127/1738/1451
f 3858/1735/1451 3949/1736/1451 4024/1737/1451 3826/1738/1451
f 4094/1735/1448 4093/1738/1448 4035/1737/1448 4028/1736/1448
f 4095/1735/1608 4034/1736/1609 4035/1737/1609 4093/1738/1608
f 4024/1735/1451 3949/1736/1451 4023/1737/1451
f 4048/1735/1451 4050/1736/1451 3948/1737/1451
f 3758/1735/1448 4060/1736/1448 4062/1737/1448 3759/1738/1448
f 4060/1735/1448 3758/1736/1448 4040/1737/1448 4061/1738/1448
f 3858/1735/1608 4095/1736/1608 4093/1737/1608 3836/1738/1608
f 3829/1746/1469 3836/1738/1448 4093/1737/1448 4094/1736/1448
f 3759/1735/1448 4017/1736/1448 4046/1737/1448 3758/1738/1448
f 3783/1735/1448 4099/1736/1448 4098/1737/1448 3781/1738/1448
f 3781/1735/1616 4098/1736/1449 4097/1737/1449 3782/1738/1616
f 3858/1735/1451 3826/1736/1451 3763/1737/1451 4095/1738/1451
f 3763/1735/1451 4064/1736/1451 4063/1737/1451 4095/1738/1451
f 4063/1735/1451 4065/1736/1451 4031/1737/1451 4095/1738/1451
f 4031/1735/1451 4034/1736/1451 4095/1737/1451
f 3754/1735/1451 3753/1738/1451 4097/1737/1451 4096/1736/1451
f 3753/1735/1451 3755/1738/1451 4101/1737/1451 4097/1736/1451
f 4097/1735/1451 4101/1736/1451 3782/1737/1451
f 3937/1735/1448 4041/1738/1448 4107/1737/1448 4108/1736/1448
f 4077/1735/1452 4108/1736/1448 4107/1737/1448 3784/1738/1453
f 3752/1735/1448 3751/1738/1448 3937/1737/1448 4108/1736/1448
f 4100/1735/1448 3802/1738/1448 3752/1737/1448 4108/1736/1448
f 3810/1735/1620 3809/1736/1620 4109/1737/1463 4110/1738/1463
f 3784/1735/1453 4107/1736/1448 4116/1737/1448 4115/1738/1448
f 4115/1735/1448 4116/1736/1448 4118/1737/1448 4117/1738/1448
f 4117/1735/1448 4118/1736/1448 4120/1737/1448 4119/1738/1448
f 4039/1735/1448 4120/1738/1448 4118/1737/1448 4049/1736/1448
f 4051/1735/1448 4116/1738/1448 4107/1737/1448 4041/1736/1448
f 4116/1735/1448 4051/1736/1448 4049/1737/1448 4118/1738/1448
f 4036/1735/1448 4120/1738/1448 4039/1737/1448 3760/1736/1448
f 4036/1735/1448 4037/1736/1448 4119/1737/1448 4120/1738/1448
f 4077/1735/1452 3785/1736/1452 4100/1737/1448 4108/1738/1448
f 3770/1735/1544 4046/1736/1448 4122/1737/1448 4121/1738/1448
f 4121/1735/1448 4122/1736/1448 4124/1737/1448 4123/1738/1448
f 4123/1735/1448 4124/1736/1448 4126/1737/1448 4125/1738/1448
f 3794/1735/1458 3765/1736/1451 4023/1737/1451 3949/1738/1451
f 3765/1735/1451 4127/1736/1451 4015/1737/1451
f 4016/1735/1448 4126/1736/1448 4124/1737/1448 4018/1738/1448
f 4021/1735/1448 4122/1736/1448 4046/1737/1448 4017/1738/1448
f 4122/1735/1448 4021/1736/1448 4018/1737/1448 4124/1738/1448
f 4016/1735/1448 3761/1736/1448 4129/1737/1448 4126/1738/1448
f 4129/1735/1448 4057/1736/1448 4125/1737/1448 4126/1738/1448
f 4121/1735/1448 4123/1736/1448 4131/1737/1448 4130/1738/1448
f 4130/1735/1448 4131/1736/1448 4133/1737/1448 4132/1738/1448
f 4117/1735/1448 4132/1736/1448 4133/1737/1448 4115/1738/1448
f 4117/1735/1448 4119/1736/1448 4134/1737/1448 4132/1738/1448
f 4132/1735/1448 4134/1736/1448 3810/1737/1448 4130/1738/1448
f 3770/1735/1544 4121/1736/1448 4130/1737/1448 3810/1738/1448
f 4123/1735/1448 4125/1736/1448 4135/1737/1448 4131/1738/1448
f 4131/1735/1448 4135/1736/1448 3789/1737/1448 4133/1738/1448
f 3789/1735/1448 3784/1736/1453 4115/1737/1448 4133/1738/1448
f 4057/1735/1448 4058/1736/1448 4135/1737/1448 4125/1738/1448
f 4058/1735/1448 4059/1736/1448 3789/1737/1448 4135/1738/1448
f 3789/1735/1448 4059/1736/1448 3788/1737/1448
f 4037/1735/1448 4038/1736/1448 4134/1737/1448 4119/1738/1448
f 3810/1735/1448 4134/1736/1448 4038/1737/1448 3809/1738/1448
f 3860/1735/1448 4168/1736/1448 4167/1737/1448 3838/1738/1448
f 3834/1735/1448 4164/1736/1448 4166/1737/1448 3837/1738/1448
f 3816/1751/1492 3944/1752/1448 4174/1753/1448 3860/1754/1448
f 3944/1755/1448 4172/1756/1448 4174/1757/1448
f 4172/1758/1448 3944/1759/1448 3836/1760/1448 3837/1761/1448
f 3837/1762/1448 4166/1763/1448 4171/1764/1448 4172/1765/1448
f 4173/1766/1448 4168/1767/1448 3860/1768/1448 4174/1769/1448
f 4176/1770/1448 4168/1767/1448 4173/1766/1448
f 4168/1771/1448 4176/1772/1448 4175/1773/1448
f 3861/1774/1448 4168/1771/1448 4175/1773/1448 4177/1775/1448
f 3861/1735/1448 4177/1736/1448 3947/1737/1448
f 4177/1735/1448 4178/1736/1448 3947/1737/1448
f 3947/1735/1448 4178/1736/1448 3840/1737/1448
f 4180/1776/1448 4179/1777/1448 4166/1778/1448
f 4166/1763/1448 4179/1779/1448 4171/1764/1448
f 4166/1778/1448 3840/1780/1448 4178/1781/1448 4180/1776/1448
f 4176/1735/1448 4173/1736/1448 4171/1737/1448 4179/1738/1448
f 4175/1735/1448 4176/1736/1448 4179/1737/1448 4180/1738/1448
f 4432/1815/1448 4236/1816/1448 4235/1817/1448 4431/1818/1448
f 4398/1819/1448 4397/1738/1448 4410/1820/1448 4411/1821/1448
f 4239/1735/1448 4315/1736/1448 4256/1737/1634 4257/1738/1448
f 4383/1735/1448 4354/1736/1635 4243/1737/1636 4369/1738/1448
f 4367/1735/1637 4255/1736/1637 4246/1737/1636 4355/1738/1635
f 4250/1735/1448 4252/1822/1448 4251/1823/1448 4249/1824/1448
f 4356/1825/1638 4247/1762/1639 4253/1826/1448 4357/1827/1448
f 4358/1828/1448 4357/1827/1448 4253/1826/1448 4254/1829/1448
f 4355/1830/1635 4246/1831/1636 4250/1832/1448 4358/1833/1448
f 4354/1735/1635 4244/1736/1640 4255/1737/1637 4367/1738/1637
f 4394/1735/1641 4370/1736/1642 4256/1737/1634 4384/1738/1641
f 4371/1735/1448 4257/1736/1448 4256/1737/1634 4370/1738/1642
f 4346/1864/1459 4345/1865/1459 4343/1735/1459 4342/1866/1459
f 4351/1735/1459 4350/1867/1653 4319/1868/1660 4344/1869/1459
f 4248/1870/1459 4249/1871/1459 4345/1735/1459 4346/1872/1459
f 4250/1873/1459 4246/1874/1654 4350/1875/1653 4351/1876/1459
f 4351/1735/1459 4344/1736/1459 4343/1737/1459 4345/1738/1459
f 4243/1735/1636 4354/1736/1635 4367/1737/1637 4298/1738/1637
f 4245/1878/1651 4355/1879/1635 4358/1828/1448 4254/1829/1448
f 4250/1832/1448 4249/1880/1448 4357/1881/1448 4358/1833/1448
f 4248/1825/1661 4356/1882/1638 4357/1881/1448 4249/1880/1448
f 4298/1735/1637 4367/1736/1637 4355/1737/1635 4245/1738/1651
f 4380/1735/1642 4244/1736/1640 4354/1737/1635 4383/1738/1448
f 4289/1735/1642 4380/1736/1642 4383/1737/1448 4360/1738/1448
f 4242/1735/1448 4371/1736/1448 4370/1737/1642 4241/1738/1642
f 4388/1735/1641 4241/1736/1642 4370/1737/1642 4394/1738/1641
f 4360/1735/1448 4383/1736/1448 4369/1737/1448 4288/1738/1448
f 4289/1735/1642 4388/1736/1641 4394/1737/1641 4380/1738/1642
f 4380/1735/1642 4394/1736/1641 4384/1737/1641 4244/1738/1640
f 4425/1735/1448 4395/1736/1448 4396/1737/1448 4426/1738/1448
f 4395/1883/1448 4412/1884/1448 4409/1885/1448 4396/1886/1448
f 4412/1887/1448 4407/1888/1448 4405/1889/1448 4409/1890/1448
f 4400/1891/1448 4402/1892/1448 4408/1893/1448 4407/1888/1448
f 4408/1893/1448 4411/1894/1448 4410/1895/1448 4406/1896/1448
f 4399/1897/1448 4405/1889/1448 4406/1896/1448 4401/1898/1448
f 4405/1889/1448 4407/1888/1448 4408/1893/1448 4406/1896/1448
f 4401/1735/1459 4421/1738/1459 4419/1737/1459 4399/1736/1459
f 4400/1899/1460 4420/1735/1460 4422/1824/1460 4402/1900/1460
f 4395/1883/1448 4238/1901/1448 4412/1884/1448
f 4409/1885/1448 4237/1902/1448 4396/1886/1448
f 4403/1903/1459 4423/1904/1459 4421/1905/1459 4401/1906/1459
f 4411/1821/1448 4404/1907/1448 4398/1819/1448
f 4402/1908/1460 4422/1909/1460 4424/1910/1460 4404/1911/1460
f 4399/1903/1459 4419/1912/1459 4413/1913/1459 4237/1914/1459
f 4395/1915/1460 4415/1735/1460 4414/1762/1460 4238/1916/1460
f 4404/1917/1460 4424/1918/1460 4418/1919/1460 4398/1920/1460
f 4238/1908/1460 4414/1909/1460 4420/1913/1460 4400/1921/1460
f 4237/1735/1459 4413/1738/1459 4416/1737/1459 4396/1736/1459
f 4397/1735/1459 4417/1738/1459 4423/1737/1459 4403/1736/1459
f 4397/1738/1448 4403/1922/1448 4410/1820/1448
f 4239/1735/1448 4425/1736/1448 4426/1737/1448 4315/1738/1448
f 4415/1735/1451 4427/1738/1451 4428/1737/1451 4416/1736/1451
f 4415/1923/1460 4395/1924/1460 4425/1925/1460 4427/1926/1460
f 4416/1735/1459 4428/1738/1459 4426/1737/1459 4396/1736/1459
f 4417/1735/1451 4429/1738/1451 4430/1737/1451 4418/1736/1451
f 4398/1735/1448 4432/1736/1448 4431/1737/1448 4397/1738/1448
f 4397/1735/1459 4431/1736/1459 4429/1737/1459 4417/1738/1459
f 4416/1735/1451 4413/1738/1451 4414/1737/1451 4415/1736/1451
f 4423/1735/1436 4424/1736/1436 4435/1737/1436 4436/1738/1436
f 4413/1735/1465 4434/1738/1465 4433/1737/1465 4414/1736/1465
f 4419/1735/1436 4420/1736/1436 4438/1737/1436 4437/1738/1436
f 4421/1735/1465 4439/1738/1465 4440/1737/1465 4422/1736/1465
f 4420/1927/1460 4414/1928/1460 4433/1929/1460 4438/1930/1460
f 4422/1931/1460 4440/1932/1460 4435/1933/1460 4424/1934/1460
f 4421/1735/1451 4422/1738/1451 4420/1737/1451 4419/1736/1451
f 4421/1935/1459 4423/1936/1459 4436/1824/1459 4439/1931/1459
f 4419/1937/1459 4437/1938/1459 4434/1939/1459 4413/1940/1459
f 4418/1735/1451 4424/1738/1451 4423/1737/1451 4417/1736/1451
f 4432/1949/1460 4398/1950/1460 4418/1951/1460 4430/1952/1460
f 4356/1735/1638 4248/1736/1661 4445/1737/1665 4446/1738/1665
f 4356/1735/1638 4446/1736/1665 4444/1737/1665 4247/1738/1639
f 4441/1735/1661 4444/1736/1665 4446/1737/1665 4443/1738/1638
f 4443/1735/1638 4446/1736/1665 4445/1737/1665 4442/1738/1666
f 4461/1735/1448 4454/1736/1642 4449/1737/1634 4452/1738/1448
f 4235/1817/1448 4236/1816/1448 4452/1956/1448 4449/1957/1634
f 4457/1735/1641 4455/1738/1641 4449/1737/1634 4454/1736/1642
f 4458/1735/1448 4448/1736/1448 4459/1737/1448 4460/1738/1448
f 4443/1735/1638 4460/1736/1448 4459/1737/1448 4441/1738/1661
f 4453/1735/1642 4442/1738/1666 4455/1737/1641 4457/1736/1641
f 4447/1735/1642 4453/1738/1642 4457/1737/1641 4456/1736/1641
f 4456/1735/1641 4457/1738/1641 4454/1737/1642 4451/1736/1642
f 4443/1735/1638 4442/1736/1666 4453/1737/1642 4460/1738/1448
f 4447/1735/1642 4458/1738/1448 4460/1737/1448 4453/1736/1642
f 4451/1735/1642 4454/1736/1642 4461/1737/1448 4450/1738/1448
f 4544/1982/1460 4519/1983/1460 4517/1984/1460 4545/1985/1460
f 4532/1982/1436 4522/1983/1436 4515/1984/1436 4533/1985/1436
f 4545/1982/1465 4517/1983/1465 4523/1984/1465 4546/1985/1465
f 4534/1982/1465 4513/1983/1465 4527/1984/1465 4535/1985/1465
f 4536/1982/1460 4520/1983/1460 4524/1984/1460 4537/1985/1460
f 4538/1982/1459 4512/1983/1459 4514/1984/1459 4539/1985/1459
f 4540/1982/1460 4525/1983/1460 4521/1984/1460 4541/1985/1460
f 4533/1982/1460 4515/1983/1460 4513/1984/1460 4534/1985/1460
f 4542/1982/1436 4518/1983/1436 4525/1984/1436 4540/1985/1436
f 4546/1982/1459 4523/1983/1459 4526/1984/1459 4547/1985/1459
f 4539/1982/1436 4514/1983/1436 4520/1984/1436 4536/1985/1436
f 4535/1982/1459 4527/1983/1459 4522/1984/1459 4532/1985/1459
f 4541/1982/1465 4521/1983/1465 4516/1984/1465 4543/1985/1465
f 4547/1982/1436 4526/1983/1436 4519/1984/1436 4544/1985/1436
f 4543/1982/1459 4516/1983/1459 4518/1984/1459 4542/1985/1459
f 4537/1982/1465 4524/1983/1465 4512/1984/1465 4538/1985/1465
f 4514/1986/1451 4516/1987/1451 4531/1988/1451 4530/1989/1451
f 4529/1735/1451 4528/1738/1451 4530/1737/1451 4531/1736/1451
f 4515/1990/1451 4528/1735/1451 4529/1991/1451 4517/1992/1451
f 4515/1993/1448 4522/1994/1448 4528/1995/1448
f 4522/1994/1448 4527/1996/1448 4528/1995/1448
f 4524/1997/1451 4530/1998/1451 4528/1999/1451 4527/2000/1451
f 4520/2001/1448 4530/2002/1448 4524/2003/1448
f 4526/2004/1451 4529/2005/1451 4531/1997/1451 4525/1998/1451
f 4517/1736/1448 4529/1735/1673 4523/2006/1448
f 4526/2007/1460 4523/2006/1448 4529/1735/1673
f 4525/2008/1459 4531/2009/1674 4521/2010/1448
f 4516/2011/1448 4521/2010/1448 4531/2009/1674
f 4514/2012/1448 4530/2002/1448 4520/2001/1448
f 4412/1982/1459 4535/1983/1459 4532/1984/1459 4407/1985/1459
f 4400/1982/1460 4533/1983/1460 4534/1984/1460 4238/1985/1460
f 4238/1982/1465 4534/1983/1465 4535/1984/1465 4412/1985/1465
f 4407/1982/1436 4532/1983/1436 4533/1984/1436 4400/1985/1436
f 4409/1982/1465 4537/1983/1465 4538/1984/1465 4237/1985/1465
f 4399/1982/1436 4539/1983/1436 4536/1984/1436 4405/1985/1436
f 4237/1982/1459 4538/1983/1459 4539/1984/1459 4399/1985/1459
f 4405/1982/1460 4536/1983/1460 4537/1984/1460 4409/1985/1460
f 4401/1982/1459 4543/1983/1459 4542/1984/1459 4403/1985/1459
f 4406/1982/1465 4541/1983/1465 4543/1984/1465 4401/1985/1465
f 4403/1982/1436 4542/1983/1436 4540/1984/1436 4410/1985/1436
f 4410/1982/1460 4540/1983/1460 4541/1984/1460 4406/1985/1460
f 4411/1982/1436 4547/1983/1436 4544/1984/1436 4404/1985/1436
f 4408/1982/1459 4546/1983/1459 4547/1984/1459 4411/1985/1459
f 4402/1982/1465 4545/1983/1465 4546/1984/1465 4408/1985/1465
f 4404/1982/1460 4544/1983/1460 4545/1984/1460 4402/1985/1460
f 4552/2013/1460 4551/2014/1460 4549/1735/1460 4553/1824/1460
f 4555/2015/1436 4550/2016/1436 4551/2017/1436 4552/2018/1436
f 4554/2019/1459 4548/2020/1459 4550/2021/1459 4555/2022/1459
f 4553/2023/1465 4549/1738/1465 4548/2024/1465 4554/2025/1465
f 4527/2026/1465 4553/2027/1465 4554/2024/1465 4524/2028/1465
f 4519/2029/1460 4552/2030/1460 4517/2031/1460
f 4516/2032/1459 4555/2033/1459 4518/2034/1459
f 4515/2035/1460 4553/2036/1460 4513/2037/1460
f 4514/2038/1459 4554/2014/1459 4555/2021/1459 4516/2022/1459
f 4526/2039/1436 4552/2040/1436 4519/2041/1436
f 4525/2042/1436 4555/2043/1436 4552/2044/1436 4526/2045/1436
f 4512/2046/1459 4554/2047/1459 4514/2048/1459
f 4518/2049/1436 4555/2050/1436 4525/2051/1436
f 4513/2052/1465 4553/2053/1465 4527/2054/1465
f 4524/2055/1465 4554/2056/1465 4512/2057/1465
f 4517/2058/1460 4552/2059/1460 4553/1735/1460 4515/2060/1460
f 3946/1738/1465 3943/1735/1465 3797/1737/1465
f 3943/1735/1465 4625/1748/1465 3797/1737/1465
f 3947/1736/1448 3840/1737/1448 4625/1747/1448 3943/1735/1448
f 3950/1735/1451 3948/1736/1451 3780/1737/1451 3946/1738/1451
usemtl blue_concrete
f 4072/1735/1439 3814/1736/1439 3822/1737/1440 4074/1738/1440
f 4073/1735/1440 3766/1736/1440 3769/1737/1440 4071/1738/1440
f 4111/1735/1441 3805/1736/1441 3768/1737/1442 4069/1738/1442
f 4078/1735/1443 3797/1736/1443 3771/1737/1444 4081/1738/1445
f 4076/1735/1446 3774/1736/1446 3773/1737/1447 4075/1738/1447
f 4070/1735/1448 3777/1736/1448 3814/1737/1439 4072/1738/1439
f 4077/1735/1452 3784/1736/1453 4157/1737/1454 4156/1738/1454
f 4075/1735/1447 3773/1736/1447 3797/1737/1443 4078/1738/1443
f 4074/1735/1440 3822/1736/1440 3766/1737/1440 4073/1738/1440
f 4080/1735/1448 3830/1736/1473 3764/1737/1474 4079/1738/1448
f 4080/1735/1448 3862/1736/1448 3772/1737/1494 4081/1738/1445
f 3855/1735/1448 3862/1736/1448 4080/1737/1448 4079/1738/1448
f 3821/1735/1440 4074/1736/1440 4073/1737/1440 3820/1738/1440
f 3778/1735/1448 4070/1736/1448 4072/1737/1439 3816/1738/1492
f 4106/1735/1441 4111/1736/1441 4069/1737/1442 3770/1738/1544
f 3820/1735/1440 4073/1736/1440 4071/1737/1440 3767/1738/1440
f 3816/1735/1492 4072/1736/1439 4074/1737/1440 3821/1738/1440
f 3775/1735/1447 4075/1736/1447 4078/1737/1443 3798/1738/1443
f 3785/1735/1452 4077/1736/1452 4156/1737/1454 4158/1738/1454
f 3776/1735/1446 4076/1736/1446 4075/1737/1447 3775/1738/1447
f 3798/1735/1443 4078/1736/1443 4081/1737/1445 3772/1738/1494
f 4081/1737/1448 4625/1738/1448 3771/1750/1448
f 3767/1735/1440 4071/1736/1440 4111/1737/1441 4106/1738/1441
f 4071/1735/1440 3769/1736/1440 3805/1737/1441 4111/1738/1441
f 4158/1735/1454 4156/1736/1454 4076/1737/1446 3776/1738/1446
f 4156/1735/1454 4157/1736/1454 3774/1737/1446 4076/1738/1446
f 4210/1738/1460 4213/1737/1460 4212/1801/1460 4211/1802/1460
f 4206/1803/1460 4205/1804/1460 4200/1805/1460 4209/1806/1460
f 4205/1807/1460 4204/1808/1460 4219/1809/1460 4220/1735/1460
f 4199/1810/1460 4197/1811/1460 4200/1812/1460 4221/1736/1460
f 4198/1810/1460 4199/1813/1460 4221/1737/1460 4210/1736/1460
f 4210/1735/1460 4221/1738/1460 4220/1737/1460 4213/1736/1460
f 4200/1807/1460 4205/1812/1460 4220/1736/1460 4221/1735/1460
f 4213/1735/1460 4220/1738/1460 4219/1814/1460 4214/1809/1460
f 4080/1736/1448 4081/1737/1445 3771/1750/1448 3830/1735/1473
usemtl regular_walls
f 3804/1735/1436 3798/1736/1436 3772/1737/1437 3787/1738/1438
f 3803/1735/1436 3804/1736/1436 3787/1737/1438
f 3773/1735/1436 3774/1736/1436 3791/1737/1436 3792/1738/1436
f 3792/1735/1436 3794/1736/1436 3797/1737/1436 3773/1738/1436
f 3789/1735/1436 4157/1736/1436 3784/1737/1436
f 3775/1735/1436 3798/1736/1436 3804/1737/1436
f 3804/1735/1436 3803/1736/1436 3776/1737/1436 3775/1738/1436
f 3890/1735/1461 3889/1736/1461 3787/1737/1438 3772/1738/1437
f 3782/1735/1436 3806/1736/1436 3807/1737/1438 3781/1738/1462
f 3807/1735/1438 3806/1736/1436 4159/1737/1436 4160/1738/1438
f 4106/1735/1465 4110/1736/1465 3811/1737/1465 3767/1738/1465
f 3820/1735/1465 3815/1736/1465 3817/1737/1465 3821/1738/1465
f 3767/1735/1465 3819/1736/1465 3815/1737/1465 3820/1738/1465
f 4217/1735/1459 4216/1736/1459 4215/1737/1459 4218/1738/1459
f 4201/1735/1459 4202/1736/1459 4207/1737/1459 4208/1738/1459
f 4090/1735/1479 3856/1736/1480 3851/1737/1481 4089/1738/1481
f 4088/1735/1482 3930/1736/1483 3856/1737/1480 4090/1738/1479
f 3745/1735/1489 3827/1736/1490 3941/1737/1491
f 3863/1735/1495 3923/1736/1496 3865/1737/1497
f 3868/1735/1498 3915/1736/1499 3905/1737/1500 3869/1738/1500
f 3870/1735/1451 3917/1736/1451 3871/1737/1451 3881/1738/1451
f 3917/1735/1460 3918/1736/1460 3872/1737/1460 3871/1738/1460
f 3882/1735/1460 3873/1736/1460 3875/1737/1460 3888/1738/1460
f 3873/1735/1451 3882/1736/1451 3923/1737/1451 3874/1738/1451
f 3923/1735/1459 3924/1736/1459 3876/1737/1459 3874/1738/1459
f 3886/1735/1503 3893/1736/1504 3894/1737/1504 3906/1738/1503
f 3911/1735/1460 3913/1736/1460 3897/1737/1460 3886/1738/1460
f 3906/1735/1503 3908/1736/1436 3911/1737/1436 3886/1738/1503
f 3904/1735/1505 3880/1736/1506 3885/1737/1507 3877/1738/1508
f 3877/1735/1508 3883/1736/1509 3896/1737/1509 3904/1738/1505
f 3908/1735/1436 3877/1736/1508 3885/1737/1507 3887/1738/1501
f 3903/1735/1459 3880/1736/1459 3904/1737/1459 3895/1738/1459
f 3908/1735/1436 3887/1736/1501 3888/1737/1501 3911/1738/1436
f 3891/1735/1459 3896/1736/1459 3890/1737/1459 3892/1738/1459
f 3910/1735/1510 3887/1736/1501 3885/1737/1507 3909/1738/1510
f 3881/1735/1511 3909/1736/1510 3885/1737/1507 3880/1738/1506
f 3887/1735/1501 3910/1736/1510 3882/1737/1511 3888/1738/1501
f 3883/1735/1509 3889/1736/1461 3890/1737/1461 3896/1738/1509
f 3893/1735/1512 3899/1736/1512 3898/1737/1512 3900/1738/1512
f 3878/1735/1460 3884/1736/1460 3883/1737/1460 3877/1738/1460
f 3879/1735/1451 3878/1736/1451 3877/1737/1451 3908/1738/1451
f 3906/1735/1459 3907/1736/1459 3879/1737/1459 3908/1738/1459
f 3892/1735/1448 3890/1736/1448 3869/1737/1448 3905/1738/1448
f 3901/1735/1459 3900/1736/1459 3898/1737/1459 3902/1738/1459
f 3893/1735/1460 3886/1736/1460 3897/1737/1460 3899/1738/1460
f 3904/1735/1459 3896/1736/1459 3891/1737/1459 3895/1738/1459
f 3924/1735/1459 3914/1736/1459 3912/1737/1459 3876/1738/1459
f 3902/1735/1459 3912/1736/1459 3914/1737/1459 3901/1738/1459
f 3913/1735/1460 3911/1736/1460 3888/1737/1460 3875/1738/1460
f 3880/1735/1459 3903/1736/1459 3870/1737/1459 3881/1738/1459
f 3919/1735/1460 3872/1736/1460 3918/1737/1460 3916/1738/1460
f 3916/1735/1460 3915/1736/1499 3868/1737/1498 3919/1738/1460
f 3871/1735/1519 3872/1736/1520 3920/1737/1521 3852/1738/1522
f 3866/1735/1497 3871/1736/1519 3852/1737/1522
f 3864/1735/1497 3881/1736/1511 3871/1737/1519 3866/1738/1497
f 3867/1735/1497 3882/1736/1511 3910/1737/1510 3921/1738/1497
f 3865/1735/1497 3923/1736/1496 3882/1737/1511 3867/1738/1497
f 3910/1735/1510 3909/1736/1510 3922/1737/1497 3921/1738/1497
f 3909/1735/1510 3881/1736/1511 3864/1737/1497 3922/1738/1497
f 3925/1735/1523 3924/1738/1523 3923/1737/1496 3863/1736/1495
f 3901/1735/1503 3914/1736/1436 3925/1737/1523 3927/1738/1503
f 3900/1735/1504 3901/1736/1503 3927/1737/1503 3926/1738/1524
f 3925/1738/1523 3914/1737/1436 3924/1736/1523
f 3919/1735/1436 3868/1736/1525 3857/1737/1526 3929/1738/1436
f 3857/1735/1526 3868/1736/1525 3740/1737/1513
f 3919/1735/1436 3929/1736/1436 3920/1737/1521 3872/1738/1520
f 3929/1735/1527 4082/1736/1528 4084/1737/1529 3920/1738/1530
f 3935/1735/1531 3936/1736/1532 3933/1737/1533 3934/1738/1534
f 3920/1735/1530 4084/1736/1529 3940/1737/1481 3852/1738/1481
f 3934/1735/1534 3933/1736/1533 3931/1737/1481 3932/1738/1481
f 3741/1735/1535 3936/1736/1532 3935/1737/1531 3742/1738/1536
f 4086/1735/1537 4088/1736/1482 3936/1737/1532 3741/1738/1535
f 3857/1735/1538 4085/1736/1539 4082/1737/1528 3929/1738/1527
f 3868/1735/1525 3869/1736/1540 3928/1737/1541 3740/1738/1513
f 3740/1735/1542 4083/1736/1543 4085/1737/1539 3857/1738/1538
f 3742/1735/1536 3748/1736/1545 3747/1737/1546 3741/1738/1535
f 3750/1735/1547 3748/1736/1545 3853/1737/1548
f 3747/1735/1546 3746/1737/1549 3942/1736/1550
f 4086/1735/1537 3741/1736/1535 3942/1737/1550 4092/1738/1551
f 3746/1735/1549 3745/1736/1489 3941/1737/1491 3942/1738/1550
f 3827/1735/1490 4087/1736/1552 4091/1737/1553 3941/1738/1491
f 3740/1735/1542 3928/1736/1554 3939/1737/1555 4083/1738/1543
f 3853/1735/1548 3938/1736/1556 3738/1737/1557 3750/1738/1547
f 3742/1735/1536 3853/1736/1548 3748/1737/1545
f 3942/1735/1550 3741/1736/1535 3747/1737/1546
f 4092/1735/1551 4091/1736/1553 3744/1737/1558 3743/1738/1559
f 3951/1735/1560 3953/1737/1561 4010/1736/1562
f 3956/1735/1498 3957/1738/1500 3993/1737/1500 4003/1736/1499
f 3958/1735/1451 3969/1738/1451 3959/1737/1451 4005/1736/1451
f 4005/1735/1460 3959/1738/1460 3960/1737/1460 4006/1736/1460
f 3970/1735/1460 3976/1738/1460 3963/1737/1460 3961/1736/1460
f 3961/1735/1451 3962/1738/1451 4010/1737/1451 3970/1736/1451
f 4010/1735/1459 3962/1738/1459 3964/1737/1459 4011/1736/1459
f 3974/1735/1565 3994/1738/1565 3982/1737/1566 3981/1736/1567
f 3999/1735/1460 3974/1738/1460 3985/1737/1460 4001/1736/1460
f 3994/1735/1565 3974/1738/1565 3999/1737/1465 3996/1736/1465
f 3992/1735/1568 3965/1738/1569 3973/1737/1570 3968/1736/1571
f 3965/1735/1569 3992/1738/1568 3984/1737/1572 3971/1736/1572
f 3996/1735/1465 3975/1738/1563 3973/1737/1570 3965/1736/1569
f 3991/1735/1459 3983/1738/1459 3992/1737/1459 3968/1736/1459
f 3996/1735/1465 3999/1738/1465 3976/1737/1563 3975/1736/1563
f 3979/1735/1459 3980/1738/1459 3978/1737/1459 3984/1736/1459
f 3998/1735/1573 3997/1738/1573 3973/1737/1570 3975/1736/1563
f 3969/1735/1574 3968/1738/1571 3973/1737/1570 3997/1736/1573
f 3975/1735/1563 3976/1738/1563 3970/1737/1574 3998/1736/1573
f 3971/1735/1572 3984/1738/1572 3978/1737/1575 3977/1736/1576
f 3981/1735/1577 3988/1738/1577 3986/1737/1577 3987/1736/1577
f 3966/1735/1460 3965/1738/1460 3971/1737/1460 3972/1736/1460
f 3967/1735/1451 3996/1738/1451 3965/1737/1451 3966/1736/1451
f 3994/1735/1459 3996/1738/1459 3967/1737/1459 3995/1736/1459
f 3977/1735/1576 3978/1738/1575 4035/1737/1578 4113/1736/1579
f 3980/1735/1448 3993/1738/1448 3957/1737/1448 3978/1736/1448
f 3989/1735/1459 3990/1738/1459 3986/1737/1459 3988/1736/1459
f 3981/1735/1460 3987/1738/1460 3985/1737/1460 3974/1736/1460
f 3981/1735/1567 3982/1738/1566 4029/1737/1581 4030/1736/1582
f 3992/1735/1459 3983/1738/1459 3979/1737/1459 3984/1736/1459
f 4011/1735/1459 3964/1738/1459 4000/1737/1459 4002/1736/1459
f 3990/1735/1459 3989/1738/1459 4002/1737/1459 4000/1736/1459
f 4001/1735/1460 3963/1738/1460 3976/1737/1460 3999/1736/1460
f 3968/1735/1459 3969/1738/1459 3958/1737/1459 3991/1736/1459
f 4007/1735/1460 4004/1738/1460 4006/1737/1460 3960/1736/1460
f 4004/1735/1460 4007/1738/1460 3956/1737/1498 4003/1736/1499
f 3959/1735/1588 3851/1738/1589 3856/1737/1590 3960/1736/1591
f 3954/1735/1561 3851/1737/1589 3959/1736/1588
f 3952/1735/1561 3954/1738/1561 3959/1737/1588 3969/1736/1574
f 3955/1735/1561 4008/1738/1561 3998/1737/1573 3970/1736/1574
f 3953/1735/1561 3955/1738/1561 3970/1737/1574 4010/1736/1562
f 3998/1735/1573 4008/1738/1561 4009/1737/1561 3997/1736/1573
f 3997/1735/1573 4009/1738/1561 3952/1737/1561 3969/1736/1574
f 4012/1735/1592 3951/1736/1560 4010/1737/1562 4011/1738/1592
f 3989/1735/1565 4014/1738/1565 4012/1737/1592 4002/1736/1465
f 3988/1735/1593 4013/1738/1594 4014/1737/1565 3989/1736/1565
f 4136/1735/1459 4140/1736/1595 4070/1737/1596 3778/1738/1459
f 4012/1735/1592 4011/1736/1592 4002/1737/1465
f 4091/1735/1553 4087/1736/1552 3854/1737/1597 3744/1738/1558
f 4007/1735/1465 3930/1738/1465 3739/1737/1598 3956/1736/1599
f 3739/1735/1598 3743/1737/1580 3956/1736/1599
f 4007/1735/1465 3960/1738/1591 3856/1737/1590 3930/1736/1465
f 3956/1735/1599 3743/1738/1580 3744/1737/1600 3957/1736/1601
f 4015/1735/1460 4027/1736/1460 4026/1737/1460 3765/1738/1460
f 4024/1735/1460 4023/1736/1460 4020/1737/1460 4019/1738/1460
f 4020/1735/1460 4023/1736/1460 3765/1737/1460 4026/1738/1460
f 4026/1735/1460 4016/1736/1460 4018/1737/1460 4020/1738/1460
f 4026/1735/1460 4027/1736/1460 3761/1737/1460 4016/1738/1460
f 4025/1735/1460 4019/1736/1460 4021/1737/1460 4017/1738/1460
f 3826/1735/1460 4024/1736/1460 4019/1737/1460 4025/1738/1460
f 4029/1735/1581 4022/1736/1602 3757/1737/1603
f 3766/1735/1603 3757/1736/1603 4022/1737/1602 3769/1738/1604
f 3822/1735/1603 3757/1736/1603 3766/1737/1603
f 3814/1735/1605 4030/1736/1582 3822/1737/1603
f 4112/1735/1606 4033/1736/1607 3768/1737/1465 3805/1738/1465
f 3762/1735/1460 3759/1736/1460 4062/1737/1460 4066/1738/1460
f 3762/1735/1460 4066/1736/1460 4064/1737/1460 3763/1738/1460
f 3809/1735/1465 4038/1736/1465 3808/1737/1465 4109/1738/1465
f 4044/1735/1459 4047/1738/1459 3760/1737/1459 4039/1736/1459
f 4049/1735/1459 4042/1738/1459 4044/1737/1459 4039/1736/1459
f 4042/1735/1459 4048/1738/1459 3825/1737/1459 4044/1736/1459
f 3756/1735/1459 4047/1736/1459 4044/1737/1459 3825/1738/1459
f 4043/1735/1459 4051/1738/1459 4041/1737/1459 4045/1736/1459
f 3749/1735/1459 3937/1738/1459 3751/1737/1459 4052/1736/1459
f 4043/1735/1459 4045/1738/1459 3779/1737/1459 4050/1736/1459
f 3749/1735/1459 4052/1738/1459 3754/1737/1459 4096/1736/1459
f 4048/1735/1459 4042/1738/1459 4043/1737/1459 4050/1736/1459
f 3818/1735/1465 3808/1736/1465 4054/1737/1465 3813/1738/1465
f 3813/1735/1465 4054/1736/1465 4053/1737/1465 3812/1738/1465
f 4038/1735/1465 4037/1736/1465 4054/1737/1465 3808/1738/1465
f 4037/1735/1465 4036/1736/1465 4053/1737/1465 4054/1738/1465
f 4036/1735/1465 3760/1738/1465 4047/1737/1465 4053/1736/1465
f 3812/1735/1465 4053/1736/1465 4047/1737/1465 3756/1738/1465
f 4128/1735/1436 4027/1736/1436 4015/1737/1436 4127/1738/1436
f 4055/1735/1436 4056/1736/1436 3795/1737/1436 3796/1738/1436
f 3786/1735/1436 4055/1736/1436 3796/1737/1436 3793/1738/1436
f 3786/1735/1436 3788/1736/1436 4059/1737/1436
f 4058/1735/1436 4055/1736/1436 3786/1737/1436 4059/1738/1436
f 4057/1735/1436 4056/1736/1436 4055/1737/1436 4058/1738/1436
f 4129/1735/1436 4128/1736/1436 4056/1737/1436 4057/1738/1436
f 4062/1735/1465 4060/1736/1465 4068/1737/1465 4066/1738/1465
f 4066/1735/1465 4068/1736/1465 4063/1737/1465 4064/1738/1465
f 4067/1735/1460 4065/1736/1460 4063/1737/1460 4068/1738/1460
f 4060/1735/1460 4061/1736/1460 4067/1737/1460 4068/1738/1460
f 4034/1735/1610 4031/1736/1611 4032/1737/1612 4033/1738/1607
f 3768/1735/1465 4033/1736/1607 4032/1737/1612 4040/1738/1465
f 4025/1735/1460 3762/1736/1460 3763/1737/1460 3826/1738/1460
f 4025/1735/1460 4017/1736/1460 3759/1737/1460 3762/1738/1460
f 4032/1735/1612 4031/1736/1611 4065/1737/1613 4067/1738/1614
f 4032/1735/1612 4067/1736/1614 4061/1737/1465 4040/1738/1465
f 4083/1735/1543 3939/1736/1555 3938/1737/1556 3853/1738/1548
f 4084/1735/1529 4082/1736/1528 3935/1737/1531 3934/1738/1534
f 4085/1735/1539 4083/1736/1543 3853/1737/1548 3742/1738/1536
f 3940/1735/1481 4084/1736/1529 3934/1737/1534 3932/1738/1481
f 4082/1735/1528 4085/1736/1539 3742/1737/1536 3935/1738/1531
f 3942/1735/1550 3941/1736/1491 4091/1737/1553 4092/1738/1551
f 3739/1735/1615 4086/1736/1537 4092/1737/1551 3743/1738/1559
f 3739/1735/1615 3930/1736/1483 4088/1737/1482 4086/1738/1537
f 3936/1735/1532 4088/1736/1482 4090/1737/1479 3933/1738/1533
f 3933/1735/1533 4090/1736/1479 4089/1737/1481 3931/1738/1481
f 4045/1735/1459 3749/1738/1459 4096/1737/1459 3779/1736/1459
f 4045/1735/1459 4041/1738/1459 3937/1737/1459 3749/1736/1459
f 3752/1735/1436 4102/1738/1436 4052/1737/1436 3751/1736/1436
f 3802/1735/1617 4103/1738/1618 4102/1737/1618 3752/1736/1617
f 4100/1735/1436 4104/1738/1436 4103/1737/1436 3802/1736/1436
f 3785/1735/1436 4105/1738/1436 4104/1737/1436 4100/1736/1436
f 4030/1735/1582 4029/1738/1581 3757/1737/1603 3822/1736/1603
f 3806/1735/1436 3782/1736/1436 4105/1737/1436
f 3782/1735/1436 4101/1738/1436 4104/1737/1436 4105/1736/1436
f 4101/1735/1436 3755/1738/1436 4103/1737/1436 4104/1736/1436
f 3755/1735/1619 3753/1738/1619 4102/1737/1618 4103/1736/1618
f 3753/1735/1436 3754/1738/1436 4052/1737/1436 4102/1736/1436
f 3769/1735/1604 4112/1736/1606 3805/1737/1465
f 3770/1735/1465 3810/1736/1465 4110/1737/1465 4106/1738/1465
f 4035/1735/1578 4034/1738/1610 4114/1737/1621 4113/1736/1579
f 4112/1735/1606 4114/1736/1621 4034/1737/1610 4033/1738/1607
f 3769/1735/1604 4022/1736/1602 4114/1737/1621 4112/1738/1606
f 4029/1735/1581 4113/1736/1579 4114/1737/1621 4022/1738/1602
f 3981/1735/1567 4030/1738/1582 3814/1737/1605 3988/1736/1593
f 3761/1735/1436 4027/1736/1436 4128/1737/1436 4129/1738/1436
f 4056/1735/1436 4128/1736/1436 4127/1737/1436 3795/1738/1436
f 3806/1735/1436 4105/1736/1436 4161/1737/1436 4159/1738/1436
f 3785/1735/1436 4158/1736/1436 4161/1737/1436 4105/1738/1436
f 3777/1735/1622 4070/1736/1596 4140/1737/1595 4013/1738/1595
f 3839/1735/1459 3833/1736/1459 4137/1737/1459 4139/1738/1459
f 3778/1735/1459 3838/1736/1459 4138/1737/1459 4136/1738/1459
f 4139/1735/1459 4137/1736/1459 4141/1737/1459 4143/1738/1459
f 4136/1735/1459 4138/1736/1459 4142/1737/1459 4140/1738/1595
f 4143/1735/1459 4141/1736/1459 4145/1737/1623 4147/1738/1459
f 4140/1735/1595 4142/1736/1459 4146/1737/1459 4144/1738/1595
f 4144/1735/1595 4146/1736/1459 4150/1737/1459 4148/1738/1595
f 4146/1735/1459 4147/1736/1459 4151/1737/1459 4150/1738/1459
f 4150/1735/1459 4154/1736/1459 4152/1737/1595 4148/1738/1595
f 3863/1735/1623 4153/1736/1623 4149/1737/1623 3925/1738/1623
f 4012/1735/1595 4148/1736/1595 4152/1737/1595 3951/1738/1595
f 4149/1735/1623 4153/1736/1623 4155/1737/1459 4151/1738/1459
f 3925/1735/1623 4149/1738/1623 4145/1737/1623 3927/1738/1623
f 4013/1735/1595 4140/1738/1595 4144/1737/1595 4014/1736/1595
f 3927/1735/1623 4145/1736/1623 4141/1737/1459 3926/1738/1623
f 4145/1736/1623 4149/1737/1623 4151/1738/1459 4147/1735/1459
f 3814/1735/1605 3777/1736/1624 4013/1737/1594 3988/1738/1593
f 3982/1735/1566 3977/1738/1576 4113/1737/1579 4029/1736/1581
f 3978/1735/1575 3957/1738/1601 4028/1737/1625 4035/1736/1578
f 3833/1735/1459 4099/1736/1596 4141/1737/1459 4137/1738/1459
f 4099/1735/1596 3783/1736/1626 3926/1737/1623 4141/1738/1459
f 3781/1735/1462 3900/1736/1504 3926/1737/1524 3783/1738/1627
f 3781/1735/1462 3807/1736/1438 3893/1737/1504 3900/1738/1504
f 4157/1735/1436 3789/1736/1436 3790/1737/1436 3774/1738/1436
f 4160/1735/1438 4159/1736/1436 3803/1737/1436 3787/1738/1438
f 4159/1735/1436 4161/1736/1436 3776/1737/1436 3803/1738/1436
f 4161/1735/1436 4158/1736/1436 3776/1737/1436
f 3894/1735/1504 3893/1736/1504 3807/1737/1438 4160/1738/1438
f 4160/1735/1438 3787/1736/1438 3889/1737/1461 3894/1738/1504
f 3772/1735/1437 3862/1736/1627 3869/1737/1540 3890/1738/1461
f 3928/1735/1541 3869/1736/1540 3862/1737/1627 3855/1738/1627
f 3744/1735/1600 3854/1736/1628 4028/1737/1625 3957/1738/1601
f 3855/1735/1629 4079/1736/1630 3939/1737/1555 3928/1738/1554
f 4079/1735/1630 3764/1736/1631 3938/1737/1556 3939/1738/1555
f 3938/1735/1556 3764/1736/1631 3738/1737/1557
f 4151/1735/1459 4155/1736/1459 4154/1737/1459 4150/1738/1459
f 4147/1735/1632 4146/1736/1632 4162/1737/1632 4163/1738/1632
f 4049/1735/1459 4051/1738/1459 4043/1737/1459 4042/1736/1459
f 4226/1792/1451 4233/1793/1451 4214/1794/1451 4219/1795/1451
f 4232/1796/1448 4210/1738/1448 4211/1737/1448 4231/1740/1448
f 4225/1797/1448 4201/1736/1448 4208/1737/1448 4229/1798/1448
f 4222/1796/1465 4225/1740/1465 4200/1737/1465 4197/1738/1465
f 4223/1797/1436 4198/1736/1436 4210/1737/1436 4232/1741/1436
f 4227/1797/1451 4205/1736/1451 4206/1737/1451 4228/1741/1451
f 4226/1797/1465 4204/1736/1465 4205/1737/1465 4227/1741/1465
f 4226/1792/1451 4203/1799/1451 3848/1800/1451 4233/1793/1451
f 4234/1796/1451 4218/1738/1451 4215/1737/1451 4230/1740/1451
f 4234/1796/1436 4233/1740/1436 3848/1737/1436 4218/1738/1436
f 4213/1735/1436 4214/1736/1436 4233/1740/1436 4234/1796/1436
f 4213/1735/1451 4234/1796/1451 4230/1740/1451 4212/1736/1451
f 4203/1735/1465 4226/1797/1465 4227/1741/1465 4202/1738/1465
f 4202/1735/1451 4227/1797/1451 4228/1741/1451 4207/1738/1451
f 3847/1735/1436 4223/1797/1436 4232/1741/1436 4217/1738/1436
f 3843/1735/1465 4201/1736/1465 4225/1740/1465 4222/1796/1465
f 4200/1735/1448 4225/1797/1448 4229/1798/1448 4209/1738/1448
f 4217/1735/1448 4232/1796/1448 4231/1740/1448 4216/1736/1448
f 4429/1735/1671 4508/1738/1671 4509/1737/1671 4430/1736/1671
f 4510/1735/1672 4511/1738/1672 4428/1737/1672 4427/1736/1672
f 4235/1735/1460 4506/1736/1460 3971/1737/1460 4431/1738/1460
f 4236/1735/1459 4432/1736/1459 3994/1737/1459 4557/1738/1459
f 4239/1735/1459 4240/1736/1459 3906/1737/1459 4425/1738/1459
f 4315/1735/1460 4426/1736/1460 3883/1737/1460 4316/1738/1460
f 4219/1795/1451 4204/1741/1451 4226/1792/1451
f 4014/1735/1595 4144/1736/1595 4148/1737/1595 4012/1736/1595
usemtl yellow_board
f 3801/1735/1448 3800/1736/1448 3747/1737/1448 3748/1738/1448
f 3850/1735/1460 3799/1736/1460 3800/1737/1460 3801/1738/1460
f 3845/1735/1451 3849/1736/1451 3848/1737/1451 3842/1738/1451
f 3844/1735/1460 3841/1736/1460 3799/1737/1460 3845/1738/1460
f 3845/1735/1465 3842/1736/1465 3843/1737/1465 3844/1738/1465
f 3846/1735/1436 3847/1736/1436 3848/1737/1436 3849/1738/1436
f 3828/1735/1478 3846/1736/1478 3849/1737/1478 3850/1738/1478
f 3800/1735/1484 3799/1738/1484 3746/1737/1484 3747/1736/1484
f 3746/1735/1484 3799/1736/1484 3841/1737/1485 3745/1738/1485
f 3801/1735/1486 3748/1736/1486 3750/1737/1487 3850/1738/1487
f 3738/1735/1487 3828/1736/1487 3850/1737/1487 3750/1738/1487
f 4588/1788/1465 4587/1789/1465 4586/1790/1465 4583/1791/1633
f 4577/2061/1465 4575/2062/1465 4581/2063/1675 4579/2064/1676
f 4563/2069/1677 4567/2070/1678 4565/2071/1465
f 4559/2072/1465 4562/2073/1465 4560/2074/1465 4558/2075/1465
f 4575/2062/1465 4577/2061/1465 4576/2076/1465
f 4578/2077/1465 4577/2061/1465 4579/2064/1676
f 4579/2078/1676 4623/2079/1679 4557/2080/1680 4583/1791/1633
f 4583/1791/1633 4557/2080/1680 4584/2081/1681
f 4591/2082/1465 4561/2083/1465 4560/2074/1465 4562/2073/1465
f 4585/1735/1465 4588/1737/1465 4584/1736/1681
f 4568/2084/1465 4569/2085/1465 4570/2086/1682 4563/2069/1677
f 4562/2073/1465 4567/2087/1678 4591/2082/1465
f 4565/2071/1465 4564/2088/1465 4563/2069/1677
f 4572/2089/1465 4573/2090/1465 4574/2091/1465 4575/2062/1465
f 4567/2070/1678 4566/2092/1465 4565/2071/1465
f 4580/2093/1487 4623/2094/1679 4579/2064/1676 4581/2063/1675
f 4556/2095/1683 4592/2096/1684 4567/2070/1678 4571/2097/1685
f 4593/2098/1465 4591/2082/1465 4567/2087/1678 4592/2099/1684
f 4581/2063/1675 4575/2062/1465 4574/2091/1465 4582/2100/1465
f 4569/2101/1686 4568/2102/1686 4604/2103/1686 4605/2104/1686
f 4584/1735/1687 4618/1738/1687 4619/1737/1687 4585/1736/1687
f 4560/2105/1686 4561/2106/1686 4597/2107/1686 4596/2108/1686
f 4576/2109/1688 4612/2110/1688 4611/2111/1688 4575/2112/1688
f 4562/2113/1689 4559/2114/1689 4595/2115/1689 4598/2116/1689
f 4570/2117/1687 4569/2101/1687 4605/2104/1687 4606/2118/1687
f 4563/2119/1690 4564/2120/1690 4600/2121/1690 4599/2122/1690
f 4577/2123/1687 4613/2124/1687 4612/2110/1687 4576/2109/1687
f 4571/2125/1691 4570/2117/1691 4606/2118/1691 4607/2126/1691
f 4586/2127/1692 4620/2128/1692 4617/2129/1692 4583/2130/1692
f 4567/2131/1693 4562/2113/1693 4598/2116/1693 4603/2132/1693
f 4578/2133/1694 4614/2134/1694 4613/2124/1694 4577/2123/1694
f 4585/2135/1695 4619/2136/1695 4622/2137/1695 4588/2138/1695
f 4587/2139/1688 4621/2140/1688 4620/2128/1688 4586/2127/1688
f 4564/2120/1692 4565/2141/1692 4601/2142/1692 4600/2121/1692
f 4579/2143/1687 4615/2144/1687 4614/2134/1687 4578/2133/1687
f 4588/2138/1687 4622/2137/1687 4621/2140/1687 4587/2139/1687
f 4565/2141/1686 4566/2145/1686 4602/2146/1686 4601/2142/1686
f 4573/2147/1692 4609/2148/1692 4610/2149/1692 4574/2150/1692
f 4566/2145/1692 4567/2151/1692 4603/1738/1692 4602/2146/1692
f 4574/2150/1694 4610/2149/1694 4616/2152/1694 4582/2153/1694
f 4572/2154/1688 4608/2155/1688 4609/2148/1688 4573/2147/1688
f 4568/2102/1696 4563/2119/1696 4599/2122/1696 4604/2103/1696
f 4583/2130/1697 4617/2129/1697 4615/2156/1697 4579/2157/1697
f 4559/2114/1686 4558/2158/1686 4594/2159/1686 4595/2115/1686
f 4575/2112/1698 4611/2111/1698 4608/2155/1698 4572/2154/1698
f 4558/2158/1692 4560/2105/1692 4596/2108/1692 4594/2159/1692
f 4589/2160/1699 4624/2161/1700 4623/2094/1679 4580/2093/1487
f 4590/2162/1701 4557/2080/1680 4623/2079/1679 4624/2163/1700
f 4571/2097/1685 4567/2070/1678 4563/2069/1677 4570/2086/1682
f 4583/1791/1633 4584/2081/1681 4588/1788/1465
usemtl floor
f 3832/1735/1448 3846/1736/1448 3828/1737/1470 3831/1738/1471
f 3830/1735/1472 3835/1736/1472 3832/1737/1472 3831/1738/1472
f 4165/1735/1448 3824/1736/1448 3844/1737/1448 4169/1738/1448
f 4164/1735/1472 3834/1736/1475 3824/1737/1472 4165/1738/1472
f 3830/1735/1473 3831/1736/1471 3828/1737/1470 3764/1738/1474
f 3827/1735/1468 3745/1736/1476 3841/1737/1477
f 3834/1735/1475 3829/1736/1475 3823/1737/1475 3824/1738/1472
f 3764/1735/1474 3828/1736/1470 3738/1737/1488
f 3829/1746/1469 3827/1736/1468 3841/1737/1477 3823/1738/1493
f 3823/1735/1493 3841/1736/1477 3844/1737/1448 3824/1738/1448
f 4170/1735/1448 3847/1736/1448 3846/1737/1448 4169/1738/1448
f 3843/1735/1448 4170/1736/1448 4169/1737/1448 3844/1738/1448
f 3835/1735/1472 4164/1736/1472 4165/1737/1472 3832/1738/1472
f 3832/1735/1448 4165/1736/1448 4169/1737/1448 3846/1738/1448
f 4223/1796/1448 4224/1740/1448 4199/1737/1448 4198/1738/1448
f 4224/1797/1448 4170/1736/1448 3843/1737/1448 4222/1741/1448
f 4199/1735/1448 4224/1797/1448 4222/1741/1448 4197/1738/1448
f 3847/1735/1448 4170/1736/1448 4224/1740/1448 4223/1796/1448
f 4261/1735/1485 4278/1738/1485 4274/1737/1436 4262/1736/1436
f 4275/1735/1436 4276/1738/1436 4262/1737/1436 4274/1736/1436
f 4263/1735/1436 4262/1738/1436 4276/1737/1436 4277/1736/1436
f 4260/1735/1460 4261/1736/1460 4266/1737/1460 4271/1738/1460
f 4262/1735/1451 4267/1738/1451 4266/1737/1451 4261/1736/1451
f 4267/1735/1459 4262/1736/1459 4279/1737/1459
f 4263/1735/1459 4280/1738/1459 4279/1737/1459 4262/1736/1459
f 4280/1735/1459 4263/1736/1459 4268/1737/1459
f 4264/1735/1448 4269/1736/1448 4268/1737/1448 4263/1738/1448
f 4265/1735/1460 4270/1736/1460 4269/1737/1460 4264/1738/1460
f 4265/1735/1448 4283/1736/1642 4273/1737/1642 4270/1738/1448
f 4259/1735/1643 4260/1736/1451 4271/1737/1451 4272/1738/1643
f 4260/1735/1485 4259/1736/1436 4261/1737/1485
f 4281/1735/1485 4283/1736/1485 4265/1737/1485 4264/1738/1485
f 4264/1735/1485 4241/1736/1436 4281/1737/1485
f 4242/1735/1484 4263/1737/1436 4277/1736/1436
f 4241/1735/1436 4264/1736/1485 4263/1737/1436 4242/1738/1484
f 4392/1735/1465 4347/1736/1465 4258/1737/1465 4390/1738/1465
f 4386/1735/1436 4283/1738/1436 4241/1737/1436 4388/1736/1436
f 4261/1735/1485 4259/1738/1436 4310/1737/1485 4278/1736/1485
f 4387/1735/1436 4310/1738/1485 4259/1737/1436 4385/1736/1436
f 4391/1735/1644 4297/1736/1643 4282/1737/1643 4385/1738/1644
f 4389/1735/1641 4273/1736/1642 4283/1737/1642 4386/1738/1641
f 4302/1735/1645 4308/1736/1646 4307/1737/1647 4301/1738/1645
f 4305/1735/1648 4308/1736/1649 4302/1737/1650 4304/1738/1650
f 4300/1735/1637 4292/1736/1636 4296/1737/1651 4299/1738/1637
f 4374/1735/1448 4293/1736/1448 4290/1737/1448 4376/1738/1448
f 4376/1735/1460 4290/1736/1460 4288/1737/1460 4369/1738/1460
f 4296/1735/1648 4243/1736/1649 4298/1737/1650 4299/1738/1650
f 4299/1735/1650 4298/1736/1650 4245/1737/1648 4295/1738/1649
f 4294/1735/1651 4300/1736/1637 4299/1737/1637 4295/1738/1636
f 4302/1735/1645 4301/1736/1645 4333/1737/1646 4326/1738/1647
f 4306/1735/1649 4304/1736/1650 4302/1737/1650 4326/1738/1648
f 4368/1735/1448 4363/1736/1448 4287/1737/1642 4284/1738/1642
f 4360/1735/1436 4288/1736/1436 4290/1737/1436 4368/1738/1436
f 4361/1735/1436 4359/1738/1436 4291/1737/1436 4286/1736/1436
f 4359/1735/1451 4362/1736/1451 4303/1737/1451 4291/1738/1451
f 4372/1735/1460 4286/1738/1460 4291/1737/1460 4373/1736/1460
f 4373/1735/1451 4375/1738/1451 4307/1737/1647 4308/1736/1646
f 4311/1837/1465 4258/1838/1465 4312/1839/1465 4313/1840/1465
f 4379/1735/1459 4378/1738/1459 4311/1737/1459 4313/1736/1459
f 4371/1735/1459 4242/1736/1459 4276/1737/1459 4379/1738/1459
f 4240/1735/1459 4239/1736/1459 4257/1737/1459
f 4314/1735/1459 4240/1736/1459 4257/1737/1459 4313/1738/1459
f 4317/1841/1460 4312/1842/1460 4347/1843/1460
f 4316/1844/1460 4256/1845/1460 4315/1846/1460
f 4312/1735/1451 4317/1738/1451 4314/1737/1451 4313/1736/1451
f 4348/1735/1652 4350/1738/1653 4246/1737/1654 4255/1736/1652
f 4348/1735/1652 4349/1736/1652 4309/1737/1652 4318/1738/1652
f 4295/1735/1636 4320/1736/1448 4327/1737/1448 4294/1738/1651
f 4324/1735/1436 4325/1736/1436 4332/1737/1436 4331/1738/1436
f 4335/1735/1465 4323/1736/1465 4330/1737/1465 4337/1738/1465
f 4320/1735/1436 4321/1736/1436 4328/1737/1436 4327/1738/1436
f 4325/1735/1451 4326/1736/1647 4333/1737/1646 4332/1738/1451
f 4323/1735/1451 4324/1736/1451 4331/1737/1451 4330/1738/1451
f 4321/1735/1448 4322/1736/1448 4329/1737/1448 4328/1738/1448
f 4322/1735/1465 4334/1736/1465 4336/1737/1465 4329/1738/1465
f 4334/1735/1465 4335/1736/1465 4337/1737/1465 4336/1738/1465
f 4247/1847/1657 4322/1848/1460 4253/1849/1460
f 4322/1848/1460 4247/1847/1657 4341/1850/1658 4334/1851/1460
f 4334/1851/1460 4341/1850/1658 4335/1852/1460
f 4335/1852/1460 4341/1850/1658 4340/1735/1659 4323/1853/1460
f 4340/1735/1659 4339/1854/1460 4323/1853/1460
f 4323/1735/1460 4339/1736/1460 4338/1737/1460 4324/1738/1460
f 4325/1855/1460 4324/1856/1460 4326/1857/1648
f 4306/1858/1649 4326/1857/1648 4324/1856/1460 4338/1735/1460
f 4320/1859/1460 4295/1860/1649 4321/1861/1460
f 4295/1860/1649 4245/1862/1648 4254/1863/1460 4321/1861/1460
f 4253/1735/1460 4322/1736/1460 4321/1737/1460 4254/1738/1460
f 4255/1735/1652 4244/1736/1652 4349/1737/1652 4348/1738/1652
f 4318/1735/1652 4319/1738/1660 4350/1737/1653 4348/1736/1652
f 4384/1735/1465 4256/1736/1465 4347/1737/1465 4392/1738/1465
f 4352/1877/1451 4353/1822/1451 4351/1735/1451 4345/1824/1451
f 4282/1735/1643 4297/1736/1643 4362/1737/1451 4359/1738/1451
f 4285/1735/1436 4282/1738/1436 4359/1737/1436 4361/1736/1436
f 4289/1735/1436 4360/1736/1436 4368/1737/1436 4284/1738/1436
f 4290/1735/1448 4293/1736/1448 4363/1737/1448 4368/1738/1448
f 4257/1735/1459 4371/1736/1459 4379/1737/1459 4313/1738/1459
f 4276/1735/1459 4275/1738/1459 4378/1737/1459 4379/1736/1459
f 4291/1735/1451 4303/1738/1451 4375/1737/1451 4373/1736/1451
f 4305/1735/1648 4372/1738/1460 4373/1737/1460 4308/1736/1649
f 4296/1735/1648 4376/1736/1460 4369/1737/1460 4243/1738/1649
f 4292/1735/1636 4374/1736/1448 4376/1737/1448 4296/1738/1651
f 4244/1735/1465 4384/1736/1465 4392/1737/1465 4349/1738/1465
f 4287/1735/1642 4389/1736/1641 4386/1737/1641 4284/1738/1642
f 4272/1735/1643 4391/1736/1644 4385/1737/1644 4259/1738/1643
f 4285/1735/1436 4387/1738/1436 4385/1737/1436 4282/1736/1436
f 4284/1735/1436 4386/1738/1436 4388/1737/1436 4289/1736/1436
f 4349/1735/1465 4392/1736/1465 4390/1737/1465 4309/1738/1465
f 4251/1941/1465 4352/1942/1465 4345/1943/1465 4249/1944/1465
f 4252/1945/1436 4250/1946/1436 4351/1947/1436 4353/1948/1436
f 4317/1841/1460 4347/1843/1460 4256/1845/1460 4316/1844/1460
f 4464/1958/1436 4463/1738/1436 4466/1959/1436 4465/1960/1436
f 4486/1735/1465 4487/1738/1465 4467/1737/1465 4477/1736/1465
f 4488/1735/1465 4486/1738/1465 4477/1737/1465 4469/1736/1465
f 4489/1735/1465 4488/1738/1465 4469/1737/1465 4482/1736/1465
f 4490/1735/1465 4489/1736/1465 4482/1737/1465 4470/1738/1465
f 4491/1735/1460 4490/1736/1460 4470/1737/1460 4474/1738/1460
f 4492/1735/1658 4491/1736/1460 4474/1737/1460 4471/1738/1657
f 4492/1735/1658 4471/1736/1657 4481/1737/1669 4493/1738/1669
f 4441/1735/1659 4492/1736/1658 4493/1737/1669 4444/1738/1669
f 4441/1735/1659 4459/1736/1460 4491/1737/1460 4492/1738/1658
f 4459/1735/1460 4448/1736/1460 4490/1737/1460 4491/1738/1460
f 4448/1735/1465 4458/1736/1465 4489/1737/1465 4490/1738/1465
f 4458/1735/1465 4447/1738/1465 4488/1737/1465 4489/1736/1465
f 4447/1735/1465 4456/1738/1465 4486/1737/1465 4488/1736/1465
f 4456/1735/1465 4451/1738/1465 4487/1737/1465 4486/1736/1465
f 4340/1735/1659 4341/1736/1658 4493/1737/1669 4481/1738/1669
f 4341/1735/1658 4247/1736/1657 4444/1737/1669 4493/1738/1669
f 4473/1961/1459 4495/1962/1459 4496/1963/1459 4465/1964/1459
f 4465/1964/1459 4466/1965/1459 4473/1961/1459
f 4452/1735/1459 4496/1736/1459 4495/1737/1459 4461/1738/1459
f 4461/1735/1459 4495/1736/1459 4494/1737/1459 4450/1738/1459
f 4473/1735/1459 4468/1736/1459 4494/1737/1459 4495/1738/1459
f 4450/1735/1465 4494/1736/1465 4487/1737/1465 4451/1738/1465
f 4468/1735/1465 4467/1736/1465 4487/1737/1465 4494/1738/1465
f 4497/1735/1436 4498/1738/1436 4462/1737/1436 4476/1736/1436
f 4499/1735/1436 4497/1738/1436 4476/1737/1436 4463/1736/1436
f 4498/1735/1670 4500/1736/1670 4479/1737/1670 4462/1738/1670
f 4500/1735/1670 4445/1736/1670 4248/1737/1670 4501/1738/1670
f 4479/1735/1670 4500/1736/1670 4501/1737/1670 4342/1738/1670
f 4442/1735/1670 4445/1736/1670 4500/1737/1670 4498/1738/1670
f 4449/1735/1436 4455/1738/1436 4497/1737/1436 4499/1736/1436
f 4455/1735/1436 4442/1738/1436 4498/1737/1436 4497/1736/1436
f 4503/1966/1451 4464/1958/1451 4465/1960/1451 4502/1967/1451
f 4465/1735/1459 4496/1968/1459 4505/1969/1459 4502/1970/1459
f 4496/1971/1459 4452/1972/1459 4504/1973/1459 4505/1974/1459
f 4452/1972/1459 4236/1855/1459 4504/1973/1459
f 4507/1975/1460 4499/1762/1460 4464/1735/1460 4503/1976/1460
f 4499/1977/1460 4507/1978/1460 4506/1979/1460 4449/1980/1460
f 4449/1980/1460 4506/1979/1460 4235/1981/1460
usemtl ceiling_grid
f 3931/1735/1451 4089/1736/1451 4181/1737/1451 4185/1738/1451
f 3932/1735/1451 3931/1736/1451 4185/1737/1451 4189/1738/1451
f 3940/1735/1451 3932/1736/1451 4189/1737/1451 4193/1738/1451
f 4190/1735/1451 4194/1736/1451 4193/1737/1451 4189/1738/1451
f 4186/1735/1451 4190/1736/1451 4189/1737/1451 4185/1738/1451
f 4187/1735/1451 4191/1736/1451 4190/1737/1451 4186/1738/1451
f 4188/1735/1451 4192/1736/1451 4191/1737/1451 4187/1738/1451
f 4192/1735/1451 4196/1736/1451 4195/1737/1451 4191/1738/1451
f 4191/1735/1451 4195/1736/1451 4194/1737/1451 4190/1738/1451
f 4184/1735/1451 4188/1736/1451 4187/1737/1451 4183/1738/1451
f 4154/1735/1451 4188/1736/1451 4184/1737/1451 4152/1738/1451
f 4155/1735/1451 4192/1736/1451 4188/1737/1451 4154/1738/1451
f 4183/1735/1451 4187/1736/1451 4186/1737/1451 4182/1738/1451
f 4182/1735/1451 4186/1736/1451 4185/1737/1451 4181/1738/1451
f 3954/1735/1451 4181/1738/1451 4089/1737/1451 3851/1736/1451
f 4184/1737/1451 3955/1782/1451 3953/1762/1451
f 4182/1735/1451 3952/1783/1451 4009/1784/1451
f 4008/1735/1451 4183/1738/1451 4182/1737/1451 4009/1736/1451
f 4181/1785/1451 3954/1737/1451 3952/1783/1451 4182/1735/1451
f 4152/1735/1451 4184/1736/1451 3953/1737/1451 3951/1738/1451
f 4183/1786/1451 4008/1787/1451 3955/1782/1451 4184/1737/1451
f 4153/1735/1451 4196/1736/1451 4192/1737/1451 4155/1738/1451
f 3863/1735/1451 3865/1736/1451 4196/1737/1451 4153/1738/1451
f 3921/1735/1451 3922/1736/1451 4194/1737/1451 4195/1738/1451
f 3940/1735/1451 4193/1736/1451 3866/1737/1451 3852/1738/1451
f 4194/2065/1451 3922/2066/1451 3864/2067/1451 4193/2068/1451
f 4195/1738/1451 4196/2164/1451 3865/1736/1451 3867/2165/1451
f 3867/2165/1451 3921/2008/1451 4195/1738/1451
f 3864/2067/1451 3866/2166/1451 4193/2068/1451
usemtl platform
f 4393/1735/1644 4381/1736/1643 4310/1737/1643 4387/1738/1644
f 4311/1735/1451 4378/1738/1451 4381/1737/1643 4258/1736/1643
f 4275/1834/1451 4274/1835/1451 4378/1836/1451
f 4382/1735/1451 4377/1738/1643 4285/1737/1643 4361/1736/1451
f 4365/1735/1645 4318/1736/1645 4309/1737/1655 4364/1738/1656
f 4366/1735/1656 4319/1736/1647 4318/1737/1645 4365/1738/1645
f 4306/1735/1646 4366/1736/1656 4365/1737/1645 4304/1738/1645
f 4304/1735/1645 4365/1736/1645 4364/1737/1656 4305/1738/1647
f 4372/1735/1451 4382/1738/1451 4361/1737/1451 4286/1736/1451
f 4305/1735/1647 4364/1738/1656 4382/1737/1451 4372/1736/1451
f 4364/1735/1656 4309/1738/1655 4377/1737/1643 4382/1736/1451
f 4390/1735/1644 4258/1736/1643 4381/1737/1643 4393/1738/1644
f 4309/1735/1655 4390/1736/1644 4393/1737/1644 4377/1738/1643
f 4377/1735/1643 4393/1736/1644 4387/1737/1644 4285/1738/1643
f 4340/1735/1662 4481/1736/1663 4485/1737/1663 4480/1738/1664
f 4339/1735/1451 4480/1740/1664 4343/1738/1451
f 4338/1735/1451 4366/1736/1656 4306/1737/1646
f 4319/1735/1647 4366/1736/1656 4344/1737/1451
f 4344/1735/1451 4366/1736/1656 4338/1737/1451
f 4381/1953/1643 4278/1954/1451 4310/1955/1643
f 4378/1836/1451 4274/1835/1451 4278/1954/1451 4381/1953/1643
f 4485/1735/1663 4483/1736/1664 4462/1737/1667 4479/1738/1663
f 4484/1735/1451 4475/1736/1643 4462/1737/1667 4483/1738/1664
f 4478/1735/1644 4477/1736/1644 4467/1737/1643 4472/1738/1643
f 4473/1735/1451 4472/1736/1643 4467/1737/1643 4468/1738/1451
f 4466/1735/1451 4463/1736/1643 4472/1737/1643 4473/1738/1451
f 4476/1735/1644 4478/1736/1644 4472/1737/1643 4463/1738/1643
f 4482/1735/1451 4469/1736/1643 4475/1737/1643 4484/1738/1451
f 4462/1735/1667 4475/1736/1643 4478/1737/1644 4476/1738/1644
f 4475/1735/1643 4469/1736/1643 4477/1737/1644 4478/1738/1644
f 4470/1735/1451 4482/1736/1451 4484/1737/1451 4474/1738/1451
f 4474/1735/1451 4484/1736/1451 4483/1737/1664 4471/1738/1668
f 4481/1735/1663 4471/1736/1668 4483/1737/1664 4485/1738/1663
f 4343/1738/1451 4480/1740/1664 4342/1737/1668
f 4480/1740/1664 4339/1735/1451 4340/1736/1662
f 4339/1735/1451 4343/1736/1451 4344/1737/1451 4338/1738/1451
f 4480/1735/1664 4485/1736/1663 4479/1737/1663 4342/1738/1668
o final_area_tunnel
v 4.133245 9.281708 -13.772448 0.7456 0.6761 0.5989
v 4.133240 9.281708 -13.897400 0.7565 0.6822 0.6145
v 4.133245 9.281708 -13.959948 0.7407 0.6748 0.6031
v 4.070639 9.406708 -13.897400 0.5074 0.4793 0.4039
v 4.070639 9.281708 -13.897400 0.8622 0.7940 0.6771
v 4.070643 9.281710 -13.959900 0.8420 0.7771 0.6666
v 4.070890 9.406708 -13.772448 0.6027 0.5453 0.5072
v 4.070890 9.281708 -13.772448 0.7661 0.7013 0.6196
v 4.133240 9.281708 -13.709900 0.6345 0.5871 0.5051
v 4.070639 9.406708 -13.709900 0.4629 0.4386 0.3397
v 4.070639 9.281708 -13.709900 0.7896 0.7280 0.6223
v 4.070890 9.406708 -13.584948 0.5569 0.5186 0.4578
v 4.070890 9.281708 -13.584948 0.7694 0.7201 0.5913
v 4.133240 9.281708 -13.522400 0.7110 0.6639 0.5514
v 4.133245 9.281708 -13.584948 0.6944 0.6384 0.5466
v 4.070639 9.406708 -13.522400 0.4254 0.4051 0.3005
v 4.070639 9.281708 -13.522400 0.7592 0.7144 0.5792
v 4.070890 9.406708 -13.397448 0.4989 0.4779 0.4073
v 4.070890 9.281708 -13.397448 0.7523 0.7111 0.5584
v 4.133240 9.281708 -13.334900 0.6824 0.6394 0.5091
v 4.133245 9.281708 -13.397448 0.6612 0.6195 0.5080
v 4.070639 9.406708 -13.334900 0.4157 0.3999 0.2861
v 4.070639 9.281708 -13.334900 0.7168 0.6789 0.5374
v 4.070890 9.406708 -13.209948 0.4271 0.4146 0.3388
v 4.070890 9.281708 -13.209948 0.7070 0.6716 0.5119
v 4.133245 9.281708 -13.022448 0.6030 0.5721 0.4354
v 4.133240 9.281708 -13.147400 0.6255 0.5923 0.4615
v 4.133245 9.281708 -13.209948 0.5943 0.5667 0.4328
v 4.070639 9.406708 -13.147400 0.3983 0.3848 0.2676
v 4.070639 9.281708 -13.147400 0.6278 0.5956 0.4620
v 4.070890 9.406708 -13.022448 0.4116 0.3963 0.2948
v 4.133240 9.281707 -12.959900 0.5864 0.5575 0.4176
v 4.070639 9.406707 -12.959900 0.4299 0.4164 0.2866
v 4.070639 9.281707 -12.959900 0.6892 0.6617 0.4785
v 4.070643 9.281709 -13.022400 0.6874 0.6574 0.4763
v 4.070890 9.406708 -12.834948 0.4030 0.3892 0.2770
v 4.070890 9.281708 -12.834948 0.6453 0.6202 0.4472
v 4.133240 9.281707 -12.772400 0.5834 0.5590 0.4044
v 4.133245 9.281707 -12.834948 0.5663 0.5400 0.4013
v 4.070639 9.281707 -12.772400 0.6650 0.6389 0.4500
v 3.508249 9.281708 -13.897400 0.7708 0.6963 0.6292
v 3.508245 9.281708 -13.959948 0.7586 0.7026 0.6548
v 3.570850 9.406708 -13.897400 0.4812 0.4522 0.3793
v 3.570850 9.281708 -13.897400 0.8732 0.8144 0.7226
v 3.570846 9.281710 -13.959900 0.9006 0.8596 0.7691
v 3.570599 9.406708 -13.772448 0.5968 0.5242 0.4839
v 3.570599 9.281708 -13.772448 0.7789 0.7135 0.6330
v 3.508245 9.281708 -13.772448 0.7371 0.6660 0.5937
v 3.570850 9.406708 -13.709900 0.4483 0.4228 0.3299
v 3.570850 9.281708 -13.709900 0.8130 0.7494 0.6305
v 3.570599 9.406708 -13.584948 0.5480 0.5059 0.4417
v 3.570599 9.281708 -13.584948 0.7881 0.7387 0.6059
v 3.508245 9.281708 -13.584948 0.7058 0.6460 0.5489
v 3.570850 9.406708 -13.522400 0.4381 0.4161 0.3175
v 3.570850 9.281708 -13.522400 0.7796 0.7301 0.5883
v 3.570599 9.406708 -13.397448 0.4977 0.4707 0.3996
v 3.570599 9.281708 -13.397448 0.7478 0.7041 0.5591
v 3.508249 9.281708 -13.334900 0.6658 0.6217 0.5015
v 3.508245 9.281708 -13.397448 0.6736 0.6285 0.5065
v 3.570850 9.406708 -13.334900 0.4031 0.3847 0.2763
v 3.570850 9.281708 -13.334900 0.7402 0.7020 0.5415
v 3.570599 9.406708 -13.209948 0.4626 0.4474 0.3573
v 3.570599 9.281708 -13.209948 0.7359 0.7023 0.5253
v 3.508249 9.281708 -13.147400 0.6384 0.6028 0.4634
v 3.508245 9.281708 -13.209948 0.5894 0.5583 0.4239
v 3.570850 9.406708 -13.147400 0.3989 0.3850 0.2652
v 3.570850 9.281708 -13.147400 0.6418 0.6041 0.4689
v 3.570599 9.406708 -13.022448 0.4111 0.4002 0.2989
v 3.570599 9.281708 -13.022448 0.7276 0.6977 0.5071
v 3.508245 9.281708 -12.834948 0.5997 0.5693 0.4171
v 3.508249 9.281707 -12.959900 0.5964 0.5660 0.4262
v 3.508245 9.281707 -13.022448 0.6074 0.5747 0.4324
v 3.570850 9.406707 -12.959900 0.3858 0.3710 0.2553
v 3.570850 9.281707 -12.959900 0.7167 0.6889 0.4948
v 3.570599 9.406708 -12.834948 0.4020 0.3856 0.2705
v 3.570599 9.281708 -12.834948 0.6425 0.6165 0.4453
v 3.570850 9.281707 -12.772400 0.6745 0.6512 0.4577
v 3.820745 8.469207 -13.709947 0.7709 0.7194 0.6219
v 4.133245 8.844207 -13.834947 0.8817 0.8105 0.7230
v 4.258245 8.531708 -13.834946 0.8850 0.8506 0.6864
v 4.133245 8.469207 -13.834947 0.8806 0.8228 0.7030
v 4.258245 8.469207 -13.834947 0.8805 0.8486 0.6755
v 3.820745 8.469207 -13.834948 0.8345 0.7862 0.7171
v 4.133245 8.469207 -14.022448 0.8638 0.8177 0.7098
v 4.258245 8.469207 -14.022448 0.8910 0.8829 0.6952
v 4.258245 9.219207 -14.022448 0.7322 0.7128 0.5512
v 4.258245 8.594207 -13.834947 0.8083 0.7803 0.6711
v 4.258245 8.594207 -14.022447 0.7836 0.7896 0.6753
v 4.195745 8.594207 -13.834947 0.9068 0.8598 0.7782
v 4.195745 8.531707 -13.834947 0.9807 0.9336 0.7948
v 4.195745 8.531707 -14.022447 0.7699 0.7702 0.6914
v 4.195745 8.594207 -14.022447 0.8518 0.8561 0.7580
v 4.258245 8.844207 -14.022448 0.7955 0.7742 0.6364
v 4.258245 8.531694 -14.022448 0.8988 0.8859 0.7333
v 4.258245 8.844207 -13.834947 0.8596 0.8139 0.7286
v 4.133245 9.219207 -13.834946 0.7471 0.6893 0.6049
v 4.258245 9.219207 -13.834947 0.7767 0.7258 0.6146
v 4.133245 9.281709 -13.834946 0.7375 0.6784 0.5967
v 3.508245 8.844206 -13.834947 0.8685 0.7792 0.6921
v 3.508245 8.469207 -13.834947 0.8579 0.7885 0.6694
v 3.508245 8.844206 -13.709947 0.7649 0.7127 0.5818
v 3.508245 8.469207 -14.022448 0.8510 0.8047 0.6766
v 3.383245 8.469207 -14.022448 0.8633 0.8549 0.6529
v 3.383245 9.219207 -14.022448 0.8115 0.8127 0.6820
v 3.508245 9.219207 -14.022448 0.8498 0.7779 0.6996
v 3.383245 8.594207 -13.834947 0.7551 0.6833 0.5523
v 3.383245 8.594207 -14.022447 0.7609 0.7532 0.6162
v 3.445745 8.594207 -13.834947 0.8198 0.7152 0.6027
v 3.445745 8.531707 -13.834947 0.9065 0.8182 0.6444
v 3.445745 8.531707 -14.022447 0.7132 0.7000 0.6142
v 3.445745 8.594207 -14.022447 0.7962 0.7787 0.6600
v 3.383245 8.844206 -14.022448 0.8214 0.8101 0.6926
v 3.383245 8.531694 -14.022448 0.8365 0.8210 0.6546
v 3.383245 8.844206 -13.834947 0.8121 0.7266 0.6135
v 3.383245 8.531708 -13.834946 0.8581 0.8282 0.6551
v 3.508245 9.219207 -13.834946 0.7746 0.7128 0.6246
v 3.383245 8.469207 -13.834947 0.8474 0.7926 0.5922
v 3.383245 9.219207 -13.834947 0.8179 0.7677 0.6721
v 3.508245 9.281709 -13.834946 0.7521 0.6878 0.6043
v 4.133245 8.844207 -13.522446 0.8101 0.7587 0.6224
v 4.258245 8.531708 -13.522445 0.7715 0.7386 0.5331
v 4.133245 8.469207 -13.522446 0.7844 0.7368 0.5797
v 4.133245 8.469207 -13.397446 0.7356 0.7049 0.5190
v 4.258245 8.469207 -13.522446 0.8196 0.7920 0.5768
v 3.820745 8.469207 -13.522447 0.7462 0.7050 0.5716
v 4.133245 8.469207 -13.709947 0.7718 0.7292 0.5719
v 4.258245 8.469207 -13.709947 0.8177 0.7943 0.5340
v 4.258245 9.219207 -13.709947 0.6808 0.6601 0.4577
v 4.133245 9.219207 -13.709947 0.7250 0.6771 0.5824
v 4.258245 8.594207 -13.522446 0.7013 0.6769 0.5308
v 4.258245 8.594207 -13.709946 0.6529 0.6326 0.4440
v 4.195745 8.594207 -13.522446 0.7655 0.7201 0.6005
v 4.195745 8.531707 -13.522446 0.8673 0.8230 0.6379
v 4.195745 8.531707 -13.709946 0.5862 0.5585 0.4208
v 4.195745 8.594207 -13.709946 0.6886 0.6620 0.4866
v 4.258245 8.844207 -13.709947 0.7000 0.6756 0.4953
v 4.133245 8.844207 -13.709947 0.7714 0.7273 0.5982
v 4.258245 8.531694 -13.709947 0.8040 0.7755 0.5358
v 4.258245 8.844207 -13.522446 0.7550 0.7225 0.5874
v 4.133245 9.219207 -13.522445 0.7169 0.6704 0.5436
v 4.258245 9.219207 -13.522446 0.7387 0.7087 0.5592
v 3.508245 9.219207 -13.397446 0.6790 0.6415 0.5049
v 3.508245 8.469207 -13.522446 0.8001 0.7498 0.5930
v 3.508245 8.469207 -13.709947 0.7594 0.7280 0.5523
v 3.383245 8.469207 -13.709947 0.9278 0.9404 0.7607
v 3.383245 9.219207 -13.709947 0.6711 0.6483 0.4514
v 3.508245 9.219207 -13.709947 0.7130 0.6539 0.5595
v 3.383245 8.594207 -13.522446 0.7010 0.6650 0.5064
v 3.383245 8.594207 -13.709946 0.6523 0.6309 0.4440
v 3.445745 8.594207 -13.522446 0.7763 0.7231 0.5927
v 3.445745 8.531707 -13.522446 0.8831 0.8343 0.6626
v 3.445745 8.531707 -13.709946 0.6142 0.5878 0.4478
v 3.445745 8.594207 -13.709946 0.6986 0.6716 0.4937
v 3.383245 8.844206 -13.709947 0.7144 0.6896 0.4983
v 3.383245 8.531694 -13.709947 0.8545 0.8409 0.6434
v 3.383245 8.844206 -13.522446 0.7486 0.7075 0.5662
v 3.383245 8.531708 -13.522445 0.8086 0.7837 0.5965
v 3.508245 9.219207 -13.522445 0.6939 0.6478 0.5294
v 3.383245 8.469207 -13.522446 0.8251 0.7959 0.5910
v 3.383245 9.219207 -13.522446 0.7435 0.7024 0.5440
v 3.508245 9.281708 -13.709947 0.6261 0.5699 0.4864
v 3.508245 9.281709 -13.522445 0.6867 0.6324 0.5247
v 4.133245 8.844207 -13.209945 0.7155 0.6764 0.5292
v 4.258245 8.531708 -13.209944 0.7437 0.7178 0.4939
v 4.133245 8.469207 -13.209945 0.7375 0.7017 0.5240
v 4.258245 8.469207 -13.209945 0.7904 0.7706 0.5337
v 3.820745 8.469207 -13.397446 0.7096 0.6727 0.5324
v 3.820745 8.469207 -13.209946 0.6545 0.6240 0.4791
v 4.258245 8.469207 -13.397446 0.7905 0.7709 0.5070
v 4.258245 9.219207 -13.397446 0.6382 0.6212 0.4200
v 4.133245 9.219207 -13.397446 0.7077 0.6737 0.5339
v 4.258245 8.594207 -13.209945 0.6796 0.6632 0.4785
v 4.258245 8.594207 -13.397445 0.6592 0.6403 0.4355
v 4.195745 8.594207 -13.209945 0.7201 0.6900 0.5221
v 4.195745 8.531707 -13.209945 0.8161 0.7835 0.5722
v 4.195745 8.531707 -13.397445 0.5973 0.5770 0.4041
v 4.195745 8.594207 -13.397445 0.6625 0.6406 0.4464
v 4.133245 8.844207 -13.397446 0.7006 0.6688 0.5109
v 4.258245 8.531694 -13.397446 0.7369 0.7152 0.4804
v 4.133245 9.219207 -13.209944 0.6411 0.6103 0.4675
v 4.258245 9.219207 -13.209945 0.6839 0.6655 0.4871
v 3.383245 8.531708 -13.209944 0.7888 0.7631 0.5463
v 3.508245 8.469207 -13.209945 0.7586 0.7215 0.5368
v 3.508245 8.469207 -13.084945 0.7012 0.6788 0.4664
v 3.383245 8.469207 -13.209945 0.8076 0.7844 0.5429
v 3.508245 8.844206 -13.084945 0.6624 0.6379 0.4565
v 3.383245 8.531694 -13.397445 0.7604 0.7376 0.5194
v 3.508245 8.469207 -13.397446 0.7177 0.6913 0.4883
v 3.383245 8.469207 -13.397446 0.8016 0.7828 0.5232
v 3.383245 9.219207 -13.397446 0.6562 0.6395 0.4273
v 3.383245 8.594207 -13.209945 0.6648 0.6418 0.4559
v 3.383245 8.594207 -13.397445 0.6527 0.6353 0.4252
v 3.445745 8.594207 -13.209945 0.7263 0.6903 0.5200
v 3.445745 8.531707 -13.209945 0.8141 0.7782 0.5675
v 3.445745 8.531707 -13.397445 0.5937 0.5729 0.4029
v 3.445745 8.594207 -13.397445 0.6684 0.6465 0.4468
v 3.508245 8.844206 -13.397446 0.7347 0.7014 0.5247
v 3.383245 8.844206 -13.209945 0.7013 0.6751 0.4927
v 3.508245 9.219207 -13.209944 0.6422 0.6092 0.4613
v 3.383245 9.219207 -13.209945 0.6615 0.6375 0.4600
v 4.258245 8.469207 -13.084944 0.7686 0.7507 0.4892
v 4.133245 8.844207 -12.897444 0.6731 0.6417 0.4746
v 4.133245 8.469207 -12.897444 0.6897 0.6594 0.4711
v 4.258245 8.469207 -12.897444 0.7785 0.7617 0.5083
v 4.258245 8.531694 -13.084944 0.7229 0.7043 0.4640
v 3.820745 8.469207 -13.084945 0.6527 0.6270 0.4658
v 3.820745 8.469207 -12.897445 0.6402 0.6176 0.4419
v 4.133245 8.469207 -13.084945 0.7017 0.6775 0.4748
v 4.258245 9.219207 -13.084945 0.6334 0.6185 0.4056
v 4.133245 9.219207 -13.084945 0.6175 0.5903 0.4438
v 4.258245 8.594207 -12.897444 0.6682 0.6530 0.4447
v 4.258245 8.594207 -13.084944 0.6560 0.6404 0.4200
v 4.195745 8.594207 -12.897444 0.6133 0.5896 0.4372
v 4.195745 8.531707 -12.897444 0.7707 0.7459 0.5216
v 4.195745 8.531707 -13.084944 0.5534 0.5364 0.3649
v 4.195745 8.594207 -13.084944 0.6548 0.6370 0.4270
v 4.258245 8.844207 -13.084945 0.6494 0.6321 0.4229
v 4.133245 8.844207 -13.084945 0.6498 0.6261 0.4550
v 4.258245 8.844207 -12.897444 0.6721 0.6561 0.4574
v 4.258245 8.531707 -12.897443 0.6905 0.6699 0.4492
v 4.133245 9.219207 -12.897443 0.6128 0.5885 0.4271
v 4.258245 9.219207 -12.897444 0.6740 0.6595 0.4493
v 4.133245 9.281708 -13.084945 0.6118 0.5821 0.4383
v 4.133245 9.281709 -12.897443 0.5960 0.5701 0.4176
v 3.508245 8.844206 -12.897444 0.6982 0.6632 0.4931
v 3.383245 8.531707 -12.897443 0.6016 0.5793 0.4157
v 3.508245 8.469207 -12.897444 0.7163 0.6874 0.4994
v 3.508245 8.469207 -12.772444 0.6636 0.6456 0.4332
v 3.383245 8.531694 -13.084944 0.7415 0.7187 0.4993
v 3.383245 8.469207 -13.084945 0.7857 0.7675 0.5074
v 3.383245 9.219207 -13.084945 0.6210 0.6059 0.3987
v 3.508245 9.219207 -13.084945 0.6520 0.6221 0.4620
v 3.383245 8.594207 -12.897444 0.5210 0.5082 0.3353
v 3.383245 8.594207 -13.084944 0.6599 0.6436 0.4225
v 3.445745 8.594207 -12.897444 0.7076 0.6828 0.4847
v 3.445745 8.531707 -12.897444 0.8108 0.7791 0.5628
v 3.445745 8.531707 -13.084944 0.5589 0.5408 0.3709
v 3.445745 8.594207 -13.084944 0.6569 0.6385 0.4310
v 3.383245 8.844206 -13.084945 0.6447 0.6270 0.4221
v 3.383245 8.844206 -12.897444 0.5547 0.5405 0.3645
v 3.508245 9.219207 -12.897443 0.6295 0.5994 0.4388
v 3.383245 8.469207 -12.897444 0.5699 0.5531 0.3769
v 3.383245 9.219207 -12.897444 0.5321 0.5196 0.3455
v 3.508245 9.281708 -13.084945 0.6402 0.6085 0.4549
v 3.508245 9.281709 -12.897443 0.6035 0.5760 0.4205
v 3.820745 8.469207 -12.772444 0.6487 0.6271 0.4387
v 3.508245 9.219207 -12.772444 0.6314 0.6108 0.4184
v 3.508245 9.281708 -12.772444 0.6446 0.6265 0.4210
v 3.508245 9.219207 -14.116198 0.7950 0.6639 0.6011
v 3.508245 8.469207 -14.147448 0.8053 0.6709 0.6163
v 3.820745 8.469207 -14.147448 0.8542 0.7258 0.6632
v 3.820745 8.469207 -14.022448 0.8388 0.7401 0.6759
v 4.133245 9.219207 -14.147448 0.8439 0.7364 0.6994
v 4.133245 8.469207 -14.147448 0.9020 0.6763 0.6087
v 4.133245 9.219207 -14.022448 0.8082 0.7394 0.6438
v 4.133245 8.844207 -14.022448 0.8770 0.8196 0.7356
v 4.258245 8.484829 -14.241196 0.7839 0.5661 0.5128
v 3.371785 8.484829 -14.241196 0.7890 0.5787 0.5324
v 3.815014 8.484829 -14.241196 0.9611 0.7205 0.6562
v 4.258245 9.187960 -14.220201 0.5639 0.4271 0.4051
v 3.371784 8.469207 -14.147448 0.6964 0.4913 0.4604
v 3.508914 8.484829 -14.241196 0.8236 0.6409 0.5898
v 4.125699 8.484829 -14.241196 0.9355 0.6617 0.6047
v 4.258245 8.469207 -14.147448 0.6149 0.3970 0.3671
v 4.258245 9.219210 -14.147449 0.7501 0.5966 0.5831
v 3.508245 9.219207 -14.116198 0.7950 0.6639 0.6011
v 3.508245 9.281709 -14.022448 0.6397 0.6543 0.5941
v 4.133245 9.281709 -14.022448 0.5446 0.5331 0.4484
v 4.133245 9.219207 -14.116198 0.8579 0.7479 0.6895
v 3.508245 9.219207 -14.220199 0.6150 0.5392 0.4859
v 4.133245 9.219207 -14.220199 0.6612 0.5912 0.5470
v 3.820745 9.281709 -13.959899 0.5661 0.5552 0.5353
v 4.133245 8.469207 -12.459942 0.6728 0.6536 0.4483
v 3.820745 8.469207 -12.647443 0.6132 0.5910 0.4166
v 3.820745 8.469207 -12.459943 0.6091 0.5888 0.4091
v 3.820745 8.469207 -12.272441 0.5902 0.5709 0.3941
v 3.820745 8.469207 -12.147442 0.5486 0.5307 0.3695
v 4.133245 8.469207 -12.272441 0.6245 0.6047 0.4166
v 4.258245 8.469207 -12.459941 0.5975 0.5824 0.3872
v 4.258245 8.469207 -12.272441 0.6331 0.6168 0.4077
v 4.258245 8.531694 -12.459941 0.5922 0.5750 0.3791
v 4.258245 9.219207 -12.459942 0.7068 0.6894 0.4601
v 4.133245 9.219207 -12.459942 0.5606 0.5396 0.3772
v 4.258245 8.594207 -12.272441 0.6943 0.6770 0.4512
v 4.258245 8.594207 -12.459941 0.6987 0.6809 0.4533
v 4.195745 8.594207 -12.272441 0.5535 0.5364 0.3687
v 4.195745 8.531707 -12.272441 0.5634 0.5467 0.3768
v 4.195745 8.531707 -12.459941 0.5777 0.5585 0.3841
v 4.195745 8.594207 -12.459941 0.5850 0.5643 0.3905
v 4.258245 8.844207 -12.272441 0.6055 0.5870 0.4007
v 4.258245 8.531707 -12.272440 0.6020 0.5861 0.3876
v 4.133245 9.219207 -12.272440 0.5546 0.5346 0.3751
v 4.258245 9.219207 -12.272441 0.6549 0.6370 0.4288
v 4.258245 8.469207 -12.647442 1.5439 1.5141 0.9918
v 4.258245 8.531694 -12.647442 0.8675 0.8472 0.5553
v 4.133245 8.469207 -12.647443 0.6823 0.6615 0.4560
v 4.258245 9.219207 -12.647443 0.7157 0.6988 0.4590
v 4.133245 9.219207 -12.647443 0.5783 0.5540 0.3901
v 4.258245 8.594207 -12.647442 0.7457 0.7282 0.4775
v 4.195745 8.531707 -12.647442 0.6080 0.5898 0.4020
v 4.195745 8.594207 -12.647442 0.6011 0.5824 0.3987
v 4.133245 9.219207 -12.772444 0.5819 0.5587 0.4013
v 4.258245 8.469207 -12.772443 0.7234 0.7072 0.4580
v 4.258245 8.531694 -12.772443 0.6877 0.6707 0.4398
v 4.133245 8.469207 -12.772444 0.6909 0.6707 0.4566
v 4.258245 9.219207 -12.772444 0.6156 0.6011 0.3907
v 4.258245 8.594207 -12.772443 0.6354 0.6205 0.4056
v 4.195745 8.531707 -12.772443 0.7199 0.7015 0.4632
v 4.195745 8.594207 -12.772443 0.6573 0.6399 0.4240
v 4.133240 9.281707 -12.647443 0.5650 0.5433 0.3857
v 4.070639 9.281707 -12.647443 0.6724 0.6510 0.4502
v 4.133240 9.281707 -12.459942 0.5599 0.5406 0.3738
v 4.070639 9.281707 -12.459942 0.6622 0.6401 0.4409
v 4.133240 9.281707 -12.272440 0.5110 0.4912 0.3454
v 4.070639 9.281707 -12.272440 0.6546 0.6315 0.4307
v 4.133240 9.281707 -12.147397 0.4659 0.4413 0.3191
v 4.070639 9.406708 -12.772400 0.0000 0.0000 0.0000
v 3.570850 9.406708 -12.772400 0.5193 0.5057 0.3358
v 3.508245 9.406709 -12.772444 0.4203 0.4077 0.2752
v 4.070639 9.406708 -12.647443 0.2946 0.2857 0.1845
v 4.070639 9.406708 -12.459942 0.5195 0.5014 0.3476
v 4.070639 9.406708 -12.272440 0.4942 0.4715 0.3298
v 4.070639 9.406708 -12.210047 0.4754 0.4521 0.3218
v 4.070639 9.281707 -12.210047 0.5962 0.5765 0.3973
v 4.008246 9.406708 -12.210047 0.5081 0.4823 0.3457
v 3.820744 9.406708 -12.210047 0.5555 0.5300 0.3727
v 3.633243 9.406708 -12.210047 0.5805 0.5574 0.3908
v 3.508286 9.406708 -12.210047 0.4250 0.4017 0.3000
v 4.008246 9.281707 -12.210047 0.6040 0.5844 0.4055
v 4.008246 9.281707 -12.147446 0.6229 0.5999 0.4294
v 3.820744 9.281707 -12.210047 0.5935 0.5734 0.3983
v 3.820744 9.281707 -12.147446 0.6393 0.6118 0.4536
v 3.633243 9.281707 -12.210047 0.6154 0.5925 0.4177
v 3.633243 9.281707 -12.147446 0.6412 0.6132 0.4493
v 4.133244 9.219207 -12.147441 0.5801 0.5560 0.3922
v 4.133245 8.844207 -12.022441 0.5253 0.4999 0.3585
v 4.133245 8.469207 -12.147441 0.5815 0.5584 0.3834
v 3.633244 8.594207 -12.084941 0.5936 0.5700 0.4072
v 3.633244 8.531707 -12.084941 0.6786 0.6539 0.4670
v 3.633244 8.594207 -12.022441 0.5683 0.5486 0.3947
v 3.633243 9.219207 -12.147441 0.6363 0.6091 0.4424
v 3.633243 9.219207 -12.022441 0.6066 0.5817 0.4236
v 3.633243 8.469207 -12.147441 0.5267 0.5073 0.3493
v 3.633244 8.531694 -12.022441 0.4448 0.4308 0.2984
v 4.258245 8.469207 -12.147442 0.5322 0.5147 0.3460
v 4.258245 8.594207 -12.147442 0.5963 0.5783 0.3896
v 4.195745 8.594207 -12.147442 0.6436 0.6202 0.4282
v 4.195745 8.531707 -12.147442 0.6125 0.5890 0.4078
v 4.258245 8.531707 -12.147440 0.5154 0.4980 0.3320
v 4.258245 9.219207 -12.147441 0.5730 0.5544 0.3778
v 3.633244 8.469207 -12.022441 0.5462 0.5243 0.3772
v 4.008245 9.219207 -12.022441 0.6039 0.5801 0.4321
v 4.008246 9.219207 -12.147441 0.6008 0.5781 0.4165
v 4.008246 8.531707 -12.022441 0.4629 0.4474 0.3018
v 3.820744 8.844207 -12.022441 0.6513 0.6270 0.4582
v 3.820745 8.594207 -12.084941 0.6085 0.5863 0.4164
v 3.820745 8.531707 -12.084941 0.6352 0.6113 0.4405
v 4.008245 8.531707 -12.084941 0.6669 0.6428 0.4608
v 4.008245 8.594207 -12.084941 0.6231 0.6017 0.4248
v 3.820745 8.594207 -12.022441 0.5548 0.5330 0.3869
v 4.008245 8.594207 -12.022441 0.5559 0.5343 0.3855
v 3.820744 9.219207 -12.147441 0.6291 0.6018 0.4433
v 3.820744 9.219207 -12.022441 0.6057 0.5825 0.4255
v 3.820745 8.531694 -12.022441 0.4108 0.3945 0.2711
v 4.008245 8.469207 -12.022441 0.5291 0.5073 0.3704
v 3.820745 8.469207 -12.022441 0.5088 0.4857 0.3569
v 4.008245 8.469207 -12.147441 0.5280 0.5110 0.3525
v 3.508286 9.281707 -12.210047 0.4213 0.4006 0.2831
v 3.508286 9.281707 -12.147446 0.5055 0.4798 0.3406
v 4.133245 8.469207 -12.022441 0.3801 0.3528 0.2603
v 4.133245 8.594207 -12.022441 0.4235 0.4000 0.2962
v 4.133245 8.594207 -12.084941 0.5127 0.4891 0.3454
v 4.133245 8.531707 -12.084941 0.4690 0.4467 0.3203
v 4.133245 8.531707 -12.022441 0.3043 0.2867 0.1983
v 4.133245 9.219207 -12.022441 0.4757 0.4436 0.3308
v 2.508241 9.281708 -12.772442 0.3077 0.2976 0.1869
v 2.508241 9.281708 -12.459942 0.3144 0.3025 0.1898
v 2.508241 9.406708 -12.459942 0.2053 0.1887 0.1105
v 2.383289 9.281708 -12.772437 0.2924 0.2844 0.1755
v 2.320741 9.281708 -12.772442 0.2720 0.2619 0.1587
v 2.383289 9.406708 -12.458951 0.1933 0.1854 0.1098
v 2.383289 9.281708 -12.458951 0.2829 0.2693 0.1684
v 2.383289 9.406708 -12.709836 0.1490 0.1434 0.0826
v 2.383289 9.281708 -12.709836 0.2803 0.2681 0.1665
v 2.320789 9.281710 -12.709841 0.2755 0.2678 0.1654
v 2.508241 9.406708 -12.710087 0.1182 0.1130 0.0578
v 2.508241 9.281708 -12.710087 0.3106 0.2949 0.1829
v 2.695741 9.281708 -12.459942 0.3430 0.3317 0.2083
v 2.695741 9.406708 -12.459942 0.2040 0.1977 0.1180
v 2.570789 9.281708 -12.772437 0.2567 0.2452 0.1505
v 2.570789 9.406708 -12.458951 0.2543 0.2409 0.1477
v 2.570789 9.281708 -12.458951 0.3296 0.3184 0.2008
v 2.570789 9.406708 -12.709836 0.2358 0.2292 0.1375
v 2.570789 9.281708 -12.709836 0.3174 0.3042 0.1927
v 2.695741 9.406708 -12.710087 0.1460 0.1401 0.0796
v 2.695741 9.281708 -12.710087 0.3722 0.3627 0.2287
v 2.883241 9.281708 -12.459942 0.4188 0.4037 0.2611
v 2.883241 9.406708 -12.459942 0.2403 0.2331 0.1405
v 2.758289 9.281708 -12.772437 0.3628 0.3526 0.2225
v 2.695741 9.281708 -12.772442 0.3663 0.3569 0.2241
v 2.758289 9.406708 -12.458951 0.3159 0.3075 0.1937
v 2.758289 9.281708 -12.458951 0.3664 0.3522 0.2224
v 2.758289 9.406708 -12.709836 0.2988 0.2918 0.1806
v 2.758289 9.281708 -12.709836 0.3787 0.3676 0.2343
v 2.883241 9.406708 -12.710087 0.1880 0.1822 0.1067
v 2.883241 9.281708 -12.710087 0.4055 0.3932 0.2512
v 3.070741 9.281708 -12.459942 0.5216 0.5084 0.3306
v 3.070741 9.406708 -12.459942 0.2688 0.2620 0.1640
v 2.945789 9.281708 -12.772437 0.4143 0.4044 0.2583
v 2.883241 9.281708 -12.772442 0.3953 0.3844 0.2452
v 2.945789 9.406708 -12.458951 0.3760 0.3658 0.2327
v 2.945789 9.281708 -12.458951 0.4488 0.4357 0.2798
v 2.945789 9.406708 -12.709836 0.3554 0.3475 0.2196
v 2.945789 9.281708 -12.709836 0.4234 0.4112 0.2635
v 3.070741 9.406708 -12.710087 0.2057 0.1999 0.1168
v 3.070741 9.281708 -12.710087 0.4956 0.4840 0.3128
v 3.258241 9.281708 -12.772442 0.6040 0.5895 0.3818
v 3.258241 9.406708 -12.459942 0.3534 0.3441 0.2180
v 3.133288 9.281708 -12.772437 0.5221 0.5105 0.3305
v 3.070741 9.281708 -12.772442 0.4142 0.4026 0.2628
v 3.133289 9.406708 -12.458951 0.5117 0.5004 0.3244
v 3.133289 9.281708 -12.458951 0.5478 0.5318 0.3455
v 3.133289 9.406708 -12.709836 0.4785 0.4675 0.2991
v 3.133288 9.281708 -12.709836 0.5282 0.5163 0.3321
v 3.258241 9.406708 -12.710087 0.2817 0.2758 0.1691
v 3.445741 9.281708 -12.459942 0.6852 0.6664 0.4451
v 3.445741 9.406708 -12.459942 0.5616 0.5495 0.3515
v 3.320789 9.281708 -12.772437 0.6511 0.6364 0.4129
v 3.320789 9.406708 -12.458951 0.5904 0.5769 0.3745
v 3.258289 9.281710 -12.458956 0.6338 0.6143 0.4027
v 3.320789 9.406708 -12.709836 0.5615 0.5495 0.3542
v 3.320789 9.281708 -12.709836 0.6712 0.6556 0.4265
v 3.258288 9.281710 -12.709841 0.6076 0.5920 0.3861
v 3.445741 9.406708 -12.710087 0.5411 0.5298 0.3378
v 3.445741 9.281708 -12.710087 0.7166 0.7004 0.4597
v 3.445741 9.281708 -12.772442 0.6606 0.6448 0.4212
v 3.508289 9.281708 -12.458951 0.6606 0.6398 0.4344
v 3.508289 9.281708 -12.709836 0.6814 0.6583 0.4520
v 2.383289 9.281708 -12.147446 0.3155 0.3036 0.1883
v 2.320741 9.281708 -12.147442 0.3041 0.2961 0.1832
v 2.383289 9.406708 -12.210047 0.1796 0.1738 0.0984
v 2.383289 9.281708 -12.210047 0.2944 0.2762 0.1721
v 2.320789 9.281710 -12.210043 0.2747 0.2668 0.1664
v 2.508241 9.406708 -12.209796 0.1686 0.1508 0.0855
v 2.508241 9.281708 -12.209796 0.3249 0.3020 0.1907
v 2.508241 9.281708 -12.147442 0.3189 0.3036 0.1910
v 2.570789 9.406708 -12.210047 0.2332 0.2268 0.1372
v 2.570789 9.281708 -12.210047 0.3106 0.2985 0.1872
v 2.695741 9.406708 -12.209796 0.1350 0.1304 0.0706
v 2.695741 9.281708 -12.209796 0.3612 0.3436 0.2174
v 2.695741 9.281708 -12.147442 0.3858 0.3677 0.2324
v 2.758289 9.406708 -12.210047 0.3176 0.3115 0.2022
v 2.758289 9.281708 -12.210047 0.3514 0.3409 0.2172
v 2.883241 9.406708 -12.209796 0.1855 0.1810 0.1044
v 2.883241 9.281708 -12.209796 0.3891 0.3729 0.2366
v 2.945789 9.281708 -12.147446 0.4361 0.4210 0.2719
v 2.883241 9.281708 -12.147442 0.4074 0.3930 0.2513
v 2.945789 9.406708 -12.210047 0.3573 0.3485 0.2192
v 2.945789 9.281708 -12.210047 0.4111 0.4010 0.2559
v 3.070741 9.406708 -12.209796 0.2061 0.1998 0.1192
v 3.070741 9.281708 -12.209796 0.4738 0.4608 0.2984
v 3.133289 9.281708 -12.147446 0.5251 0.5115 0.3322
v 3.070741 9.281708 -12.147442 0.4150 0.4022 0.2624
v 3.133289 9.406708 -12.210047 0.4934 0.4817 0.3081
v 3.133289 9.281708 -12.210047 0.5274 0.5138 0.3334
v 3.258241 9.406708 -12.209796 0.2774 0.2711 0.1668
v 3.258241 9.281708 -12.209796 0.5599 0.5449 0.3584
v 3.445741 9.281708 -12.147442 0.5995 0.5792 0.3930
v 3.320789 9.281708 -12.147446 0.5817 0.5652 0.3770
v 3.258241 9.281708 -12.147442 0.5829 0.5678 0.3734
v 3.320789 9.281708 -12.460932 0.6432 0.6266 0.4106
v 3.320789 9.406708 -12.210047 0.5576 0.5444 0.3554
v 3.320789 9.281708 -12.210047 0.6005 0.5854 0.3895
v 3.445741 9.406708 -12.209796 0.5147 0.5037 0.3209
v 3.445741 9.281708 -12.209796 0.6477 0.6278 0.4190
v 2.570742 8.469208 -12.459942 0.3230 0.3141 0.1952
v 2.445742 8.844207 -12.772442 0.3015 0.2905 0.1794
v 2.445743 8.531708 -12.897442 0.3629 0.3101 0.2998
v 2.445742 8.469207 -12.772442 0.2856 0.2745 0.1874
v 2.445742 8.469207 -12.897442 0.2836 0.2516 0.2111
v 2.445741 8.469208 -12.459942 0.2738 0.2661 0.1666
v 2.258240 8.469208 -12.772442 0.3210 0.3121 0.2144
v 2.258240 8.469208 -12.897442 0.2475 0.2147 0.1892
v 2.258241 9.219207 -12.897442 0.1375 0.1281 0.0691
v 2.445742 8.594208 -12.897442 0.1925 0.1864 0.1075
v 2.258242 8.594208 -12.897442 0.1324 0.1259 0.0662
v 2.445742 8.594208 -12.834942 0.2422 0.2325 0.1424
v 2.445742 8.531708 -12.834942 0.2973 0.2704 0.2175
v 2.258242 8.531708 -12.834942 0.2725 0.2627 0.1728
v 2.258242 8.594208 -12.834942 0.2448 0.2371 0.1480
v 2.258241 8.844206 -12.897442 0.1880 0.1782 0.1052
v 2.258241 8.531695 -12.897442 0.3312 0.2810 0.2696
v 2.445742 8.844207 -12.897442 0.2609 0.2527 0.1530
v 2.445743 9.219208 -12.772442 0.2760 0.2672 0.1664
v 2.445742 9.219207 -12.897442 0.1523 0.1417 0.0771
v 2.445743 9.281709 -12.772442 0.2705 0.2625 0.1603
v 2.445742 8.469208 -12.147442 0.2094 0.2017 0.1213
v 2.570742 8.844207 -12.147442 0.3685 0.3537 0.2253
v 2.445742 8.844207 -12.147442 0.2839 0.2645 0.1609
v 2.258241 8.469208 -12.147442 0.2821 0.2698 0.1664
v 2.258241 8.469207 -12.022442 0.1268 0.1183 0.0714
v 2.258241 9.219207 -12.022442 0.1481 0.1418 0.0797
v 2.258241 9.219207 -12.147442 0.2799 0.2630 0.1617
v 2.445742 8.594207 -12.022442 0.1646 0.1550 0.0865
v 2.258242 8.594207 -12.022442 0.1533 0.1478 0.0824
v 2.445742 8.594207 -12.084942 0.1717 0.1633 0.0938
v 2.445742 8.531708 -12.084942 0.1704 0.1557 0.0935
v 2.258242 8.531707 -12.084942 0.2445 0.2368 0.1460
v 2.258242 8.594207 -12.084942 0.2516 0.2439 0.1497
v 2.258241 8.531694 -12.022442 0.1339 0.1237 0.1055
v 2.445743 8.531708 -12.022442 0.0885 0.0769 0.0484
v 2.445743 9.219208 -12.147442 0.2618 0.2506 0.1550
v 2.445742 8.469207 -12.022442 0.1118 0.0953 0.0529
v 2.445742 9.219207 -12.022442 0.1366 0.1237 0.0666
v 2.445742 8.844207 -12.022442 0.1642 0.1494 0.0851
v 2.445743 9.281709 -12.147442 0.2848 0.2705 0.1669
v 2.758243 8.844207 -12.772442 0.3339 0.3246 0.2059
v 2.758244 8.531708 -12.897442 0.3852 0.3317 0.3193
v 2.758243 8.469207 -12.772442 0.3251 0.3137 0.2150
v 2.883243 8.469207 -12.772442 0.4200 0.4088 0.2736
v 2.758243 8.469207 -12.897442 0.2640 0.2304 0.2049
v 2.758242 8.469207 -12.459942 0.3566 0.3474 0.2188
v 2.570742 8.469207 -12.772442 0.3457 0.3363 0.2297
v 2.570742 8.469208 -12.897442 0.2815 0.2524 0.2163
v 2.570742 9.219207 -12.897442 0.2047 0.1978 0.1194
v 2.570742 9.219207 -12.772442 0.3068 0.2984 0.1871
v 2.758243 8.594208 -12.897442 0.1970 0.1908 0.1100
v 2.570743 8.594208 -12.897442 0.1989 0.1944 0.1169
v 2.758243 8.594208 -12.834942 0.2292 0.2200 0.1366
v 2.758243 8.531708 -12.834942 0.3088 0.2826 0.2374
v 2.570743 8.531708 -12.834942 0.3418 0.3310 0.2190
v 2.570743 8.594208 -12.834942 0.3110 0.3027 0.1923
v 2.570742 8.844206 -12.897442 0.2640 0.2552 0.1570
v 2.570742 8.844206 -12.772442 0.3460 0.3359 0.2134
v 2.570742 8.531694 -12.897442 0.3541 0.3077 0.2919
v 2.758243 8.844207 -12.897442 0.2113 0.2046 0.1215
v 2.758244 9.219208 -12.772442 0.3630 0.3534 0.2240
v 2.758243 9.219207 -12.897442 0.1686 0.1627 0.0933
v 2.883243 9.219208 -12.147442 0.4012 0.3862 0.2473
v 2.758243 8.469208 -12.147442 0.2626 0.2548 0.1570
v 2.758243 8.844207 -12.147442 0.3266 0.3174 0.1990
v 2.570742 8.469208 -12.147442 0.3397 0.3306 0.2071
v 2.570742 8.469207 -12.022442 0.2279 0.2198 0.1368
v 2.570742 9.219207 -12.022442 0.2590 0.2518 0.1551
v 2.570742 9.219207 -12.147442 0.3310 0.3140 0.1966
v 2.758243 8.594207 -12.022442 0.1486 0.1407 0.0777
v 2.570743 8.594207 -12.022442 0.2472 0.2405 0.1448
v 2.758243 8.594207 -12.084942 0.2267 0.2179 0.1303
v 2.758243 8.531708 -12.084942 0.2190 0.2098 0.1316
v 2.570743 8.531707 -12.084942 0.3567 0.3468 0.2197
v 2.570743 8.594207 -12.084942 0.3271 0.3188 0.1988
v 2.570742 8.844207 -12.022442 0.2996 0.2910 0.1827
v 2.570742 8.531694 -12.022442 0.1810 0.1717 0.1231
v 2.758244 8.531708 -12.022442 0.1220 0.1103 0.0686
v 2.758244 9.219208 -12.147442 0.3607 0.3492 0.2205
v 2.758243 8.469207 -12.022442 0.1165 0.1060 0.0605
v 2.758243 9.219207 -12.022442 0.1652 0.1573 0.0887
v 2.758243 8.844207 -12.022442 0.2165 0.1964 0.1168
v 2.570742 9.281709 -12.147442 0.3019 0.2903 0.1825
v 2.758244 9.281709 -12.147442 0.3850 0.3741 0.2388
v 3.070744 8.844207 -12.772442 0.4185 0.4071 0.2609
v 3.070745 8.531708 -12.897442 0.3885 0.3424 0.3233
v 3.070744 8.469207 -12.772442 0.4025 0.3900 0.2685
v 3.070744 8.469207 -12.897442 0.2715 0.2395 0.2076
v 2.883243 8.469207 -12.459942 0.3768 0.3656 0.2348
v 3.070743 8.469207 -12.459942 0.4703 0.4563 0.2974
v 2.883243 8.469208 -12.897442 0.3423 0.3144 0.2484
v 2.883243 9.219207 -12.897442 0.3727 0.3632 0.2314
v 2.883243 9.219207 -12.772442 0.3926 0.3825 0.2461
v 3.070744 8.594207 -12.897442 0.2326 0.2257 0.1343
v 2.883244 8.594208 -12.897442 0.3193 0.3112 0.2014
v 3.070744 8.594207 -12.834942 0.3035 0.2950 0.1871
v 3.070744 8.531708 -12.834942 0.3279 0.3070 0.2520
v 2.883244 8.531708 -12.834942 0.4128 0.4008 0.2667
v 2.883244 8.594208 -12.834942 0.4197 0.4086 0.2650
v 2.883243 8.844206 -12.897442 0.3814 0.3718 0.2409
v 2.883243 8.844206 -12.772442 0.4404 0.4282 0.2766
v 2.883243 8.531694 -12.897442 0.3838 0.3447 0.3112
v 3.070744 8.844207 -12.897442 0.2618 0.2550 0.1558
v 3.070745 9.219208 -12.772442 0.4592 0.4473 0.2910
v 3.070744 9.219207 -12.897442 0.2070 0.2002 0.1166
v 3.070745 8.531708 -12.022442 0.1851 0.1748 0.1112
v 3.070744 8.469208 -12.147442 0.3570 0.3470 0.2205
v 3.195744 8.469207 -12.147442 0.5563 0.5426 0.3557
v 3.070744 8.469207 -12.022442 0.1500 0.1440 0.0840
v 3.195744 8.844207 -12.147442 0.5816 0.5669 0.3759
v 3.070744 8.844207 -12.147442 0.4499 0.4371 0.2842
v 2.883244 8.531694 -12.022442 0.2334 0.2242 0.1499
v 2.883243 8.469208 -12.147442 0.4273 0.4166 0.2657
v 2.883243 8.469207 -12.022442 0.3047 0.2950 0.1867
v 2.883243 9.219207 -12.022442 0.3608 0.3517 0.2218
v 3.070744 8.594207 -12.022442 0.2330 0.2266 0.1357
v 2.883244 8.594207 -12.022442 0.3374 0.3287 0.2071
v 3.070744 8.594207 -12.084942 0.2833 0.2734 0.1686
v 3.070744 8.531708 -12.084942 0.2575 0.2488 0.1524
v 2.883244 8.531707 -12.084942 0.4801 0.4681 0.3013
v 2.883244 8.594207 -12.084942 0.4552 0.4429 0.2858
v 2.883243 8.844207 -12.022442 0.3828 0.3733 0.2396
v 3.070745 9.219208 -12.147442 0.4885 0.4769 0.3081
v 3.070744 9.219207 -12.022442 0.2251 0.2183 0.1305
v 3.070744 8.844207 -12.022442 0.2953 0.2846 0.1758
v 3.195745 8.469208 -12.897442 0.4721 0.4537 0.3175
v 3.383245 8.844207 -12.772442 0.5585 0.5451 0.3538
v 3.383245 8.469207 -12.772442 0.6600 0.6446 0.4278
v 3.195745 8.531694 -12.897442 0.5260 0.4963 0.3796
v 3.195744 8.469207 -12.459942 0.5502 0.5372 0.3494
v 3.383244 8.469207 -12.459942 0.6609 0.6440 0.4259
v 3.195744 8.469207 -12.772442 0.6061 0.5898 0.3877
v 3.195744 9.219207 -12.897442 0.5519 0.5389 0.3479
v 3.195744 9.219207 -12.772442 0.5154 0.5001 0.3258
v 3.195745 8.594207 -12.897442 0.5138 0.5012 0.3250
v 3.383245 8.594207 -12.834942 0.4330 0.4227 0.2712
v 3.383245 8.531708 -12.834942 0.4625 0.4443 0.3261
v 3.195745 8.531707 -12.834942 0.6427 0.6275 0.4113
v 3.195745 8.594207 -12.834942 0.6432 0.6280 0.4097
v 3.195744 8.844206 -12.897442 0.6009 0.5867 0.3838
v 3.195744 8.844206 -12.772442 0.5947 0.5807 0.3806
v 3.383246 9.219208 -12.772442 0.6295 0.6141 0.4028
v 3.195744 9.281709 -12.772442 0.5247 0.5119 0.3322
v 3.383246 9.281709 -12.772442 0.6204 0.6055 0.4002
v 3.383245 8.531708 -12.022442 0.2631 0.2528 0.1623
v 3.383245 8.469207 -12.147442 0.5233 0.5089 0.3345
v 3.383245 8.844207 -12.147442 0.6022 0.5831 0.3901
v 3.195745 8.531694 -12.022442 0.3634 0.3530 0.2283
v 3.195744 8.469207 -12.022442 0.4492 0.4372 0.2872
v 3.195744 9.219207 -12.022442 0.5146 0.5008 0.3312
v 3.195744 9.219207 -12.147442 0.5299 0.5167 0.3372
v 3.383245 8.594207 -12.022442 0.3077 0.3006 0.1857
v 3.195745 8.594207 -12.022442 0.4689 0.4581 0.3011
v 3.383245 8.594207 -12.084942 0.4097 0.3985 0.2560
v 3.383245 8.531708 -12.084942 0.3391 0.3300 0.2116
v 3.195745 8.531707 -12.084942 0.5957 0.5815 0.3837
v 3.195745 8.594207 -12.084942 0.5814 0.5679 0.3716
v 3.195744 8.844207 -12.022442 0.5833 0.5679 0.3755
v 3.383246 9.219208 -12.147442 0.6304 0.6090 0.4186
v 3.383245 8.469207 -12.022442 0.2283 0.2211 0.1342
v 3.383245 9.219207 -12.022442 0.3059 0.2979 0.1848
v 3.383245 8.844207 -12.022442 0.3740 0.3621 0.2303
v 3.195744 9.281709 -12.147442 0.5405 0.5265 0.3462
v 3.383246 9.281709 -12.147442 0.6187 0.5946 0.4074
v 3.508245 8.469207 -12.459942 0.6541 0.6355 0.4347
v 2.133241 9.219207 -12.147442 0.2524 0.2341 0.1411
v 2.133241 8.469208 -12.147442 0.2698 0.2605 0.1568
v 2.133241 8.469208 -12.459942 0.2730 0.2574 0.1557
v 2.258241 8.469208 -12.459942 0.2734 0.2658 0.1632
v 2.133241 9.219207 -12.772442 0.3047 0.2777 0.1712
v 2.133240 8.469208 -12.772442 0.2743 0.2617 0.1587
v 2.258241 9.219207 -12.772442 0.2839 0.2731 0.1672
v 2.258241 8.844207 -12.772442 0.3383 0.3277 0.2060
v 2.133241 8.844207 -12.772442 0.2978 0.2829 0.1736
v 2.258241 9.281710 -12.147442 0.3165 0.3081 0.1922
v 2.258241 9.281710 -12.772442 0.3054 0.2978 0.1868
v 2.258241 9.281710 -12.459942 0.3408 0.3324 0.2080
v 2.258241 9.219208 -12.459942 0.2866 0.2643 0.1637
v 2.133241 9.219208 -12.459942 0.2799 0.2510 0.1535
v 2.320790 9.281710 -12.459942 0.3087 0.2997 0.1866
v 3.508289 9.406709 -12.458951 0.5502 0.5308 0.3693
v 3.508289 9.406709 -12.709836 0.4983 0.4837 0.3226
v 3.508245 9.406710 -12.147442 0.1486 0.1163 0.1350
v 3.508242 8.469207 -12.147441 0.5770 0.5569 0.3828
v 3.508242 8.469207 -12.022441 0.4206 0.3962 0.2910
v 3.508242 8.844207 -12.147441 0.6463 0.6198 0.4300
v 3.508242 8.594207 -12.022441 0.4571 0.4306 0.3091
v 3.508242 8.594207 -12.084941 0.5271 0.5027 0.3551
v 3.508242 8.531707 -12.084941 0.5011 0.4743 0.3341
v 3.508241 8.531708 -12.022441 0.3477 0.3324 0.2311
v 3.508241 9.219207 -12.147440 0.6290 0.6015 0.4233
v 3.508242 9.219207 -12.022441 0.5041 0.4731 0.3565
v 3.508242 8.844207 -12.022441 0.5618 0.5313 0.3855
v 3.820744 9.406708 -12.458951 0.6150 0.5942 0.4102
v 4.258245 8.844207 -13.397446 0.6686 0.6480 0.4484
v 4.258245 8.844207 -13.209945 0.6860 0.6666 0.4988
v 4.133245 8.844207 -14.147448 0.8621 0.7060 0.6303
v 4.258245 8.836394 -14.230698 0.8849 0.6341 0.5801
v 4.258245 8.844207 -14.147448 0.8226 0.5380 0.4994
v 4.258245 8.844207 -12.459942 0.6171 0.6004 0.4111
v 4.258245 8.844207 -12.647443 0.6226 0.6065 0.4072
v 4.258245 8.844207 -12.772444 0.6210 0.6050 0.3981
v 4.133245 8.844207 -12.772444 0.6514 0.6305 0.4329
v 4.133245 8.844207 -12.147442 0.6036 0.5795 0.4053
v 4.258245 8.844207 -12.147442 0.6222 0.6015 0.4126
v 3.633243 8.844207 -12.022441 0.6437 0.6167 0.4527
v 4.008245 8.844207 -12.022441 0.6591 0.6338 0.4624
v 2.258241 8.844207 -12.022442 0.1858 0.1772 0.1041
v 2.133241 8.844208 -12.147442 0.2625 0.2499 0.1503
v 2.258241 8.844208 -12.147442 0.3155 0.3045 0.1889
v 2.883243 8.844207 -12.147442 0.4607 0.4488 0.2889
v 3.508245 8.844207 -13.522446 0.7819 0.7247 0.6009
v 3.383245 8.844207 -13.397446 0.6937 0.6726 0.4656
v 3.508245 8.844207 -13.209945 0.7262 0.6833 0.5303
v 3.508245 8.844207 -12.772444 0.6515 0.6305 0.4319
v 3.508245 8.844207 -14.147448 0.8984 0.7392 0.6725
v 3.372049 8.852018 -14.230697 0.8824 0.6454 0.5941
v 3.371784 8.844208 -14.116198 0.8047 0.5325 0.4944
v 3.508245 8.844207 -14.022448 0.8518 0.7979 0.7019
v 3.371784 9.219207 -14.116198 0.6863 0.4311 0.3911
v 3.371785 9.187957 -14.220201 0.7634 0.5580 0.5091
vn -0.0000 -1.0000 -0.0000
vn -0.0000 -0.0000 1.0000
vn -1.0000 -0.0000 0.0020
vn -0.0000 -0.0000 -1.0000
vn -0.0000 -0.0002 -1.0000
vn -1.0000 0.0010 0.0010
vn 0.0377 -0.9981 0.0494
vn -0.0004 -0.0000 1.0000
vn 1.0000 -0.0000 0.0020
vn -1.0000 -0.0000 -0.0000
vn -0.0000 1.0000 -0.0000
vn -1.0000 -0.0001 -0.0000
vn 1.0000 -0.0000 -0.0000
vn 0.9984 0.0375 0.0419
vn 0.9981 0.0520 -0.0334
vn 0.9995 0.0305 -0.0000
vn -0.0000 0.9966 0.0825
vn -0.0000 0.9902 0.1394
vn -0.0000 0.9939 0.1099
vn -0.0000 0.9864 0.1644
vn -0.0105 0.9878 0.1551
vn -0.0076 0.9885 0.1508
vn 0.0478 0.9861 0.1594
vn 1.0000 0.0016 -0.0014
vn 0.9979 -0.0643 -0.0042
vn 0.9989 0.0120 -0.0452
vn 0.9999 -0.0133 -0.0078
vn 0.0565 -0.9956 0.0741
vn -0.1213 -0.9705 0.2084
vn -0.0007 -0.0000 1.0000
vn -0.0000 -0.0001 -1.0000
vn 0.0001 0.0001 -1.0000
vn 0.0002 0.0003 -1.0000
vn 0.0020 -0.0000 1.0000
vn -1.0000 -0.0004 -0.0000
vn -1.0000 -0.0003 -0.0000
vn 0.0010 0.0010 1.0000
vn 0.0020 -0.0000 -1.0000
vn -1.0000 -0.0002 -0.0001
vn -0.0000 -0.0001 1.0000
vn 1.0000 0.0002 0.0003
vn 1.0000 -0.0000 -0.0004
vn 1.0000 -0.0000 -0.0007
vn 1.0000 0.0004 0.0012
vn 0.9993 -0.0379 -0.0025
vn 0.1160 -0.9868 0.1127
vn 0.1125 -0.9826 0.1476
vn -0.1132 0.1031 -0.9882
vn -0.0738 0.0368 -0.9966
vn -0.0657 0.0752 -0.9950
vn -0.1544 -0.0005 -0.9880
vn -0.1425 0.0412 -0.9889
vn -0.1087 0.0915 -0.9899
vt 0.000000 0.999665
vt 0.000000 0.000335
vt 0.166667 -0.000000
vt 0.166667 1.000000
vt 0.000000 0.000000
vt 1.000000 0.000000
vt 1.000000 1.000000
vt 0.000000 1.000000
vt 0.285069 0.714921
vt 0.285069 0.572156
vt 0.427712 0.572166
vt 0.427712 0.714931
vt 0.427712 0.427833
vt 0.712673 0.427844
vt 0.712673 0.285641
vt 0.427712 0.285068
vt 0.713246 0.000572
vt 0.428286 -0.000000
vt 0.166667 0.999665
vt 0.166667 0.000335
vt 0.333333 -0.000000
vt 0.333333 1.000000
vt 0.333333 0.999665
vt 0.333333 0.000335
vt 0.500000 0.000000
vt 0.500000 1.000000
vt 0.500000 0.999665
vt 0.500000 0.000335
vt 0.666667 0.000000
vt 0.666667 1.000000
vt 0.666667 0.999665
vt 0.666667 0.000335
vt 0.833333 0.000000
vt 0.833333 1.000000
vt 0.833333 0.999665
vt 0.833333 0.000335
vt 1.000000 -0.000000
vt 1.000000 1.000000
vt 0.571429 0.000000
vt 0.571429 0.952381
vt 0.714286 0.952381
vt 0.714286 0.000000
vt 0.000000 0.000000
vt 0.000000 1.000000
vt 0.500000 -0.000000
vt -0.000000 1.000000
vt 0.000000 0.000000
vt 0.333333 0.000000
vt 0.244529 0.999993
vt 0.344510 1.000000
vt 0.344530 0.700000
vt 0.244529 0.699992
vt 0.600000 0.000000
vt 0.600000 1.000000
vt 1.000000 1.000000
vt 1.000000 -0.000000
vt 0.250000 0.500000
vt 0.500000 0.500000
vt 0.500000 0.000000
vt 0.333333 0.000000
vt 0.333333 1.000000
vt 0.666667 1.000000
vt 0.666667 0.000000
vt -0.000000 0.000000
vt 0.000001 1.000000
vt 0.000000 0.000000
vt 0.000000 1.000000
vt 0.600000 -0.000000
vt 0.000000 0.000000
vt 0.000000 0.300000
vt 0.600000 0.300000
vt 0.499999 0.833329
vt 0.250000 0.833329
vt 0.250000 0.499997
vt 0.500000 0.499997
vt 0.000000 1.000000
vt -0.000000 0.000000
vt 0.333333 0.000001
vt 0.333334 1.000000
vt 0.500000 1.000000
vt 0.500000 0.750050
vt 0.250000 0.750000
vt 0.333333 0.000000
vt 0.333331 1.000000
vt 0.000000 1.000000
vt 0.250000 0.500000
vt 0.500000 0.000000
vt 0.000000 0.500000
vt 0.250000 0.749999
vt 0.500000 1.000000
vt 0.000000 0.749999
vt 0.333334 0.000001
vt 0.333334 1.000000
vt 0.333332 0.000000
vt 0.333332 1.000000
vt -0.000000 0.999998
vt -0.000000 0.000000
vt 0.500001 0.833329
vt 0.500000 0.499999
vt 0.750000 0.499998
vt 0.750000 0.833329
vt 0.000000 0.000001
vt 0.333333 0.000000
vt 0.333333 1.000000
vt 0.000000 1.000000
vt 0.750000 0.000000
vt 0.500000 0.000000
vt 0.333332 0.000000
vt 0.333332 1.000000
vt 0.000000 0.999997
vt 0.000002 0.000000
vt 0.749999 0.833329
vt 0.500000 0.833329
vt 0.500000 0.499997
vt 0.750000 0.499997
vt 0.000000 1.000000
vt -0.000000 0.000000
vt 0.333333 1.000000
vt 0.750000 -0.000000
vt 0.500000 -0.000000
vt -0.000000 -0.000000
vt 0.333333 0.000000
vt 0.333331 1.000000
vt 0.000000 1.000000
vt -0.000000 0.000000
vt 0.333333 0.000003
vt 0.333333 1.000000
vt 0.000000 1.000000
vt 1.000000 -0.000000
vt 1.000000 0.499998
vt 0.750000 0.499999
vt 0.750000 -0.000000
vt 0.750001 0.833329
vt 1.000000 0.833329
vt 0.000000 0.000001
vt 0.333333 0.000000
vt 0.333333 0.999998
vt 0.000000 1.000000
vt 0.333332 0.000001
vt 0.333332 0.999997
vt 0.000000 1.000000
vt 0.000000 0.000000
vt 0.000002 1.000000
vt 0.333333 0.000002
vt 0.333332 1.000000
vt 0.000000 0.833329
vt 0.000000 0.333332
vt 0.250000 0.333332
vt 0.000001 0.000000
vt 0.250000 0.000000
vt 0.333333 0.000000
vt 0.333333 1.000000
vt 0.000000 0.999999
vt 0.000000 0.000000
vt 1.000000 0.000000
vt 1.000000 0.499997
vt 0.750000 0.499997
vt 0.750000 0.000000
vt 0.333333 0.000003
vt 0.333333 1.000000
vt 0.000000 0.833329
vt 0.000000 0.333331
vt 0.250000 0.333332
vt 0.250000 0.833329
vt 0.249999 0.000000
vt 0.000000 0.000000
vt -0.000000 1.000000
vt 0.333333 -0.000000
vt 0.500000 0.499998
vt 0.250000 0.499999
vt 0.250000 0.000000
vt 0.333333 0.000000
vt 0.333333 1.000000
vt 0.000000 1.000000
vt 0.000000 0.000000
vt 0.999999 0.833329
vt 0.750000 0.833329
vt -0.000000 -0.000000
vt 0.333333 0.000001
vt 0.333333 1.000000
vt 0.000000 0.454548
vt 0.545454 0.454548
vt 0.545453 0.727276
vt 0.000000 0.727276
vt 0.333333 0.000000
vt 0.333333 1.000000
vt 0.000000 1.000000
vt 0.000000 0.000000
vt 0.333338 0.000001
vt 0.333338 1.000000
vt -0.000000 0.999998
vt 0.000000 0.000000
vt 0.250001 0.833329
vt 0.500000 0.833329
vt 0.000000 1.000000
vt 0.000000 0.000000
vt 0.333333 0.000000
vt 0.250000 1.000000
vt -0.000000 0.999999
vt 0.000000 0.000002
vt 0.333333 0.000000
vt 0.333330 1.000000
vt 0.000000 0.000007
vt 0.333331 -0.000000
vt 0.333331 1.000000
vt 0.000000 0.981994
vt -0.000000 -0.000000
vt 0.298652 0.023712
vt 0.298652 1.000000
vt 0.097004 0.041663
vt 0.111000 0.510417
vt 0.000000 0.500000
vt 0.000000 0.002143
vt 0.304129 0.000000
vt 0.304129 1.000000
vt -0.000000 0.981664
vt 0.693068 0.999999
vt 0.000000 1.000000
vt 0.000000 0.004884
vt 0.693068 0.000000
vt 0.717036 -0.000000
vt 0.717036 1.000000
vt 0.000000 0.943070
vt 0.500000 0.000000
vt 0.500000 1.000000
vt -0.000000 1.000000
vt 0.000000 -0.000000
vt 0.000000 0.000000
vt 0.333333 0.000000
vt 0.124997 0.979171
vt 0.000000 1.000000
vt 0.152667 0.510415
vt -0.000000 0.500002
vt -0.000000 -0.000000
vt 0.166663 0.020829
vt 0.166402 0.000000
vt 0.166402 1.000000
vt 0.000000 1.000000
vt 0.000000 0.000000
vt 0.285714 0.952381
vt 0.285714 -0.000000
vt 0.000000 0.952381
vt 0.266480 0.500000
vt 0.266480 1.000000
vt 0.166402 1.000000
vt 0.125048 0.500000
vt 0.125051 1.000000
vt 0.000000 0.999991
vt 0.436309 0.749998
vt 0.460951 0.250000
vt 0.153650 0.264340
vt 0.153650 0.750000
vt 0.999993 0.400001
vt 0.000000 0.400001
vt -0.000000 -0.000000
vt 0.999993 0.000000
vt 0.999994 0.000003
vt 0.999994 1.000000
vt 0.000000 0.600002
vt -0.000000 -0.000000
vt 0.999998 0.600004
vt 0.000001 0.600001
vt 0.000003 0.000000
vt 1.000000 0.000000
vt 0.999993 0.999997
vt -0.000000 1.000000
vt 0.999997 1.000000
vt 0.909109 0.454548
vt 1.000000 0.454548
vt 1.000000 0.727275
vt 0.909090 0.727276
vt 0.200000 0.000000
vt 0.200001 0.600000
vt 0.000000 0.600001
vt 0.000000 -0.000000
vt 0.200000 -0.000000
vt 0.199999 0.600001
vt 0.000000 0.600001
vt 0.399996 -0.000003
vt 0.399996 0.599993
vt 0.000000 0.599997
vt 0.909090 0.454549
vt 0.909090 0.727276
vt 0.000000 0.181819
vt 0.545454 0.181819
vt 0.000001 0.000000
vt 0.400000 0.000000
vt 0.400000 0.600002
vt 0.000001 0.600005
vt 0.333333 1.000000
vt 0.666667 1.000000
vt 0.666667 -0.000000
vt 0.333333 -0.000001
vt 0.909109 0.181819
vt 1.000000 0.181819
vt 0.000000 0.000000
vt 0.545454 0.000000
vt 0.399996 0.999997
vt 0.000000 0.400002
vt 0.399996 0.399999
vt 0.909090 0.181821
vt 1.000000 1.000000
vt 1.000000 0.000000
vt 0.399998 1.000000
vt 0.000000 0.400001
vt 0.399998 0.400001
vt 0.199999 1.000000
vt 0.000000 1.000000
vt 0.000000 0.400001
vt 0.199999 0.400001
vt 0.000000 0.000003
vt 0.399997 -0.000000
vt 0.333333 1.000000
vt 0.000002 -0.000000
vt 0.333333 0.000000
vt 0.199999 0.000000
vt 0.909110 0.000000
vt 1.000000 0.000000
vt 0.333333 0.999999
vt 0.666667 1.000000
vt 0.666667 0.333331
vt 0.333334 0.333331
vt 0.000000 0.000000
vt 0.000000 1.000000
vt 0.666669 1.000000
vt 0.666669 0.000000
vt 0.909090 0.000001
vt 0.399998 0.000000
vt 0.333334 1.000000
vt -0.000000 0.999999
vt 0.000001 0.000000
vt 0.333334 0.000000
vt -0.000000 0.000000
vt 0.200350 0.000000
vt 0.200350 0.399916
vt -0.000000 0.399916
vt 0.200350 1.000000
vt -0.000000 1.000000
vt 0.200294 0.000000
vt 0.200295 0.599920
vt 0.000000 0.599920
vt 0.999993 0.000003
vt 0.999993 0.599999
vt -0.000000 1.000000
vt 0.999993 1.000000
vt 0.000000 1.000000
vt 0.000000 0.249677
vt 0.500214 0.249677
vt 0.500214 0.999999
vt 0.000000 0.999997
vt 0.000002 1.000000
vt 0.000000 0.799025
vt 0.401275 0.799025
vt 0.401277 1.000000
vt 0.999995 0.000078
vt 0.555656 0.557423
vt 0.000000 -0.000000
vt 0.111319 0.000078
vt 0.400057 -0.000000
vt 0.400057 0.399916
vt 0.000000 0.399916
vt 0.000000 -0.000000
vt 0.400057 1.000000
vt 0.000000 1.000000
vt -0.000000 -0.000000
vt 0.500214 -0.000000
vt 0.200295 1.000000
vt 0.000000 0.799550
vt 0.363636 0.727276
vt 0.363636 0.909094
vt -0.000000 0.909094
vt -0.000000 0.727276
vt 0.000001 1.000000
vt 0.200001 1.000000
vt 0.000001 1.000000
vt 0.200000 1.000000
vt 0.909090 0.181817
vt 0.909090 0.000000
vt 1.000000 0.000001
vt 1.000000 0.181819
vt -0.000000 0.181821
vt -0.000000 0.000000
vt 0.363636 0.000000
vt 0.363636 0.181820
vt 0.909090 0.181820
vt 0.909090 0.454548
vt 0.363636 0.454548
vt 0.999999 0.727274
vt 1.000000 0.909095
vt 0.909090 0.909096
vt 0.909109 0.727274
vt 0.909089 0.727277
vt 0.545454 0.909094
vt 0.000000 0.909094
vt 1.000000 0.909092
vt 0.909090 0.909094
vt 0.909090 0.909094
vt 0.400000 1.000000
vt -0.000000 0.454549
vt 0.999999 0.454546
vt 0.909109 0.454546
vt 0.285069 -0.000000
vt 0.427712 0.000010
vt 0.000000 0.572156
vt 0.000000 0.000000
vt 0.427712 0.427844
vt 0.427712 0.712913
vt 0.998182 0.712913
vt 0.998182 0.427844
vt 0.000000 0.000999
vt 0.000000 1.000000
vt 0.497549 0.996057
vt 0.497549 -0.000000
vt 0.333333 0.000000
vt 0.333333 1.000000
vt 0.000000 1.000000
vt 0.000000 0.000000
vt 0.750001 -0.000000
vt 1.000000 0.000000
vt 1.000000 0.333330
vt 0.750000 0.333330
vt -0.000000 0.000000
vt 0.333332 0.000001
vt 0.333333 1.000000
vt -0.000000 1.000000
vt 0.000000 0.000000
vt 0.333333 0.000000
vt 0.333333 1.000000
vt 0.333333 1.000000
vt 0.000002 0.000000
vt 0.333331 -0.000000
vt 0.000000 -0.000000
vt 0.500000 -0.000000
vt 0.000000 1.000000
vt 0.699983 0.300003
vt 0.700004 0.600006
vt 0.600003 0.600005
vt 0.600003 0.300003
vt 0.300000 0.000000
vt 0.300002 0.400000
vt -0.000000 0.400000
vt 0.000000 0.000000
vt 0.300002 1.000000
vt -0.000000 1.000000
vt 0.333333 -0.000000
vt 0.333333 1.000000
vt -0.000000 -0.000000
vt 0.250001 0.000000
vt 0.500000 0.000000
vt 0.500000 0.333331
vt 0.250000 0.333330
vt 0.000000 1.000000
vt -0.000000 -0.000000
vt 0.333333 0.000001
vt 0.333333 1.000000
vt 0.250000 0.833329
vt 0.500000 0.833329
vt 0.000002 0.000000
vt 0.333332 -0.000000
vt 0.600024 0.300003
vt 0.600003 -0.000000
vt 0.700004 0.000001
vt 0.700004 0.300003
vt 0.600002 0.000000
vt 0.600003 0.400000
vt 0.300002 0.400000
vt 0.300002 0.000000
vt 0.600003 1.000000
vt 0.300002 1.000000
vt 0.500000 0.833328
vt 0.500000 0.333330
vt 0.750000 0.333331
vt 0.750000 0.833328
vt 0.500001 0.000000
vt 0.750000 0.000000
vt 0.000000 1.000000
vt 0.000000 0.000000
vt 0.333332 0.000001
vt 0.333333 1.000000
vt 0.333333 0.000000
vt 0.333333 1.000000
vt 0.333333 0.000000
vt 0.333333 1.000000
vt 0.700005 0.300019
vt 0.700005 0.600020
vt 0.600004 0.600012
vt 0.600025 0.300010
vt 0.600002 0.000000
vt 0.600004 0.400000
vt 0.300002 0.400000
vt 0.300002 0.000000
vt 0.600003 1.000000
vt 0.300002 1.000000
vt 0.000001 0.000001
vt 0.250000 0.000000
vt 0.250000 0.333331
vt -0.000000 0.333331
vt 0.000000 0.000001
vt 0.333332 0.000000
vt 0.333333 1.000000
vt 0.000000 0.833329
vt 0.250000 0.833329
vt 0.000000 0.000000
vt 0.333333 0.000002
vt 0.333329 0.999999
vt 0.000000 1.000000
vt 0.700005 0.000009
vt 0.700005 0.300010
vt 0.600004 0.300002
vt 0.600025 0.000000
vt 0.300000 0.000000
vt 0.300002 0.400000
vt 0.000000 0.400000
vt 0.000001 0.000000
vt 0.300001 1.000000
vt -0.000000 1.000000
vt 0.000000 0.000000
vt 0.333333 0.000000
vt 0.333331 1.000000
vt 0.000002 1.000000
vt 0.285714 0.476190
vt 0.000000 0.476190
vt 0.571429 0.476190
vt 0.714286 0.476190
vt 0.166402 0.500000
vt 0.166402 -0.000000
vt 0.266480 -0.000000
vt -0.000000 -0.000000
vt 0.401275 -0.000000
vt 0.000000 0.199711
vt 0.398737 0.199711
vt 0.398737 1.000000
vt 0.000000 0.000021
vt 0.398738 0.000000
vt 0.777740 0.000000
vt 0.999926 0.000000
vt 0.444344 0.442577
vt 0.444344 0.000000
vt 0.889058 0.000005
vt 0.999999 0.000005
vt 0.557423 0.444344
vt 0.555660 0.000005
vt 0.000078 0.000005
vt 0.222264 0.000005
vt 1.000000 0.000000
vt 0.442577 0.555656
vt 0.442579 0.000078
vt 0.888677 0.000078
vt 0.000005 0.000001
vt 0.110946 0.000000
vt 0.000000 0.000074
vt 0.909089 0.909094
vt 0.909090 0.000000
vt 0.333334 -0.000000
vt 0.333334 1.000000
vt 0.000001 1.000000
vt -0.000000 0.000001
vt 0.500000 0.000000
vt 0.250000 0.000000
vt 0.750000 0.833328
vt 1.000000 0.833328
vt 0.000002 1.000000
vt 0.000000 0.000000
vt 0.333333 0.000000
vt 0.333332 1.000000
vt 0.138671 0.958333
vt 0.000000 1.000000
vt 0.558147 0.619497
vt 0.380503 0.619497
vt 0.380503 0.386410
vt 0.565903 0.380503
vt 0.000000 0.500000
vt 0.181946 0.000003
vt 0.181946 0.500002
vt 0.181946 1.000000
vt 0.000000 1.000000
vt 0.181946 0.666668
vt -0.000000 0.000009
vt 0.125050 -0.000000
s 1
usemtl regular_walls
f 4668/2171/1703 4669/2172/1703 4630/2173/1703 4629/2174/1703
f 4675/2171/1702 4672/2172/1702 4633/2173/1702 4636/2174/1702
f 4627/2175/1702 4630/2176/1702 4631/2177/1702 4628/2178/1702
f 4627/2179/1702 4626/2180/1702 4633/2181/1702 4630/2182/1702
f 4630/2182/1704 4633/2181/1704 4632/2183/1704 4629/2184/1704
f 4677/2171/1705 4676/2172/1705 4637/2173/1705 4638/2174/1705
f 4674/2171/1703 4675/2172/1703 4636/2173/1703 4635/2174/1703
f 4680/2171/1702 4677/2172/1702 4638/2173/1702 4642/2174/1702
f 4634/2175/1702 4636/2176/1702 4633/2177/1702 4626/2178/1702
f 4634/2179/1702 4640/2180/1702 4638/2181/1702 4636/2182/1702
f 4636/2182/1704 4638/2181/1704 4637/2183/1704 4635/2184/1704
f 4682/2171/1705 4681/2172/1705 4643/2173/1705 4644/2174/1705
f 4679/2171/1703 4680/2172/1703 4642/2173/1703 4641/2174/1703
f 4686/2171/1702 4682/2172/1702 4644/2173/1702 4648/2174/1702
f 4639/2175/1702 4642/2176/1702 4638/2177/1702 4640/2178/1702
f 4639/2179/1702 4646/2180/1702 4644/2181/1702 4642/2182/1702
f 4642/2182/1704 4644/2181/1704 4643/2183/1704 4641/2184/1704
f 4688/2171/1705 4687/2172/1705 4649/2173/1705 4650/2174/1705
f 4685/2171/1703 4686/2172/1703 4648/2173/1703 4647/2174/1703
f 4694/2171/1706 4693/2172/1706 4656/2173/1706 4660/2174/1706
f 4645/2175/1702 4648/2176/1702 4644/2177/1702 4646/2178/1702
f 4645/2179/1702 4653/2180/1702 4650/2181/1702 4648/2182/1702
f 4648/2182/1704 4650/2181/1704 4649/2183/1704 4647/2184/1704
f 4691/2171/1703 4692/2172/1703 4655/2173/1703 4654/2174/1703
f 4692/2171/1702 4688/2172/1702 4650/2173/1702 4655/2174/1702
f 4699/2171/1702 4694/2172/1702 4660/2173/1702 4659/2174/1702
f 4652/2175/1702 4655/2176/1702 4650/2177/1702 4653/2178/1702
f 4652/2179/1702 4651/2180/1702 4660/2181/1702 4655/2182/1702
f 4655/2182/1707 4660/2181/1707 4656/2183/1707 4654/2184/1707
f 4701/2171/1705 4700/2172/1705 4661/2173/1705 4662/2174/1705
f 4702/2171/1702 4701/2172/1702 4662/2173/1702 4665/2174/1702
f 4698/2171/1703 4699/2172/1703 4659/2173/1703 4658/2174/1703
f 4657/2175/1702 4659/2176/1702 4660/2177/1702 4651/2178/1702
f 4657/2179/1702 4664/2180/1702 4662/2181/1702 4659/2182/1702
f 4659/2182/1704 4662/2181/1704 4661/2183/1704 4658/2184/1704
f 4880/2205/1702 4730/2206/1702 4891/2207/1708 4894/2208/1702
f 4665/2171/1703 4942/2172/1703 4943/2173/1709 4702/2174/1709
f 4663/2175/1702 4665/2176/1702 4662/2177/1702 4664/2178/1702
f 4666/2175/1702 4667/2178/1702 4670/2177/1702 4669/2176/1702
f 4666/2179/1702 4669/2182/1702 4672/2181/1702 4673/2180/1702
f 4669/2182/1710 4668/2184/1710 4671/2183/1710 4672/2181/1710
f 4786/2175/1702 4673/2178/1702 4672/2177/1702 4675/2176/1702
f 4786/2179/1702 4675/2182/1702 4677/2181/1702 4678/2180/1702
f 4675/2182/1710 4674/2184/1710 4676/2183/1710 4677/2181/1710
f 4787/2175/1702 4678/2178/1702 4677/2177/1702 4680/2176/1702
f 4787/2179/1702 4680/2182/1702 4682/2181/1702 4684/2180/1702
f 4680/2182/1710 4679/2184/1710 4681/2183/1710 4682/2181/1710
f 4683/2175/1702 4684/2178/1702 4682/2177/1702 4686/2176/1702
f 4683/2179/1702 4686/2182/1702 4688/2181/1702 4690/2180/1702
f 4686/2182/1710 4685/2184/1710 4687/2183/1710 4688/2181/1710
f 4689/2175/1702 4690/2178/1702 4688/2177/1702 4692/2176/1702
f 4689/2179/1702 4692/2182/1702 4694/2181/1702 4697/2180/1702
f 4692/2182/1710 4691/2184/1710 4693/2183/1710 4694/2181/1710
f 4696/2175/1702 4697/2178/1702 4694/2177/1702 4699/2176/1702
f 4696/2179/1702 4699/2182/1702 4701/2181/1702 4695/2180/1702
f 4699/2182/1710 4698/2184/1710 4700/2183/1710 4701/2181/1710
f 4873/2175/1702 4695/2178/1702 4701/2177/1702 4702/2176/1702
f 4704/2209/1711 4706/2210/1711 4751/2192/1711 4762/2211/1711
f 4880/2212/1703 4881/2213/1703 4718/2214/1703 4711/2188/1703
f 4717/2223/1703 4713/2224/1703 4718/2225/1703 4881/2171/1703
f 4717/2226/1712 4714/2227/1712 4712/2228/1712 4713/2229/1712
f 4717/2226/1711 4716/2230/1711 4715/2231/1711 4714/2227/1711
f 4704/2242/1705 4721/2243/1705 4722/2244/1705 4720/2245/1705
f 4796/2212/1703 4803/2213/1703 5296/2214/1703 4795/2188/1703
f 4709/2174/1703 4710/2246/1703 4719/2247/1703 4716/2248/1703
f 4716/2248/1703 4717/2223/1703 4881/2171/1703 4709/2174/1703
f 4745/2171/1711 4803/2249/1711 4796/2250/1711 4765/2251/1711
f 4714/2252/1705 4704/2253/1705 4720/2171/1705 4712/2254/1705
f 4714/2252/1705 4715/2255/1705 4706/2256/1705 4704/2253/1705
f 4706/2256/1705 4715/2255/1705 4705/2257/1705 4707/2233/1705
f 4721/2171/1711 4754/2172/1711 4634/2173/1713 4723/2174/1711
f 4880/2171/1702 4711/2174/1702 4722/2173/1702 4721/2172/1702
f 4721/2171/1711 4723/2174/1711 4893/2173/1711 4880/2172/1711
f 4724/2171/1714 4726/2258/1714 4769/2259/1714 4725/2233/1714
f 4729/2260/1703 4737/2261/1703 5320/2262/1703 4730/2263/1703
f 4736/2223/1703 5320/2171/1703 4737/2225/1703 4732/2224/1703
f 4736/2226/1712 4732/2229/1712 4731/2228/1712 4733/2227/1712
f 4736/2226/1714 4733/2227/1714 4734/2231/1714 4735/2230/1714
f 4743/2268/1705 4741/2269/1705 4724/2270/1705 4739/2271/1705
f 4727/2174/1703 4735/2248/1703 4738/2247/1703 4728/2246/1703
f 4735/2248/1703 4727/2174/1703 5320/2171/1703 4736/2223/1703
f 4767/2274/1714 4822/2275/1714 5313/2276/1714 4783/2277/1714
f 4733/2252/1705 4731/2254/1705 4739/2171/1705 4724/2253/1705
f 4733/2252/1705 4724/2253/1705 4725/2256/1705 4734/2255/1705
f 4725/2256/1705 4742/2233/1705 4740/2257/1705 4734/2255/1705
f 4741/2171/1714 4744/2174/1714 4786/2173/1714 4772/2172/1714
f 4730/2171/1702 4741/2172/1702 4743/2173/1702 4729/2174/1702
f 4741/2171/1714 4730/2172/1714 4892/2173/1714 4744/2174/1714
f 4745/2209/1711 4747/2210/1711 4748/2192/1711 4803/2211/1711
f 4754/2212/1703 4762/2213/1703 4761/2214/1703 4753/2188/1703
f 4760/2223/1703 4756/2224/1703 4761/2225/1703 4762/2171/1703
f 4760/2226/1712 4757/2227/1712 4755/2228/1712 4756/2229/1712
f 4760/2226/1711 4759/2230/1711 4758/2231/1711 4757/2227/1711
f 4745/2282/1705 4765/2283/1705 4766/2244/1705 4764/2284/1705
f 4751/2174/1703 4752/2246/1703 4763/2247/1703 4759/2248/1703
f 4759/2248/1703 4760/2223/1703 4762/2171/1703 4751/2174/1703
f 4788/2287/1711 4843/2288/1711 4835/2289/1711 4805/2290/1711
f 4757/2252/1705 4745/2253/1705 4764/2171/1705 4755/2254/1705
f 4757/2252/1705 4758/2255/1705 4747/2256/1705 4745/2253/1705
f 4747/2256/1705 4758/2255/1705 4746/2257/1705 4749/2233/1705
f 4765/2171/1711 4796/2172/1711 4646/2173/1711 4639/2174/1713
f 4754/2171/1702 4753/2174/1702 4766/2173/1702 4765/2172/1702
f 4765/2171/1711 4639/2174/1713 4634/2173/1713 4754/2172/1711
f 5313/2291/1714 4822/2292/1714 4813/2293/1714 4768/2294/1714
f 4778/2223/1703 4726/2171/1703 4779/2225/1703 4774/2224/1703
f 4778/2226/1712 4774/2229/1712 4773/2228/1712 4775/2227/1712
f 4778/2226/1714 4775/2227/1714 4776/2231/1714 4777/2230/1714
f 4785/2301/1705 4783/2302/1705 5313/2303/1705 4781/2304/1705
f 4815/2305/1703 5314/2306/1703 4822/2307/1703 4767/2308/1703
f 4769/2174/1703 4777/2248/1703 4780/2247/1703 4770/2246/1703
f 4777/2248/1703 4769/2174/1703 4726/2171/1703 4778/2223/1703
f 4857/2309/1714 4811/2171/1714 5315/2310/1714 4824/2311/1714
f 4775/2252/1705 4773/2254/1705 4781/2171/1705 5313/2253/1705
f 4775/2252/1705 5313/2253/1705 4768/2256/1705 4776/2255/1705
f 4768/2256/1705 4784/2233/1705 4782/2257/1705 4776/2255/1705
f 4783/2171/1714 4787/2174/1714 4684/2173/1714 4767/2172/1714
f 4772/2171/1702 4783/2172/1702 4785/2173/1702 4771/2174/1702
f 4783/2171/1714 4772/2172/1714 4786/2173/1714 4787/2174/1714
f 4788/2209/1711 4790/2210/1711 4833/2192/1711 4843/2211/1711
f 4802/2223/1703 4798/2224/1703 5296/2225/1703 4803/2171/1703
f 4802/2226/1712 4799/2227/1712 4797/2228/1712 4798/2229/1712
f 4802/2226/1711 4801/2230/1711 4800/2231/1711 4799/2227/1711
f 4788/2317/1705 4805/2318/1705 4806/2319/1705 5297/2320/1705
f 4835/2212/1703 4843/2213/1703 4842/2214/1703 4834/2188/1703
f 4748/2174/1703 4794/2246/1703 4804/2247/1703 4801/2248/1703
f 4801/2248/1703 4802/2223/1703 4803/2171/1703 4748/2174/1703
f 4799/2252/1705 4788/2253/1705 5297/2171/1705 4797/2254/1705
f 4799/2252/1705 4800/2255/1705 4790/2256/1705 4788/2253/1705
f 4790/2256/1705 4800/2255/1705 4789/2257/1705 4791/2233/1705
f 4805/2171/1711 4835/2172/1711 4848/2173/1711 4653/2174/1711
f 4796/2171/1702 4795/2174/1702 4806/2173/1702 4805/2172/1702
f 4805/2171/1711 4653/2174/1711 4646/2173/1711 4796/2172/1711
f 5315/2171/1714 4811/2325/1714 4809/2326/1714 4808/2233/1714
f 4821/2223/1703 4822/2171/1703 5314/2225/1703 4817/2224/1703
f 4821/2226/1712 4817/2229/1712 4816/2228/1712 4818/2227/1712
f 4821/2226/1714 4818/2227/1714 4819/2231/1714 4820/2230/1714
f 4825/2301/1705 4824/2302/1705 5315/2303/1705 4823/2304/1705
f 4856/2333/1703 4864/2171/1703 4811/2334/1703 4857/2311/1703
f 4813/2174/1703 4820/2248/1703 4812/2247/1703 4814/2246/1703
f 4820/2248/1703 4813/2174/1703 4822/2171/1703 4821/2223/1703
f 4818/2252/1705 4816/2254/1705 4823/2171/1705 5315/2253/1705
f 4818/2252/1705 5315/2253/1705 4808/2256/1705 4819/2255/1705
f 4808/2256/1705 4810/2233/1705 4807/2257/1705 4819/2255/1705
f 4824/2171/1714 4690/2174/1714 4869/2173/1714 4857/2172/1714
f 4767/2171/1702 4824/2172/1702 4825/2173/1702 4815/2174/1702
f 4824/2171/1714 4767/2172/1714 4684/2173/1714 4690/2174/1714
f 4827/2209/1711 4828/2210/1711 4930/2192/1711 5304/2211/1711
f 4927/2338/1703 5304/2339/1703 5303/2340/1703 4931/2341/1703
f 4841/2223/1703 4837/2224/1703 4842/2225/1703 4843/2171/1703
f 4841/2226/1712 4838/2227/1712 4836/2228/1712 4837/2229/1712
f 4841/2226/1711 4840/2230/1711 4839/2231/1711 4838/2227/1711
f 4827/2340/1705 4846/2344/1705 4847/2345/1705 4844/2346/1705
f 4833/2174/1703 4826/2246/1703 4830/2247/1703 4840/2248/1703
f 4840/2248/1703 4841/2223/1703 4843/2171/1703 4833/2174/1703
f 4878/2351/1711 5298/2352/1711 4881/2353/1711 4880/2354/1711
f 4838/2252/1705 4827/2253/1705 4844/2171/1705 4836/2254/1705
f 4838/2252/1705 4839/2255/1705 4828/2256/1705 4827/2253/1705
f 4828/2256/1705 4839/2255/1705 4845/2257/1705 4829/2233/1705
f 4846/2171/1711 4927/2172/1711 4663/2173/1713 4849/2174/1711
f 4835/2171/1702 4834/2174/1702 4847/2173/1702 4846/2172/1702
f 4846/2171/1711 4849/2174/1711 4848/2173/1711 4835/2172/1711
f 4850/2209/1714 5316/2211/1714 4853/2192/1714 4852/2210/1714
f 5228/2355/1711 5243/2356/1711 4868/2357/1711 4865/2358/1711
f 4863/2223/1703 4811/2171/1703 4864/2225/1703 4859/2224/1703
f 4863/2226/1712 4859/2229/1712 4858/2228/1712 4860/2227/1712
f 4863/2226/1714 4860/2227/1714 4861/2231/1714 4862/2230/1714
f 4730/2361/1714 5320/2362/1714 5317/2363/1715 4874/2364/1716
f 4809/2174/1703 4862/2248/1703 4854/2247/1703 4855/2246/1703
f 4862/2248/1703 4809/2174/1703 4811/2171/1703 4863/2223/1703
f 4872/2365/1714 5316/2366/1714 4850/2367/1714 4866/2368/1714
f 4860/2252/1705 4858/2254/1705 4865/2171/1705 4850/2253/1705
f 4860/2252/1705 4850/2253/1705 4852/2256/1705 4861/2255/1705
f 4852/2256/1705 4867/2233/1705 4851/2257/1705 4861/2255/1705
f 4866/2171/1714 4870/2174/1714 4873/2173/1714 4872/2172/1714
f 4857/2171/1702 4866/2172/1702 4868/2173/1702 4856/2174/1702
f 4866/2171/1714 4857/2172/1714 4869/2173/1714 4870/2174/1714
f 5317/2209/1715 5320/2211/1714 4727/2192/1714 4875/2210/1717
f 5298/2209/1711 4879/2210/1711 4709/2192/1711 4881/2211/1711
f 4878/2369/1705 4890/2370/1705 5300/2371/1705 5298/2304/1705
f 4890/2171/1711 4885/2376/1711 5299/2377/1711 5300/2378/1711
f 4879/2390/1705 5298/2391/1705 5300/2392/1705 4889/2393/1705
f 4704/2394/1711 4762/2395/1711 4754/2250/1711 4721/2361/1711
f 5300/2378/1711 5299/2377/1711 4882/2396/1711 4889/2397/1711
f 4894/2402/1702 4891/2403/1708 4895/2404/1729 4896/2405/1702
f 4893/2406/1703 4892/2407/1703 4730/2171/1703 4880/2408/1703
f 4897/2409/1702 4667/2410/1702 4892/2411/1702
f 4771/2333/1703 4779/2171/1703 4726/2334/1703 4772/2311/1703
f 4897/2412/1702 4631/2413/1702 4630/2414/1702
f 4896/2415/1730 4885/2416/1730 4890/2417/1730 4878/2418/1730
f 4914/2438/1712 4911/2439/1712 4909/2440/1712 4910/2171/1712
f 4914/2441/1711 4913/2442/1711 4912/2443/1711 4911/2444/1711
f 4917/2171/1713 4960/2172/1713 4941/2173/1713 4939/2174/1713
f 4908/2452/1702 4907/2453/1702 4918/2454/1702 4917/2455/1702
f 4917/2171/1713 4939/2174/1713 4937/2173/1713 4908/2172/1713
f 4914/2456/1712 4910/2457/1712 4924/2458/1712 4926/2459/1712
f 4908/2171/1713 4937/2174/1713 4935/2468/1713 4923/2469/1713
f 4907/2470/1702 4908/2174/1702 4923/2471/1702 4922/2472/1702
f 4913/2473/1711 4914/2474/1711 4926/2475/1711 4925/2476/1711
f 4827/2479/1711 5304/2304/1711 4927/2480/1711 4846/2481/1711
f 4925/2476/1711 4926/2475/1711 4934/2171/1711 4933/2482/1711
f 4926/2485/1712 4924/2486/1712 4932/2487/1712 4934/2488/1712
f 4923/2489/1713 4935/2490/1713 4663/2491/1713 4927/2492/1711
f 4922/2472/1702 4923/2471/1702 4927/2171/1702 4931/2494/1702
f 4934/2223/1703 4932/2224/1703 5303/2225/1703 5304/2171/1703
f 4960/2495/1705 4975/2496/1705 5306/2497/1705 5305/2498/1705
f 4930/2174/1703 4928/2246/1703 4929/2247/1703 4933/2248/1703
f 4933/2248/1703 4934/2223/1703 5304/2171/1703 4930/2174/1703
f 4665/2499/1702 4663/2500/1702 4935/2501/1702 4936/2502/1702
f 4936/2502/1702 4935/2501/1702 4937/2503/1702 4938/2504/1702
f 4938/2171/1702 4937/2505/1702 4939/2506/1702 4940/2507/1702
f 4938/2512/1711 4940/2513/1711 4947/2514/1711 4946/2515/1711
f 4873/2517/1731 4702/2518/1709 4943/2519/1709 4944/2520/1731
f 4665/2525/1711 4936/2526/1711 4945/2527/1711 4942/2528/1711
f 4936/2526/1711 4938/2529/1711 4946/2530/1711 4945/2527/1711
f 4949/2531/1711 4948/2532/1711 4947/2514/1711 4940/2513/1711
f 4939/2506/1702 4941/2533/1702 4949/2534/1702 4940/2507/1702
f 4986/2440/1712 4996/2539/1712 4997/2540/1712 4984/2439/1712
f 4984/2444/1705 4997/2541/1705 4998/2542/1705 4983/2443/1705
f 4962/2256/1711 4995/2233/1711 4999/2257/1711 4998/2255/1711
f 4997/2252/1711 5305/2253/1711 4962/2256/1711 4998/2255/1711
f 4997/2252/1711 4996/2254/1711 4961/2171/1711 5305/2253/1711
f 4955/2506/1702 4954/2507/1702 4949/2534/1702 4941/2533/1702
f 4949/2531/1705 4954/2513/1705 4950/2514/1705 4948/2532/1705
f 4958/2526/1705 4952/2527/1705 4951/2530/1705 4956/2529/1705
f 4993/2525/1705 4953/2528/1705 4952/2527/1705 4958/2526/1705
f 4956/2512/1705 4951/2515/1705 4950/2514/1705 4954/2513/1705
f 4956/2171/1702 4954/2507/1702 4955/2506/1702 4957/2505/1702
f 4958/2502/1702 4956/2504/1702 4957/2503/1702 4959/2501/1702
f 4993/2499/1702 4958/2502/1702 4959/2501/1702 4994/2500/1702
f 4967/2472/1702 5293/2494/1702 5292/2171/1702 4966/2471/1702
f 4966/2489/1732 5292/2492/1705 4994/2491/1732 4959/2490/1732
f 4963/2485/1712 5289/2488/1712 5288/2487/1712 4965/2486/1712
f 4964/2476/1705 5290/2482/1705 5289/2171/1705 4963/2475/1705
f 4982/2473/1705 4964/2476/1705 4963/2475/1705 4981/2474/1705
f 4972/2252/1705 5305/2253/1705 5306/2171/1705 4971/2254/1705
f 4972/2252/1705 4973/2255/1705 4962/2256/1705 5305/2253/1705
f 4962/2256/1705 4973/2255/1705 4974/2257/1705 4970/2233/1705
f 4911/2444/1711 4912/2443/1711 4973/2542/1711 4972/2541/1711
f 4909/2440/1712 4911/2439/1712 4972/2540/1712 4971/2539/1712
f 4917/2455/1702 4918/2454/1702 4975/2564/1702 4960/2174/1702
f 4988/2470/1702 4967/2472/1702 4966/2471/1702 4987/2174/1702
f 4987/2171/1732 4966/2469/1732 4959/2468/1732 4957/2174/1732
f 4981/2456/1712 4963/2459/1712 4965/2458/1712 4985/2457/1712
f 4978/2171/1733 4987/2172/1732 4957/2173/1732 4955/2174/1733
f 4987/2452/1702 4978/2455/1702 4977/2454/1702 4988/2453/1702
f 4978/2171/1733 4955/2174/1733 4941/2173/1734 4960/2172/1734
f 4981/2441/1705 4984/2444/1705 4983/2443/1705 4982/2442/1705
f 4981/2438/1712 4985/2171/1712 4986/2440/1712 4984/2439/1712
f 4978/2455/1702 4960/2174/1702 5000/2564/1702 4977/2454/1702
f 5008/2171/1714 5006/2172/1714 5007/2173/1714 5009/2174/1714
f 5012/2171/1711 5002/2172/1711 5003/2173/1711 5011/2174/1711
f 5009/2171/1702 5007/2172/1702 5281/2173/1702 5010/2174/1702
f 5004/2175/1702 5009/2176/1702 5010/2177/1702 5005/2178/1702
f 5004/2179/1702 5001/2180/1702 5012/2181/1702 5009/2182/1702
f 5009/2182/1735 5012/2181/1735 5011/2183/1735 5008/2184/1735
f 5018/2171/1714 5016/2172/1714 5017/2173/1714 5019/2174/1714
f 5021/2171/1711 5013/2172/1711 5014/2173/1711 5020/2174/1711
f 5019/2171/1702 5017/2172/1702 5002/2173/1702 5012/2174/1702
f 5015/2175/1702 5019/2176/1702 5012/2177/1702 5001/2178/1702
f 5015/2179/1702 5025/2180/1702 5021/2181/1702 5019/2182/1702
f 5019/2182/1735 5021/2181/1735 5020/2183/1735 5018/2184/1735
f 5028/2171/1714 5026/2172/1714 5027/2173/1714 5029/2174/1714
f 5031/2171/1711 5022/2172/1711 5023/2173/1711 5030/2174/1711
f 5029/2171/1702 5027/2172/1702 5013/2173/1702 5021/2174/1702
f 5024/2175/1702 5029/2176/1702 5021/2177/1702 5025/2178/1702
f 5024/2179/1702 5035/2180/1702 5031/2181/1702 5029/2182/1702
f 5029/2182/1735 5031/2181/1735 5030/2183/1735 5028/2184/1735
f 5038/2171/1714 5036/2172/1714 5037/2173/1714 5039/2174/1714
f 5041/2171/1711 5032/2172/1711 5033/2173/1711 5040/2174/1711
f 5039/2171/1702 5037/2172/1702 5022/2173/1702 5031/2174/1702
f 5034/2175/1702 5039/2176/1702 5031/2177/1702 5035/2178/1702
f 5034/2179/1702 5045/2180/1702 5041/2181/1702 5039/2182/1702
f 5039/2182/1735 5041/2181/1735 5040/2183/1735 5038/2184/1735
f 5048/2171/1714 5046/2172/1714 5047/2173/1714 5049/2174/1714
f 5058/2171/1736 5055/2172/1737 5043/2173/1737 5050/2174/1736
f 5049/2171/1702 5047/2172/1702 5032/2173/1702 5041/2174/1702
f 5044/2175/1702 5049/2176/1702 5041/2177/1702 5045/2178/1702
f 5044/2179/1702 5042/2180/1702 5058/2181/1702 5049/2182/1702
f 5049/2182/1738 5058/2181/1738 5050/2183/1738 5048/2184/1738
f 5056/2171/1714 5054/2172/1714 5096/2173/1714 5057/2174/1714
f 5060/2171/1711 5051/2172/1711 5052/2173/1711 5059/2174/1711
f 5057/2171/1702 5096/2172/1702 5055/2173/1702 5058/2174/1702
f 5053/2175/1702 5057/2176/1702 5058/2177/1702 5042/2178/1702
f 5053/2179/1702 5061/2180/1702 5060/2181/1702 5057/2182/1702
f 5057/2182/1735 5060/2181/1735 5059/2183/1735 5056/2184/1735
f 5063/2176/1702 5062/2568/1702 5051/2569/1702 5060/2177/1702
f 4873/2175/1702 5063/2176/1702 5060/2177/1702 5061/2178/1702
f 5066/2570/1714 5067/2176/1714 5007/2568/1714 5006/2571/1714
f 5070/2572/1711 5069/2573/1711 5003/2574/1711 5002/2575/1711
f 5067/2176/1702 5068/2177/1702 5281/2569/1702 5007/2568/1702
f 5064/2175/1702 5065/2178/1702 5068/2177/1702 5067/2176/1702
f 5064/2179/1702 5067/2182/1702 5070/2181/1702 5071/2180/1702
f 5067/2182/1739 5066/2184/1739 5069/2183/1739 5070/2181/1739
f 5072/2570/1714 5073/2176/1714 5017/2568/1714 5016/2571/1714
f 5075/2572/1711 5074/2573/1711 5014/2574/1711 5013/2575/1711
f 5073/2176/1702 5070/2177/1702 5002/2569/1702 5017/2568/1702
f 5184/2175/1702 5071/2178/1702 5070/2177/1702 5073/2176/1702
f 5184/2179/1702 5073/2182/1702 5075/2181/1702 5076/2180/1702
f 5073/2182/1739 5072/2184/1739 5074/2183/1739 5075/2181/1739
f 5077/2570/1714 5078/2176/1714 5027/2568/1714 5026/2571/1714
f 5080/2572/1711 5079/2573/1711 5023/2574/1711 5022/2575/1711
f 5078/2176/1702 5075/2177/1702 5013/2569/1702 5027/2568/1702
f 5185/2175/1702 5076/2178/1702 5075/2177/1702 5078/2176/1702
f 5185/2179/1702 5078/2182/1702 5080/2181/1702 5082/2180/1702
f 5078/2182/1739 5077/2184/1739 5079/2183/1739 5080/2181/1739
f 5083/2570/1714 5084/2176/1714 5037/2568/1714 5036/2571/1714
f 5086/2572/1711 5085/2573/1711 5033/2574/1711 5032/2575/1711
f 5084/2176/1702 5080/2177/1702 5022/2569/1702 5037/2568/1702
f 5081/2175/1702 5082/2178/1702 5080/2177/1702 5084/2176/1702
f 5081/2179/1702 5084/2182/1702 5086/2181/1702 5088/2180/1702
f 5084/2182/1739 5083/2184/1739 5085/2183/1739 5086/2181/1739
f 5089/2570/1714 5090/2176/1714 5047/2568/1714 5046/2571/1714
f 5092/2572/1740 5091/2573/1740 5043/2574/1737 5055/2575/1737
f 5090/2176/1702 5086/2177/1702 5032/2569/1702 5047/2568/1702
f 5087/2175/1702 5088/2178/1702 5086/2177/1702 5090/2176/1702
f 5087/2179/1702 5090/2182/1702 5092/2181/1702 5095/2180/1702
f 5090/2182/1739 5089/2184/1739 5091/2183/1739 5092/2181/1739
f 5097/2570/1714 5098/2176/1714 5096/2568/1714 5054/2571/1714
f 5100/2572/1711 5099/2573/1711 5052/2574/1711 5051/2575/1711
f 5098/2176/1702 5092/2177/1702 5055/2569/1702 5096/2568/1702
f 5094/2175/1702 5095/2178/1702 5092/2177/1702 5098/2176/1702
f 5094/2179/1702 5098/2182/1702 5100/2181/1702 5093/2180/1702
f 5098/2182/1739 5097/2184/1739 5099/2183/1739 5100/2181/1739
f 4993/2176/1702 5100/2177/1702 5051/2569/1702 5062/2568/1702
f 4994/2175/1702 5093/2178/1702 5100/2177/1702 4993/2176/1702
f 5102/2209/1703 5104/2210/1703 5148/2192/1703 5159/2211/1703
f 5273/2580/1714 5274/2581/1714 5116/2582/1714 5109/2583/1714
f 5115/2223/1714 5111/2224/1714 5116/2225/1714 5274/2171/1714
f 5115/2226/1712 5112/2227/1712 5110/2228/1712 5111/2229/1712
f 5115/2226/1703 5114/2230/1703 5113/2231/1703 5112/2227/1703
f 5102/2304/1711 5119/2588/1711 5120/2589/1711 5118/2590/1711
f 5194/2591/1714 5202/2592/1714 5201/2593/1714 5193/2594/1714
f 5107/2174/1714 5108/2246/1714 5117/2247/1714 5114/2248/1714
f 5114/2248/1714 5115/2223/1714 5274/2171/1714 5107/2174/1714
f 5142/2595/1703 5202/2233/1703 5194/2596/1703 5162/2597/1703
f 5112/2252/1711 5102/2253/1711 5118/2171/1711 5110/2254/1711
f 5112/2252/1711 5113/2255/1711 5104/2256/1711 5102/2253/1711
f 5104/2256/1711 5113/2255/1711 5103/2257/1711 5105/2233/1711
f 5119/2171/1703 5151/2172/1703 5015/2173/1741 5121/2174/1703
f 5273/2171/1702 5109/2174/1702 5120/2173/1702 5119/2172/1702
f 5119/2171/1703 5121/2174/1703 5277/2173/1703 5273/2172/1703
f 5124/2209/1705 5123/2211/1705 5167/2192/1705 5122/2210/1705
f 5137/2598/1705 5170/2599/1705 5123/2246/1705 5124/2600/1705
f 5134/2223/1714 5311/2171/1714 5309/2225/1714 5130/2224/1714
f 5134/2226/1712 5130/2229/1712 5129/2228/1712 5131/2227/1712
f 5134/2226/1705 5131/2227/1705 5132/2231/1705 5133/2230/1705
f 5128/2598/1714 5127/2599/1714 5309/2246/1714 5311/2600/1714
f 5125/2174/1714 5133/2248/1714 5135/2247/1714 5126/2246/1714
f 5133/2248/1714 5125/2174/1714 5311/2171/1714 5134/2223/1714
f 5124/2192/1711 5140/2233/1711 5139/2171/1711 5137/2211/1711
f 5131/2252/1711 5129/2254/1711 5140/2171/1711 5124/2253/1711
f 5131/2252/1711 5124/2253/1711 5122/2256/1711 5132/2255/1711
f 5122/2256/1711 5138/2233/1711 5136/2257/1711 5132/2255/1711
f 5137/2171/1705 5141/2174/1705 5184/2173/1705 5170/2172/1705
f 5128/2171/1702 5137/2172/1702 5139/2173/1702 5127/2174/1702
f 5137/2171/1705 5128/2172/1705 5276/2173/1705 5141/2174/1705
f 5142/2209/1703 5144/2210/1703 5145/2192/1703 5202/2211/1703
f 5151/2611/1714 5159/2612/1714 5158/2233/1714 5150/2613/1714
f 5157/2223/1714 5153/2224/1714 5158/2225/1714 5159/2171/1714
f 5157/2226/1712 5154/2227/1712 5152/2228/1712 5153/2229/1712
f 5157/2226/1703 5156/2230/1703 5155/2231/1703 5154/2227/1703
f 5142/2618/1711 5162/2619/1711 5163/2620/1711 5161/2621/1711
f 5148/2174/1714 5149/2246/1714 5160/2247/1714 5156/2248/1714
f 5156/2248/1714 5157/2223/1714 5159/2171/1714 5148/2174/1714
f 5186/2590/1703 5242/2304/1703 5235/2624/1703 5205/2625/1703
f 5154/2252/1711 5142/2253/1711 5161/2171/1711 5152/2254/1711
f 5154/2252/1711 5155/2255/1711 5144/2256/1711 5142/2253/1711
f 5144/2256/1711 5155/2255/1711 5143/2257/1711 5146/2233/1711
f 5162/2171/1703 5194/2172/1703 5035/2173/1703 5024/2174/1741
f 5151/2171/1702 5150/2174/1702 5163/2173/1702 5162/2172/1702
f 5162/2171/1703 5024/2174/1741 5015/2173/1741 5151/2172/1703
f 5166/2209/1705 5312/2211/1705 5214/2192/1705 5165/2210/1705
f 5180/2598/1705 5164/2599/1705 5312/2246/1705 5166/2600/1705
f 5176/2223/1714 5123/2171/1714 5177/2225/1714 5172/2224/1714
f 5176/2226/1712 5172/2229/1712 5171/2228/1712 5173/2227/1712
f 5176/2226/1705 5173/2227/1705 5174/2231/1705 5175/2230/1705
f 5170/2598/1714 5169/2599/1714 5177/2246/1714 5123/2600/1714
f 5167/2174/1714 5175/2248/1714 5178/2247/1714 5168/2246/1714
f 5175/2248/1714 5167/2174/1714 5123/2171/1714 5176/2223/1714
f 5166/2192/1711 5183/2233/1711 5182/2171/1711 5180/2211/1711
f 5173/2252/1711 5171/2254/1711 5183/2171/1711 5166/2253/1711
f 5173/2252/1711 5166/2253/1711 5165/2256/1711 5174/2255/1711
f 5165/2256/1711 5181/2233/1711 5179/2257/1711 5174/2255/1711
f 5180/2171/1705 5185/2174/1705 5082/2173/1705 5164/2172/1705
f 5170/2171/1702 5180/2172/1702 5182/2173/1702 5169/2174/1702
f 5180/2171/1705 5170/2172/1705 5184/2173/1705 5185/2174/1705
f 5186/2209/1703 5188/2210/1703 5233/2192/1703 5242/2211/1703
f 5200/2223/1714 5196/2224/1714 5201/2225/1714 5202/2171/1714
f 5200/2226/1712 5197/2227/1712 5195/2228/1712 5196/2229/1712
f 5200/2226/1703 5199/2230/1703 5198/2231/1703 5197/2227/1703
f 5186/2642/1711 5205/2643/1711 5206/2644/1711 5204/2645/1711
f 5235/2646/1714 5242/2647/1714 5241/2340/1714 5234/2171/1714
f 5145/2174/1714 5192/2246/1714 5203/2247/1714 5199/2248/1714
f 5199/2248/1714 5200/2223/1714 5202/2171/1714 5145/2174/1714
f 5271/2648/1703 5275/2649/1703 5274/2282/1703 5273/2583/1703
f 5197/2252/1711 5186/2253/1711 5204/2171/1711 5195/2254/1711
f 5197/2252/1711 5198/2255/1711 5188/2256/1711 5186/2253/1711
f 5188/2256/1711 5198/2255/1711 5187/2257/1711 5189/2233/1711
f 5205/2171/1703 5235/2172/1703 5244/2173/1703 5045/2174/1703
f 5194/2171/1702 5193/2174/1702 5206/2173/1702 5205/2172/1702
f 5205/2171/1703 5045/2174/1703 5035/2173/1703 5194/2172/1703
f 5212/2209/1705 5211/2211/1705 5209/2192/1705 5208/2210/1705
f 5224/2598/1705 5252/2599/1705 5211/2246/1705 5212/2600/1705
f 5222/2223/1714 5312/2171/1714 5223/2225/1714 5218/2224/1714
f 5222/2226/1712 5218/2229/1712 5217/2228/1712 5219/2227/1712
f 5222/2226/1705 5219/2227/1705 5220/2231/1705 5221/2230/1705
f 5164/2598/1714 5216/2599/1714 5223/2246/1714 5312/2600/1714
f 5214/2174/1714 5221/2248/1714 5213/2247/1714 5215/2246/1714
f 5221/2248/1714 5214/2174/1714 5312/2171/1714 5222/2223/1714
f 5212/2192/1711 5226/2233/1711 5225/2171/1711 5224/2211/1711
f 5219/2252/1711 5217/2254/1711 5226/2171/1711 5212/2253/1711
f 5219/2252/1711 5212/2253/1711 5208/2256/1711 5220/2255/1711
f 5208/2256/1711 5210/2233/1711 5207/2257/1711 5220/2255/1711
f 5224/2171/1705 5088/2174/1705 5264/2173/1705 5252/2172/1705
f 5164/2171/1702 5224/2172/1702 5225/2173/1702 5216/2174/1702
f 5224/2171/1705 5164/2172/1705 5082/2173/1705 5088/2174/1705
f 5228/2209/1703 5229/2210/1703 4853/2192/1703 5316/2211/1703
f 5240/2223/1714 5236/2224/1714 5241/2225/1714 5242/2171/1714
f 5240/2226/1712 5237/2227/1712 4858/2228/1712 5236/2229/1712
f 5240/2226/1703 5239/2230/1703 5238/2231/1703 5237/2227/1703
f 4868/2664/1705 4866/2665/1705 4850/2666/1705 4865/2233/1705
f 5233/2174/1714 5227/2246/1714 5230/2247/1714 5239/2248/1714
f 5239/2248/1714 5240/2223/1714 5242/2171/1714 5233/2174/1714
f 5228/2669/1703 5316/2670/1703 4872/2671/1703 5243/2672/1703
f 5237/2252/1711 5228/2253/1711 4865/2171/1711 4858/2254/1711
f 5237/2252/1711 5238/2255/1711 5229/2256/1711 5228/2253/1711
f 5229/2256/1711 5238/2255/1711 4851/2257/1711 4867/2233/1711
f 5243/2171/1703 4872/2172/1703 4873/2173/1703 5245/2174/1703
f 5235/2171/1702 5234/2174/1702 4868/2173/1702 5243/2172/1702
f 5243/2171/1703 5245/2174/1703 5244/2173/1703 5235/2172/1703
f 5248/2209/1705 5287/2211/1705 5285/2192/1705 5247/2210/1705
f 5260/2598/1705 5292/2599/1705 5287/2246/1705 5248/2600/1705
f 5258/2223/1714 5211/2171/1714 5259/2225/1714 5254/2224/1714
f 5258/2226/1712 5254/2229/1712 5253/2228/1712 5255/2227/1712
f 5258/2226/1705 5255/2227/1705 5256/2231/1705 5257/2230/1705
f 5252/2598/1714 5251/2599/1714 5259/2246/1714 5211/2600/1714
f 5209/2174/1714 5257/2248/1714 5249/2247/1714 5250/2246/1714
f 5257/2248/1714 5209/2174/1714 5211/2171/1714 5258/2223/1714
f 5248/2192/1711 5263/2233/1711 5262/2171/1711 5260/2211/1711
f 5255/2252/1711 5253/2254/1711 5263/2171/1711 5248/2253/1711
f 5255/2252/1711 5248/2253/1711 5247/2256/1711 5256/2255/1711
f 5247/2256/1711 5261/2233/1711 5246/2257/1711 5256/2255/1711
f 5260/2171/1705 5265/2174/1705 4994/2173/1732 5292/2172/1705
f 5252/2171/1702 5260/2172/1702 5262/2173/1702 5251/2174/1702
f 5260/2171/1705 5252/2172/1705 5264/2173/1705 5265/2174/1705
f 5310/2209/1705 5311/2211/1705 5125/2192/1705 5268/2210/1705
f 5267/2598/1705 5128/2599/1705 5311/2246/1705 5310/2600/1705
f 5275/2209/1703 5272/2210/1703 5107/2192/1703 5274/2211/1703
f 5102/2683/1703 5159/2684/1703 5151/2685/1703 5119/2686/1703
f 5278/2687/1714 5276/2407/1714 5128/2171/1714 5279/2688/1714
f 5279/2689/1702 5128/2206/1702 5267/2207/1702 5280/2690/1702
f 5273/2205/1702 5279/2689/1702 5280/2690/1702 5271/2208/1702
f 5277/2406/1714 5278/2687/1714 5279/2688/1714 5273/2408/1714
f 5276/2411/1702 5278/2691/1702 5281/2409/1702 5065/2410/1702
f 5278/2691/1702 5277/2692/1702 5005/2693/1702 5281/2409/1702
f 4994/2517/1742 4993/2518/1742 4953/2519/1742 5284/2520/1742
f 4993/2518/1714 5062/2694/1714 5282/2695/1714 4953/2519/1714
f 5062/2174/1714 5063/2696/1743 5283/2697/1743 5282/2698/1714
f 5287/2192/1714 5292/2211/1714 5293/2171/1714 5294/2233/1714
f 5289/2252/1714 5287/2253/1714 5294/2171/1714 5288/2254/1714
f 5289/2252/1714 5290/2255/1714 5285/2256/1714 5287/2253/1714
f 5285/2256/1714 5290/2255/1714 5291/2257/1714 5286/2233/1714
f 5063/2696/1743 4873/2699/1744 4944/2700/1744 5283/2697/1743
f 4960/2720/1711 5305/2721/1711 4961/2722/1711 5000/2723/1711
f 4772/2728/1714 4726/2729/1714 4724/2730/1714 4741/2731/1714
f 5318/2398/1725 5322/2732/1745 5321/2733/1746 5319/2399/1726
f 4895/2734/1729 4891/2735/1708 5321/2736/1747 5322/2737/1748
f 5319/2738/1749 5321/2171/1750 4874/2739/1751 5317/2740/1752
f 4875/2741/1753 4886/2742/1754 5319/2738/1749 5317/2743/1752
f 4672/2171/1705 4671/2172/1705 4632/2173/1705 4633/2174/1705
f 4892/2411/1702 4893/2692/1702 4897/2409/1702
f 4893/2692/1702 4628/2693/1702 4897/2409/1702
f 4630/2414/1702 4669/2744/1702 4897/2412/1702
f 4669/2744/1702 4670/2745/1702 4897/2412/1702
usemtl wall_with_bottom
f 4942/2521/1702 5295/2522/1702 4944/2523/1702 4943/2524/1702
f 5008/2171/1702 5011/2172/1702 5003/2173/1702 5006/2174/1702
f 5018/2171/1702 5020/2172/1702 5014/2173/1702 5016/2174/1702
f 5028/2171/1702 5030/2172/1702 5023/2173/1702 5026/2174/1702
f 5038/2171/1702 5040/2172/1702 5033/2173/1702 5036/2174/1702
f 5048/2171/1702 5050/2172/1702 5043/2173/1702 5046/2174/1702
f 5056/2171/1702 5059/2172/1702 5052/2173/1702 5054/2174/1702
f 5066/2576/1702 5006/2577/1702 5003/2578/1702 5069/2579/1702
f 5072/2576/1702 5016/2577/1702 5014/2578/1702 5074/2579/1702
f 5077/2576/1702 5026/2577/1702 5023/2578/1702 5079/2579/1702
f 5083/2576/1702 5036/2577/1702 5033/2578/1702 5085/2579/1702
f 5089/2576/1702 5046/2577/1702 5043/2578/1702 5091/2579/1702
f 5097/2576/1702 5054/2577/1702 5052/2578/1702 5099/2579/1702
f 4952/2701/1702 4953/2702/1702 5295/2703/1702 4951/2704/1702
f 4947/2705/1702 4948/2706/1702 5295/2707/1702 4946/2708/1702
f 4942/2709/1702 4945/2710/1702 4946/2708/1702 5295/2707/1702
f 4944/2711/1702 5295/2712/1702 5282/2713/1702 5283/2714/1702
f 5295/2703/1702 4948/2715/1702 4950/2716/1702 4951/2704/1702
f 4953/2717/1702 5282/2713/1702 5295/2712/1702
usemtl tech_tile
f 4703/2219/1712 4751/2220/1712 4706/2221/1712 4708/2222/1712
f 4709/2220/1712 4877/2219/1712 4708/2232/1712 4706/2233/1712
f 4709/2234/1712 4706/2235/1712 4707/2236/1712 4710/2237/1712
f 4703/2219/1712 4708/2222/1712 4725/2221/1712 4769/2220/1712
f 4727/2220/1712 4725/2233/1712 4708/2232/1712 4877/2219/1712
f 4727/2234/1712 4728/2237/1712 4742/2236/1712 4725/2235/1712
f 4792/2219/1712 4748/2220/1712 4747/2221/1712 4750/2222/1712
f 4751/2220/1712 4703/2219/1712 4750/2232/1712 4747/2233/1712
f 4751/2234/1712 4747/2235/1712 4749/2236/1712 4752/2237/1712
f 4792/2219/1712 4750/2222/1712 4768/2221/1712 4813/2220/1712
f 4769/2220/1712 4768/2233/1712 4750/2232/1712 4703/2219/1712
f 4769/2234/1712 4770/2237/1712 4784/2236/1712 4768/2235/1712
f 4831/2219/1712 4833/2220/1712 4790/2221/1712 4793/2222/1712
f 4748/2220/1712 4792/2219/1712 4793/2232/1712 4790/2233/1712
f 4748/2234/1712 4790/2235/1712 4791/2236/1712 4794/2237/1712
f 4831/2219/1712 4793/2222/1712 4808/2221/1712 4809/2220/1712
f 4813/2220/1712 4808/2233/1712 4793/2232/1712 4792/2219/1712
f 4813/2234/1712 4814/2237/1712 4810/2236/1712 4808/2235/1712
f 4833/2220/1712 4831/2219/1712 4832/2232/1712 4828/2233/1712
f 4833/2234/1712 4828/2235/1712 4829/2236/1712 4826/2237/1712
f 4809/2220/1712 4852/2233/1712 4832/2232/1712 4831/2219/1712
f 4809/2234/1712 4855/2237/1712 4867/2236/1712 4852/2235/1712
f 4877/2219/1712 4876/2222/1718 4875/2221/1719 4727/2220/1712
f 4877/2219/1712 4709/2220/1712 4879/2221/1720 4876/2222/1718
f 4899/2419/1712 4921/2420/1712 4930/2421/1712 4871/2422/1712
f 5266/2423/1712 5285/2424/1712 4901/2425/1712 4900/2426/1712
f 4901/2427/1712 4903/2428/1712 4898/2429/1712 4900/2430/1712
f 4921/2420/1712 4899/2419/1712 4900/2431/1712 4898/2432/1712
f 4903/2428/1712 4901/2427/1712 4902/2433/1712 4962/2392/1712
f 4898/2445/1712 4903/2446/1712 4905/2447/1712 4904/2171/1712
f 4962/2256/1712 4970/2233/1712 4905/2447/1712 4903/2446/1712
f 4898/2464/1712 4904/2174/1712 4919/2465/1712 4921/2466/1712
f 4921/2466/1712 4919/2465/1712 4928/2477/1712 4930/2478/1712
f 5266/2171/1712 4900/2508/1712 4899/2509/1712 4853/2510/1712
f 4853/2510/1712 4899/2509/1712 4871/2511/1712
f 4901/2425/1712 5285/2424/1712 4902/2516/1712
f 4968/2466/1712 5285/2478/1712 5286/2477/1712 4976/2465/1712
f 4902/2464/1712 4968/2466/1712 4976/2465/1712 4991/2174/1712
f 4962/2256/1712 4992/2446/1712 4990/2447/1712 4995/2233/1712
f 4902/2445/1712 4991/2171/1712 4990/2447/1712 4992/2446/1712
f 5101/2219/1712 5148/2220/1712 5104/2221/1712 5106/2222/1712
f 5107/2220/1712 5270/2219/1712 5106/2232/1712 5104/2233/1712
f 5107/2234/1712 5104/2235/1712 5105/2236/1712 5108/2237/1712
f 5101/2219/1712 5106/2222/1712 5122/2221/1712 5167/2220/1712
f 5125/2220/1712 5122/2233/1712 5106/2232/1712 5270/2219/1712
f 5125/2234/1712 5126/2237/1712 5138/2236/1712 5122/2235/1712
f 5190/2219/1712 5145/2220/1712 5144/2221/1712 5147/2222/1712
f 5148/2220/1712 5101/2219/1712 5147/2232/1712 5144/2233/1712
f 5148/2234/1712 5144/2235/1712 5146/2236/1712 5149/2237/1712
f 5190/2219/1712 5147/2222/1712 5165/2221/1712 5214/2220/1712
f 5167/2220/1712 5165/2233/1712 5147/2232/1712 5101/2219/1712
f 5167/2234/1712 5168/2237/1712 5181/2236/1712 5165/2235/1712
f 5231/2219/1712 5233/2220/1712 5188/2221/1712 5191/2222/1712
f 5145/2220/1712 5190/2219/1712 5191/2232/1712 5188/2233/1712
f 5145/2234/1712 5188/2235/1712 5189/2236/1712 5192/2237/1712
f 5231/2219/1712 5191/2222/1712 5208/2221/1712 5209/2220/1712
f 5214/2220/1712 5208/2233/1712 5191/2232/1712 5190/2219/1712
f 5214/2234/1712 5215/2237/1712 5210/2236/1712 5208/2235/1712
f 5233/2220/1712 5231/2219/1712 5232/2232/1712 5229/2233/1712
f 5233/2234/1712 5229/2235/1712 4867/2236/1712 5227/2237/1712
f 5209/2220/1712 5247/2233/1712 5232/2232/1712 5231/2219/1712
f 5209/2234/1712 5250/2237/1712 5261/2236/1712 5247/2235/1712
f 5270/2219/1712 5269/2222/1712 5268/2221/1712 5125/2220/1712
f 5270/2219/1712 5107/2220/1712 5272/2221/1712 5269/2222/1712
usemtl yellow_tech
f 4719/2215/1711 4710/2216/1711 4707/2217/1711 4705/2218/1711
f 4713/2238/1711 4712/2239/1711 4720/2240/1711 4718/2241/1711
f 4738/2215/1714 4740/2218/1714 4742/2217/1714 4728/2216/1714
f 4732/2264/1714 4737/2265/1714 4739/2266/1714 4731/2267/1714
f 4743/2272/1714 4739/2266/1714 4737/2265/1714 4729/2273/1714
f 4763/2215/1711 4752/2216/1711 4749/2217/1711 4746/2218/1711
f 4756/2278/1711 4755/2279/1711 4764/2280/1711 4761/2281/1711
f 4753/2285/1711 4761/2281/1711 4764/2280/1711 4766/2286/1711
f 4785/2295/1714 4781/2296/1714 4779/2297/1714 4771/2298/1714
f 4780/2215/1714 4782/2218/1714 4784/2217/1714 4770/2216/1714
f 4774/2299/1714 4779/2297/1714 4781/2296/1714 4773/2300/1714
f 4795/2312/1711 5296/2313/1711 5297/2314/1711 4806/2239/1711
f 4804/2215/1711 4794/2216/1711 4791/2217/1711 4789/2218/1711
f 4798/2315/1711 4797/2316/1711 5297/2314/1711 5296/2313/1711
f 4834/2321/1711 4842/2322/1711 4844/2323/1711 4847/2324/1711
f 4825/2327/1714 4823/2328/1714 5314/2329/1714 4815/2330/1714
f 4812/2215/1714 4807/2218/1714 4810/2217/1714 4814/2216/1714
f 4817/2331/1714 5314/2329/1714 4823/2328/1714 4816/2332/1714
f 4868/2273/1714 4865/2335/1714 4864/2336/1714 4856/2337/1714
f 4830/2215/1711 4826/2216/1711 4829/2217/1711 4845/2218/1711
f 4837/2342/1711 4836/2343/1711 4844/2323/1711 4842/2322/1711
f 4907/2347/1711 5301/2348/1711 4915/2349/1711 4918/2350/1711
f 4854/2215/1714 4851/2218/1714 4867/2217/1714 4855/2216/1714
f 4859/2359/1714 4864/2336/1714 4865/2335/1714 4858/2360/1714
f 4906/2434/1711 4904/2435/1711 4905/2436/1711 4916/2437/1711
f 4910/2448/1711 4909/2449/1711 4915/2349/1711 5301/2348/1711
f 5301/2348/1711 4907/2347/1711 4922/2450/1711 5302/2451/1711
f 4904/2435/1711 4906/2434/1711 4920/2460/1711 4919/2461/1711
f 4922/2450/1711 4931/2462/1711 5303/2463/1711 5302/2451/1711
f 4910/2448/1711 5301/2348/1711 5302/2451/1711 4924/2467/1711
f 4919/2461/1711 4920/2460/1711 4929/2483/1711 4928/2484/1711
f 4924/2467/1711 5302/2451/1711 5303/2463/1711 4932/2493/1711
f 5308/2535/1705 4961/2536/1705 4996/2537/1705 4986/2538/1705
f 4979/2543/1705 4999/2544/1705 4995/2545/1705 4990/2546/1705
f 4965/2547/1705 5288/2548/1705 5294/2549/1705 5307/2550/1705
f 5307/2550/1705 4967/2551/1705 4988/2552/1705 4980/2553/1705
f 4976/2554/1705 5286/2555/1705 5291/2556/1705 4969/2557/1705
f 4988/2552/1705 4977/2558/1705 5308/2535/1705 4980/2553/1705
f 4918/2350/1711 4915/2349/1711 5306/2559/1711 4975/2560/1711
f 4916/2437/1711 4905/2436/1711 4970/2561/1711 4974/2562/1711
f 4915/2349/1711 4909/2449/1711 4971/2563/1711 5306/2559/1711
f 4985/2565/1705 4965/2547/1705 5307/2550/1705 4980/2553/1705
f 4991/2566/1705 4976/2554/1705 4969/2557/1705 4989/2567/1705
f 4985/2565/1705 4980/2553/1705 5308/2535/1705 4986/2538/1705
f 4989/2567/1705 4979/2543/1705 4990/2546/1705 4991/2566/1705
f 5117/2215/1703 5108/2216/1703 5105/2217/1703 5103/2218/1703
f 5111/2584/1703 5110/2585/1703 5118/2586/1703 5116/2587/1703
f 5135/2601/1705 5136/2602/1705 5138/2603/1705 5126/2604/1705
f 5130/2605/1705 5309/2606/1705 5140/2607/1705 5129/2608/1705
f 5127/2609/1705 5139/2610/1705 5140/2607/1705 5309/2606/1705
f 5160/2215/1703 5149/2216/1703 5146/2217/1703 5143/2218/1703
f 5153/2614/1703 5152/2615/1703 5161/2616/1703 5158/2617/1703
f 5150/2622/1703 5158/2617/1703 5161/2616/1703 5163/2623/1703
f 5178/2626/1705 5179/2627/1705 5181/2628/1705 5168/2629/1705
f 5172/2630/1705 5177/2631/1705 5183/2632/1705 5171/2633/1705
f 5169/2634/1705 5182/2635/1705 5183/2632/1705 5177/2631/1705
f 5193/2636/1703 5201/2637/1703 5204/2638/1703 5206/2639/1703
f 5203/2215/1703 5192/2216/1703 5189/2217/1703 5187/2218/1703
f 5196/2640/1703 5195/2641/1703 5204/2638/1703 5201/2637/1703
f 5213/2650/1705 5207/2651/1705 5210/2652/1705 5215/2653/1705
f 5218/2654/1705 5223/2655/1705 5226/2656/1705 5217/2657/1705
f 5216/2658/1705 5225/2659/1705 5226/2656/1705 5223/2655/1705
f 5230/2215/1703 5227/2216/1703 4867/2217/1703 4851/2218/1703
f 5236/2660/1703 4858/2661/1703 4865/2662/1703 5241/2663/1703
f 5234/2667/1703 5241/2663/1703 4865/2662/1703 4868/2668/1703
f 5249/2673/1705 5246/2674/1705 5261/2675/1705 5250/2676/1705
f 5254/2677/1705 5259/2678/1705 5263/2679/1705 5253/2680/1705
f 5251/2681/1705 5262/2682/1705 5263/2679/1705 5259/2678/1705
f 4977/2558/1705 5000/2718/1705 4961/2536/1705 5308/2535/1705
f 5307/2550/1705 5294/2549/1705 5293/2719/1705 4967/2551/1705
f 4711/2724/1711 4718/2241/1711 4720/2240/1711 4722/2725/1711
f 5109/2726/1703 5116/2587/1703 5118/2586/1703 5120/2727/1703
usemtl floor
f 4871/2219/1712 4930/2220/1712 4828/2221/1712 4832/2222/1712
f 4871/2219/1712 4832/2222/1712 4852/2221/1712 4853/2220/1712
f 4876/2372/1718 4879/2373/1720 4888/2374/1721 4884/2375/1721
f 4887/2379/1722 4875/2380/1719 4876/2381/1718 4884/2382/1721
f 4883/2383/1723 4886/2384/1724 4875/2385/1719 4887/2386/1722
f 4889/2171/1721 4882/2387/1721 4888/2388/1721 4879/2389/1720
f 5318/2398/1725 5319/2399/1726 4886/2400/1727 4883/2401/1728
f 5266/2219/1712 4853/2220/1712 5229/2221/1712 5232/2222/1712
f 5266/2219/1712 5232/2222/1712 5247/2221/1712 5285/2220/1712
usemtl wall_with_sides
f 4668/2167/1702 4629/2168/1702 4632/2169/1702 4671/2170/1702
f 4674/2185/1702 4635/2186/1702 4637/2187/1702 4676/2188/1702
f 4679/2189/1702 4641/2190/1702 4643/2191/1702 4681/2192/1702
f 4685/2193/1702 4647/2194/1702 4649/2195/1702 4687/2196/1702
f 4691/2197/1702 4654/2198/1702 4656/2199/1702 4693/2200/1702
f 4698/2201/1702 4658/2202/1702 4661/2203/1702 4700/2204/1702
o occluders
v -1.404329 7.999357 -15.134911 0.1110 0.0811 0.0807
v 2.164148 7.999357 -15.134911 0.8078 0.6399 0.6367
v -1.404329 11.660018 -15.134911 0.0646 0.0410 0.0402
v 2.164148 11.660018 -15.134911 0.2751 0.2202 0.2196
v -1.404329 7.999357 -10.082009 0.0021 0.0001 0.0000
v 2.164147 7.999357 -10.082009 0.1309 0.0896 0.0970
v -1.404329 11.660018 -10.082009 0.0019 0.0001 0.0002
v 2.164147 11.660018 -10.082009 0.0718 0.0502 0.0573
v 2.164147 7.999357 -11.796811 0.2873 0.2187 0.2205
v 2.164147 11.660018 -11.796811 0.2102 0.1691 0.1797
v 2.164147 7.999357 -12.971233 0.4624 0.3739 0.3733
v 2.164147 11.660018 -12.971233 0.2665 0.2196 0.2248
v 7.057769 9.097213 -13.886312 0.3764 0.2010 0.1843
v 7.057769 9.097213 -18.534805 0.4499 0.3079 0.2998
v 7.057769 12.757875 -13.886312 0.2094 0.1604 0.1599
v 7.057769 12.757875 -18.534805 0.2621 0.1898 0.1873
v 7.057769 10.680758 -13.886312 0.3223 0.2490 0.2833
v 7.057769 12.757875 -13.886312 0.2094 0.1604 0.1599
v 7.057769 10.680758 -12.312520 0.1896 0.1513 0.1583
v 7.057769 12.757875 -12.312520 0.1961 0.1600 0.1630
v 7.228974 9.097213 -13.886312 0.1579 0.1234 0.1355
v 7.228974 9.097213 -18.534805 0.2514 0.2034 0.0571
v 7.228974 12.757875 -13.886312 0.2167 0.2129 0.2493
v 7.228974 12.757875 -18.534805 0.2121 0.1738 0.0619
v 7.228974 10.680758 -13.886312 0.2011 0.1940 0.2432
v 7.228974 12.757875 -13.886312 0.2167 0.2129 0.2493
v 7.228974 10.680758 -12.312520 0.2678 0.2608 0.3114
v 7.228974 12.757875 -12.312520 0.2402 0.2426 0.2897
vn -0.0000 -0.0000 -1.0000
vn -1.0000 -0.0000 -0.0000
vn -0.0000 -0.0000 1.0000
vn -0.0000 1.0000 -0.0000
vn 1.0000 -0.0000 -0.0000
vt 0.000000 0.000000
vt 0.000000 1.000000
vt 1.000000 1.000000
vt 1.000000 0.000000
s 0
usemtl occluder
f 5323/2746/1755 5325/2747/1755 5326/2748/1755 5324/2749/1755
f 5323/2746/1756 5327/2746/1756 5329/2747/1756 5325/2747/1756
f 5329/2747/1757 5327/2746/1757 5328/2749/1757 5330/2748/1757
f 5326/2748/1758 5325/2747/1758 5329/2747/1758 5330/2748/1758
f 5330/2748/1759 5328/2749/1759 5331/2749/1759 5332/2748/1759
f 5324/2749/1759 5326/2748/1759 5334/2748/1759 5333/2749/1759
f 5335/2746/1756 5337/2747/1756 5338/2748/1756 5336/2749/1756
f 5339/2746/1756 5341/2746/1756 5342/2746/1756 5340/2746/1756
f 5343/2746/1759 5344/2749/1759 5346/2748/1759 5345/2747/1759
f 5347/2746/1759 5348/2746/1759 5350/2746/1759 5349/2746/1759
